image_name,baseline_angle,baseline_stability,top_margin,avg_line_spacing,line_spacing_variance,avg_word_spacing,word_spacing_variance,avg_letter_height,avg_letter_width,letter_size_variance,avg_slant_angle,slant_consistency,avg_pressure,pressure_variance
0052-1.tif,0.0,187.7433115197667,0.0,0.07538461538461538,7.357001972386588e-05,0.0,0.0,0.019166666666666665,0.0153125,7.465277777777778e-10,-24.18950457249757,10.827088095603475,0.017629021871482905,0.00537742624348302
0052-2.tif,0.0,145.63305824681768,0.0,0.100625,0.002355512152777778,0.0,0.0,0.025416666666666667,0.015625,2.83203125e-10,-14.639782851251152,9.426852082035985,0.010470951086797794,0.003401992725261693
0052-3.tif,0.0,175.21145954404795,0.0,0.08590909090909091,0.0003032139577594123,0.0,0.0,0.024583333333333332,0.01375,2.7265082465277776e-09,1.1891542917079176,3.2393024236100127,0.016039302378714117,0.0049561901196289405
0052-4.tif,0.0,147.27835407909376,0.0,0.1,0.0016715277777777779,0.0,0.0,0.024333333333333332,0.014750000000000001,3.5173611111111114e-10,-39.42335792144957,13.849699021428089,0.009720686744593835,0.0031521301639617773
0052-6.tif,0.0,173.46397320481276,0.0,0.08181818181818182,0.00017093663911845727,0.0,0.0,0.027083333333333334,0.0140625,7.425371334876544e-09,-20.155356118553158,9.21086837841736,0.010244719324914492,0.0032748001105929363
0053-1.tif,0.0,165.42628015725515,0.0,0.07787878787878788,0.0003909550045913682,0.0,0.0,0.024814814814814814,0.010416666666666668,7.196287722908092e-10,9.585858709651017,7.773455200819915,0.012772145775134932,0.0038034568720719305
0053-2.tif,0.0,166.54719133671622,0.0,0.0915,0.000612472222222222,0.0,0.0,0.02638888888888889,0.010833333333333332,1.131317515432099e-08,-15.393201165272004,8.766172663675995,0.007817831340535411,0.0023436817904716935
0053-3.tif,0.0,188.16692828286344,0.0,0.08263888888888889,0.0002886381172839506,0.0,0.0,0.023666666666666666,0.013999999999999999,6.538194444444445e-09,6.29249093944167,6.4473228866346295,0.012458022611318948,0.0036981315150320347
0053-4.tif,0.0,159.07557952118233,0.0,0.0962962962962963,0.0010165294924554184,0.0,0.0,0.024444444444444442,0.012916666666666667,1.2770061728395061e-09,44.400371447443476,6.643394643859294,0.007203982449032038,0.002154131456830824
0053-6.tif,0.0,171.30568843120443,0.0,0.08303030303030304,0.0004216253443526171,0.0,0.0,0.024166666666666666,0.01125,5.381855867346938e-09,14.417076036967755,11.75549006522622,0.008047471543428998,0.0024570305643033244
0057-1.tif,0.0,173.13552414863398,0.0,0.08303030303030304,9.435261707988981e-05,0.0,0.0,0.0,0.0,0.0,35.380149012137764,14.315132651353682,0.00790241404199695,0.0020085398263513326
0057-2.tif,0.0,164.39918159495474,0.0,0.08683333333333333,0.0004480277777777778,0.0,0.0,0.02666666666666667,0.01125,0.0,20.314782263384608,9.512409035512094,0.00481728203155118,0.0012480130828011519
0057-3.tif,0.0,151.94818195687634,0.0,0.0898148148148148,0.0014373113854595336,0.0,0.0,0.03333333333333333,0.01625,0.0,-1.103689322986642,7.742048565844155,0.007572413314536537,0.001970746847824784
0057-4.tif,0.0,142.21598980108405,0.0,0.12583333333333332,0.008473842592592594,0.0,0.0,0.021666666666666667,0.01625,0.0,22.800416150795787,10.933454092564416,0.004694613041275963,0.001183129007536564
0057-6.tif,0.0,177.06213598621247,0.0,0.08393939393939394,0.0001248852157943067,0.0,0.0,0.024583333333333332,0.013125,2.961154513888889e-09,-13.473212207336427,9.945718658644699,0.005225098371564944,0.0013546245463845303
0058-1.tif,0.0,156.6697162823754,0.0,0.09666666666666666,0.0010611111111111112,0.0,0.0,0.0,0.0,0.0,40.44769364611697,11.014336017782108,0.008201492562051329,0.0022160792251227704
0058-2.tif,0.0,151.35838265520678,0.0,0.09277777777777778,0.0006283950617283951,0.0,0.0,0.0,0.0,0.0,-17.569003696912112,9.868252455703725,0.004926217905532367,0.001318164863789497
0058-3.tif,0.0,158.58887020237617,0.0,0.09055555555555556,0.0009839506172839507,0.0,0.0,0.018333333333333333,0.01125,0.0,-9.25873273524607,7.263343254175307,0.007360488907534358,0.0019626263869266065
0058-4.tif,0.0,140.58521999709876,0.0,0.125,0.0077537037037037045,0.0,0.0,0.0,0.0,0.0,-19.015772009063767,7.276521664518326,0.004230144706897125,0.0010960924062727328
0058-6.tif,0.0,164.8662367892767,0.0,0.088,0.0004976666666666667,0.0,0.0,0.016666666666666666,0.00875,0.0,42.245489645818814,7.930373928505185,0.005154114120825955,0.0014044682292012468
0059-1.tif,0.0,149.16370201895634,0.0,0.09203703703703704,0.0009856652949245541,0.0,0.0,0.0,0.0,0.0,30.27353316123311,9.62128405897381,0.0070193677774484835,0.0017906427021964113
0059-2.tif,0.0,151.13980283168297,0.0,0.09166666666666666,0.0012259259259259259,0.0,0.0,0.0,0.0,0.0,-40.222501787629646,13.121354675313599,0.004660176608592518,0.0012032329815397848
0059-3.tif,0.0,153.32282935036125,0.0,0.09407407407407407,0.00121920438957476,0.0,0.0,0.0,0.0,0.0,44.081613812438995,6.751011774163141,0.006630091875613811,0.0017318247873464238
0059-4.tif,0.0,136.68569636884737,0.0,0.12194444444444445,0.006401311728395062,0.0,0.0,0.0,0.0,0.0,-44.763062721920114,5.678770991029349,0.004161852977685488,0.0010481260994790599
0059-6.tif,0.0,166.3181355782412,0.0,0.08136363636363636,0.0005372819100091828,0.0,0.0,0.0,0.0,0.0,36.477264486660744,10.766067667105556,0.004441817794265909,0.0011822923269259903
0073-1.tif,0.0,165.39017420095493,0.0,0.08015151515151515,0.00011689623507805324,0.0,0.0,0.025833333333333333,0.00875,0.0,44.47454920612675,6.179103105532348,0.01370483402773218,0.0039769304532984474
0073-2.tif,0.0,155.3087567310851,0.0,0.08648148148148148,0.0006280521262002742,0.0,0.0,0.025833333333333333,0.009375,4.78515625e-10,-44.00527387832944,10.762998198689054,0.00855053715828119,0.0026344515505114323
0073-3.tif,0.0,149.37566736252595,0.0,0.09148148148148148,0.001014471879286694,0.0,0.0,0.02666666666666667,0.015,0.0,8.684973623705567,10.657643096393823,0.011232545605796177,0.0032315600756268035
0073-4.tif,0.0,137.41582650844845,0.0,0.10761904761904761,0.003600680272108844,0.0,0.0,0.023333333333333334,0.01,0.0,27.427119331780304,23.101787936992174,0.0074033506505607445,0.0021304606322068457
0073-6.tif,0.0,169.9437437302646,0.0,0.0905,0.001091138888888889,0.0,0.0,0.029166666666666667,0.008125,9.765625e-12,-9.009769407345953,11.055188057125681,0.006827408785735741,0.0019212422290515554
0074-1.tif,0.0,181.2924343307302,0.0,0.0798611111111111,6.363811728395061e-05,0.0,0.0,0.019166666666666665,0.00875,8.7890625e-11,-41.201329580048764,10.800194144463564,0.014262290995767452,0.003865027536283091
0074-2.tif,0.0,155.45656564343912,0.0,0.08383333333333333,0.00047891666666666666,0.0,0.0,0.017962962962962965,0.009166666666666667,3.296467764060356e-10,33.096240777606205,16.162052996090484,0.008084117176541407,0.0020948028521755474
0074-3.tif,0.0,171.08451046842967,0.0,0.08333333333333333,9.141414141414141e-05,0.0,0.0,0.018421052631578946,0.010263157894736842,3.3464623730378575e-10,-44.13061658466915,5.7158947541130845,0.012245317705244669,0.0030488584864391695
0074-4.tif,0.0,138.3265058556104,0.0,0.0975,0.00188125,0.0,0.0,0.017435897435897435,0.010192307692307691,1.9554363905325445e-10,2.3636678759685945,7.253214676839619,0.007390924383638901,0.00184665913532603
0074-6.tif,0.0,170.54957351102755,0.0,0.09133333333333332,0.0009404444444444446,0.0,0.0,0.022291666666666668,0.010625,1.4265950520833333e-09,2.957175701963331,9.809643140916503,0.007296457718106227,0.001777116159553802
0075-1.tif,0.0,144.63423428910275,0.0,0.10083333333333333,0.002115972222222222,0.0,0.0,0.0,0.0,0.0,-40.74264197933402,10.314787613433046,0.0080103478190365,0.002262233841607596
0075-2.tif,0.0,151.33634725339448,0.0,0.09296296296296297,0.0019856652949245546,0.0,0.0,0.0,0.0,0.0,27.307605814210717,14.067164035940422,0.004955696242729835,0.0014088417116915367
0075-3.tif,0.0,138.11679839903616,0.0,0.10880952380952381,0.0035965986394557816,0.0,0.0,0.0,0.0,0.0,-43.43147505368109,6.767976633774336,0.007343864760944394,0.002095507473111964
0075-4.tif,0.0,120.65377463359086,0.0,0.126,0.00951288888888889,0.0,0.0,0.0,0.0,0.0,44.200948923507106,4.27477968970026,0.004569648918941556,0.0012535472130938
0075-6.tif,0.0,162.12534687448954,0.0,0.08883333333333333,0.0005578055555555555,0.0,0.0,0.0,0.0,0.0,36.43045148176838,14.426071324781573,0.004720596120351508,0.0013492307969437364
0076-1.tif,0.0,160.93579644849805,0.0,0.08816666666666667,0.00025747222222222225,0.0,0.0,0.0,0.0,0.0,22.887922220262787,12.435946379159118,0.009106331360268748,0.0027627097112003732
0076-2.tif,0.0,156.97391503049164,0.0,0.09444444444444444,0.0010808641975308642,0.0,0.0,0.0,0.0,0.0,43.68262739695075,13.26420563855745,0.005829282904271281,0.0018107095189278503
0076-3.tif,0.0,160.86825367772946,0.0,0.08816666666666667,0.0002874722222222223,0.0,0.0,0.0,0.0,0.0,39.58919744840858,10.741035166870676,0.00907571111079287,0.002830934678906681
0076-4.tif,0.0,130.28131954436992,0.0,0.13433333333333333,0.011276222222222222,0.0,0.0,0.0,0.0,0.0,40.46140804389765,9.854282157211054,0.0054340668282356775,0.0016621127675006814
0076-6.tif,0.0,165.91389781330346,0.0,0.08933333333333333,0.00042288888888888893,0.0,0.0,0.0,0.0,0.0,8.325464203623694,8.129093708346568,0.00583925951863337,0.0018382532153110311
0077-1.tif,0.0,172.53910587329344,0.0,0.0846969696969697,6.808999081726354e-05,0.0,0.0,0.0,0.0,0.0,-10.841076561101366,6.886753326811755,0.009073506723948795,0.002560715821528919
0077-2.tif,0.0,147.69187143810214,0.0,0.10354166666666667,0.001999609375,0.0,0.0,0.018333333333333333,0.00875,0.0,41.063234535921794,10.201529840606199,0.0053865795274219115,0.0015713211973462625
0077-3.tif,0.0,158.28189101976696,0.0,0.0835,0.0006308055555555556,0.0,0.0,0.023333333333333334,0.00875,0.0,0.27462201284838894,3.0557491408026154,0.008943402987794925,0.0026173248686061075
0077-4.tif,0.0,136.2421313960808,0.0,0.12472222222222222,0.006526311728395061,0.0,0.0,0.0,0.0,0.0,12.908241347436288,7.991696852571165,0.005438051482781697,0.0015617401135562404
0077-6.tif,0.0,166.50093688466464,0.0,0.08966666666666666,0.0004815555555555555,0.0,0.0,0.025,0.01125,1.0850694444444444e-12,43.596723807792564,7.264666604643295,0.005851130664132429,0.0017073842815267222
0078-1.tif,0.0,181.88776694245715,0.0,0.07847222222222222,0.00015067515432098765,0.0,0.0,0.028253968253968254,0.011071428571428572,7.714769935752079e-09,-27.97337087371595,12.32598041407914,0.011529440854938743,0.0028921388185448723
0078-2.tif,0.0,152.76768945738743,0.0,0.08549999999999999,0.00159725,0.0,0.0,0.027916666666666666,0.0096875,4.8578559027777775e-09,-9.984262547344368,9.364142351373605,0.006518879238195343,0.0016773016236381793
0078-3.tif,0.0,172.94578068156375,0.0,0.08393939393939394,9.710743801652892e-05,0.0,0.0,0.030333333333333334,0.0125,6.019487847222222e-09,43.66111947761153,6.431570178797033,0.01012759469064126,0.0026191630644538224
0078-4.tif,0.0,142.05104716263094,0.0,0.11071428571428572,0.0035371882086167802,0.0,0.0,0.025666666666666667,0.010625,5.243098958333332e-09,2.107026400326367,4.88051107931835,0.006473560759791687,0.0016602836199893821
0078-6.tif,0.0,178.58103902710388,0.0,0.0846969696969697,0.0002741505968778696,0.0,0.0,0.023645833333333335,0.01109375,6.483832465277778e-09,7.204063221332839,6.954019234374163,0.007072647676019142,0.0018359392651433734
0079-1.tif,0.0,176.337192774399,0.0,0.08636363636363636,9.28374655647383e-05,0.0,0.0,0.0,0.0,0.0,38.5850342665119,12.699209638630537,0.009689474532915347,0.002213953990417395
0079-2.tif,0.0,142.5154962334506,0.0,0.09729166666666667,0.0019194010416666667,0.0,0.0,0.02,0.01125,0.0,12.072928222602005,8.773514752406914,0.005451025829302929,0.0012672498292535318
0079-3.tif,0.0,170.63580043147127,0.0,0.088,0.000246,0.0,0.0,0.02125,0.018125,2.1058485243055555e-09,6.4484378229036325,8.03203553186062,0.009583992348367317,0.002196594374769554
0079-4.tif,0.0,137.813982881096,0.0,0.12444444444444445,0.007819135802469136,0.0,0.0,0.0,0.0,0.0,-31.440252045619935,23.732804575900076,0.005886247827888966,0.0013097312552972883
0079-6.tif,0.0,167.9290975923524,0.0,0.08916666666666667,0.0005190277777777778,0.0,0.0,0.024333333333333332,0.014499999999999999,1.879340277777778e-09,-29.957426664509818,12.24046491414785,0.0067011542463965845,0.0015857357341929345
0080-1.tif,0.0,172.88089991539132,0.0,0.08484848484848484,4.164370982552801e-05,0.0,0.0,0.0,0.0,0.0,-19.76910369683265,9.504301160758247,0.009034158965526283,0.0024463930117621536
0080-2.tif,0.0,146.56090462818557,0.0,0.10104166666666667,0.002471484375,0.0,0.0,0.018333333333333333,0.00875,0.0,-44.053275264624276,7.531520041096878,0.0054399456927147535,0.0014917969500972982
0080-3.tif,0.0,170.18394868168056,0.0,0.0796969696969697,0.00032566574839302116,0.0,0.0,0.0,0.0,0.0,46.09925567434874,8.569715229987988,0.008611809674422797,0.0023486962556407294
0080-4.tif,0.0,136.56540328721618,0.0,0.10785714285714285,0.003538662131519275,0.0,0.0,0.02,0.01125,0.0,-45.15878788366915,5.83451005329768,0.005652250777464236,0.001547420017508441
0080-6.tif,0.0,163.15489775411902,0.0,0.08933333333333333,0.0005867777777777776,0.0,0.0,0.017222222222222222,0.010416666666666668,9.992283950617286e-10,-39.97323795035335,12.134554253266641,0.006315938754975371,0.0017984632472090542
0081-1.tif,0.0,170.17972525800153,0.0,0.08075757575757575,0.00029563820018365473,0.0,0.0,0.0,0.0,0.0,-8.699183410723078,11.99445673806572,0.010811769286813376,0.003453053350669598
0081-2.tif,0.0,139.64478746686777,0.0,0.105,0.002461904761904762,0.0,0.0,0.0,0.0,0.0,37.68860318574661,11.686601442895661,0.00677533099228459,0.0021960691219416917
0081-3.tif,0.0,178.86843395822157,0.0,0.08681818181818182,0.00043457300275482084,0.0,0.0,0.0,0.0,0.0,-44.44227620511778,4.650756732854087,0.010436021218820491,0.003376286365645148
0081-4.tif,0.0,130.90550026641355,0.0,0.10333333333333333,0.0034817460317460316,0.0,0.0,0.0,0.0,0.0,32.305924152226716,14.336509357071742,0.006256600485325086,0.002031630119976546
0081-6.tif,0.0,166.7851094290876,0.0,0.08950000000000001,0.00040225,0.0,0.0,0.0,0.0,0.0,-31.8346430533219,17.39818565892866,0.006178564632993488,0.0020263941340096883
0083-1.tif,0.0,169.90510014580363,0.0,0.0787878787878788,0.0003303489439853077,0.0,0.0,0.021666666666666667,0.009583333333333334,6.057098765432099e-10,-35.18076017507034,15.593946362616423,0.012656577752741911,0.003801705675822243
0083-2.tif,0.0,157.89075337080382,0.0,0.09518518518518519,0.0013255829903978053,0.0,0.0,0.01888888888888889,0.010833333333333332,1.945408950617284e-09,17.8398351583361,8.13953915270803,0.007219798515367873,0.0022024740452209
0083-3.tif,0.0,159.61399719063976,0.0,0.08399999999999999,0.0006462222222222221,0.0,0.0,0.018333333333333333,0.00875,0.0,-33.876702180885864,17.613191346978102,0.010766945677635286,0.003243811381528128
0083-4.tif,0.0,131.96442465679908,0.0,0.10476190476190475,0.00408922902494331,0.0,0.0,0.0,0.0,0.0,37.29405824939121,12.1261725341189,0.00640890527558761,0.001917090991643043
0083-6.tif,0.0,180.0841026400405,0.0,0.0773611111111111,0.0003187307098765432,0.0,0.0,0.028095238095238097,0.011071428571428572,6.6312358276643995e-09,-2.957776306851682,4.588899924649913,0.006918999585896773,0.0021209745136883612
0084-1.tif,0.0,183.2557979983171,0.0,0.08787878787878788,0.00038994490358126724,0.0,0.0,0.0,0.0,0.0,-44.879518776240964,6.9179107286106225,0.013999851204129268,0.004653338192368032
0084-2.tif,0.0,157.8291798115925,0.0,0.09481481481481481,0.0010965706447187927,0.0,0.0,0.0,0.0,0.0,20.838158186237003,9.666485240285095,0.007240649025754902,0.0022238850932280426
0084-3.tif,0.0,170.75917022191234,0.0,0.0935,0.0004008055555555556,0.0,0.0,0.0,0.0,0.0,38.28618341301873,12.175693138557302,0.012521874767688596,0.0041360927532317964
0084-4.tif,0.0,150.75439923560737,0.0,0.10291666666666667,0.0016053819444444444,0.0,0.0,0.0,0.0,0.0,43.339919149760284,8.66674975891978,0.006935064807534591,0.0021918136595945148
0084-6.tif,0.0,178.4689708428863,0.0,0.094,0.0005684444444444444,0.0,0.0,0.015833333333333335,0.010625,6.944444444444444e-11,-40.01327293050249,12.089550031992431,0.007222908954199541,0.0022953474011349053
0095-1.tif,0.0,166.47820198313408,0.0,0.09233333333333334,0.00037011111111111104,0.0,0.0,0.020454545454545454,0.010909090909090908,5.46875e-10,40.38596718471011,11.13956677370073,0.01078411465929644,0.0027209059843660115
0095-2.tif,0.0,161.51854382701697,0.0,0.09685185185185186,0.001107681755829904,0.0,0.0,0.018333333333333333,0.0125,0.0,43.344999614662854,4.827351114809716,0.005879331200652217,0.001445094281568904
0095-3.tif,0.0,174.15151449240975,0.0,0.08454545454545455,6.82277318640955e-05,0.0,0.0,0.022222222222222223,0.014583333333333332,2.0341435185185184e-09,42.603577795462826,11.869451388064855,0.009136433082251115,0.002169760656108871
0095-4.tif,0.0,144.94373908520507,0.0,0.11333333333333333,0.004336507936507936,0.0,0.0,0.0,0.0,0.0,-44.03730310504562,5.572392987731182,0.0048323138826853644,0.0010911520472658225
0095-6.tif,0.0,173.8794282126427,0.0,0.08409090909090909,0.0005173553719008264,0.0,0.0,0.0212962962962963,0.011805555555555555,2.285343792866941e-09,14.727432038811257,7.975677407810607,0.004972734342509158,0.001156472885841683
0096-1.tif,0.0,180.32173744194802,0.0,0.08097222222222222,0.00027752700617283954,0.0,0.0,0.027916666666666666,0.00875,4.797092013888889e-09,44.53780770117298,8.588244308256394,0.016393672184143837,0.005938987013370858
0096-2.tif,0.0,145.66331888686253,0.0,0.1025,0.0026027777777777776,0.0,0.0,0.02722222222222222,0.00875,1.0706018518518519e-10,0.06781420229540794,9.329666969272777,0.00850348987089897,0.002949694660268708
0096-3.tif,0.0,164.70889725006762,0.0,0.08121212121212121,0.0005525711662075298,0.0,0.0,0.02611111111111111,0.008541666666666666,3.348042052469135e-10,35.97309632047655,13.724250757558314,0.012684323506705371,0.0042711502733999394
0096-4.tif,0.0,132.99530066885822,0.0,0.105,0.003580952380952381,0.0,0.0,0.03166666666666667,0.0075,0.0,-10.032659695489487,7.481442286718794,0.007908579956745546,0.0027520116246616726
0096-6.tif,0.0,165.67398036081295,0.0,0.0905,0.0006233611111111112,0.0,0.0,0.028888888888888888,0.007916666666666666,4.1184413580246917e-10,22.102597170593913,9.72106986999332,0.008317802171881716,0.002818790460386704
0097-1.tif,0.0,187.25481799917813,0.0,0.08236111111111111,0.00032984182098765426,0.0,0.0,0.015416666666666667,0.0378125,4.3526475694444446e-08,-8.222923855494733,7.8157950080986,0.014531550558887156,0.004603586425492185
0097-2.tif,0.0,157.90490809344718,0.0,0.09537037037037037,0.0014183813443072704,0.0,0.0,0.024166666666666666,0.009375,2.197265625e-09,30.771922939216633,18.119617502881297,0.008337058543335352,0.002728200234569943
0097-3.tif,0.0,170.64330894848732,0.0,0.0834848484848485,8.053259871441689e-05,0.0,0.0,0.020555555555555556,0.008333333333333333,2.700617283950617e-11,23.10589379743597,12.699231994039508,0.012583515841200732,0.00411457320045127
0097-4.tif,0.0,140.45068551533808,0.0,0.09895833333333333,0.004391623263888889,0.0,0.0,0.0,0.0,0.0,44.44712577367716,4.4326238869930235,0.0072880189121045744,0.00235560670772539
0097-6.tif,0.0,172.05253961766707,0.0,0.08378787878787879,0.0005783287419651056,0.0,0.0,0.019166666666666665,0.009375,1.7225477430555556e-10,-43.10889528632452,10.745312017159645,0.007879988853719114,0.002515703750756894
0098-1.tif,0.0,171.42950851265044,0.0,0.08015151515151515,0.0003421487603305786,0.0,0.0,0.0,0.0,0.0,41.31877007605021,10.289264393351218,0.014972346631571102,0.004882633756184347
0098-2.tif,0.0,159.53209708394107,0.0,0.09759259259259259,0.001201920438957476,0.0,0.0,0.024166666666666666,0.011875,5.782335069444445e-09,-38.76496638170657,13.250644620992698,0.00911401724743649,0.0030109943786252795
0098-3.tif,0.0,175.88909068564266,0.0,0.08515151515151516,4.618916437098255e-05,0.0,0.0,0.013333333333333334,0.015,2.2960069444444446e-09,-18.966074919182688,8.305383936238389,0.013315955569676588,0.003997060056439351
0098-4.tif,0.0,150.49621626842023,0.0,0.10458333333333333,0.0018248263888888889,0.0,0.0,0.01388888888888889,0.012083333333333333,3.5686728395061725e-11,-6.626858182841839,8.139645163822175,0.006966498272087567,0.0019240781316488583
0098-6.tif,0.0,169.61253851982906,0.0,0.091,0.00038622222222222226,0.0,0.0,0.021666666666666667,0.01225,2.160763888888889e-09,44.2929347105376,7.24594361290523,0.008364988604445987,0.002434612331614202
0152-1.tif,0.0,177.04448593503272,0.0,0.08560606060606062,7.69054178145087e-05,0.0,0.0,0.0,0.0,0.0,-44.932603243555185,9.352476426912181,0.019026426696839006,0.006793472126005003
0152-2.tif,0.0,165.99825748363537,0.0,0.08716666666666666,0.0004528055555555555,0.0,0.0,0.013333333333333334,0.02625,0.0,25.596107599996373,21.83749835098121,0.011853130738387653,0.004294052765735642
0152-3.tif,0.0,183.03635036668413,0.0,0.08833333333333333,0.0005005050505050505,0.0,0.0,0.018333333333333333,0.01,0.0,32.544254457393095,12.931255896909596,0.016097736536937596,0.005500513318915571
0152-4.tif,0.0,152.11326189535365,0.0,0.10416666666666667,0.0020180555555555555,0.0,0.0,0.0,0.0,0.0,44.69689927615295,10.382564962234671,0.010277051505229654,0.0035722429549102127
0152-6.tif,0.0,177.20906651308184,0.0,0.085,0.0005101010101010101,0.0,0.0,0.015,0.0225,3.996913580246913e-09,24.396417356014872,13.794789754989848,0.011099105443262215,0.0038499299177494986
0153-1.tif,0.0,172.34951165195295,0.0,0.08783333333333333,0.00022447222222222218,0.0,0.0,0.0,0.0,0.0,34.33770350722504,14.331918799933016,0.013891544552757361,0.004019811362598005
0153-2.tif,0.0,167.94989332139116,0.0,0.0845,6.280555555555556e-05,0.0,0.0,0.0,0.0,0.0,-44.676441884210604,5.8193460644985,0.008507097130708028,0.002572363795155066
0153-3.tif,0.0,169.58961904812713,0.0,0.07893939393939395,0.00029104683195592287,0.0,0.0,0.0,0.0,0.0,17.007584923402547,10.2954229447897,0.012651127495275541,0.0037773263474465807
0153-4.tif,0.0,156.12123494259197,0.0,0.09722222222222222,0.0007648148148148147,0.0,0.0,0.0,0.0,0.0,44.26606123961574,8.18658553275925,0.007859834583819931,0.002302326244219108
0153-6.tif,0.0,180.4586530033597,0.0,0.08878787878787879,0.0005490358126721763,0.0,0.0,0.020555555555555556,0.013333333333333332,2.144097222222222e-09,-17.328574160924138,9.440180400311888,0.008329882610090964,0.002593725624885132
0155-1.tif,0.0,173.47374120854397,0.0,0.08816666666666667,0.00014302777777777775,0.0,0.0,0.018833333333333334,0.01375,1.1531684027777777e-09,19.05045705822681,9.517616749113083,0.01936028676472286,0.006139771264076699
0155-2.tif,0.0,157.27798204568762,0.0,0.0874074074074074,0.0006179698216735253,0.0,0.0,0.022666666666666665,0.014624999999999999,4.360937500000001e-09,43.09880890772715,8.49373774835301,0.011038595149288163,0.0036107894423276945
0155-3.tif,0.0,171.6348473746906,0.0,0.08060606060606061,0.0003546831955922865,0.0,0.0,0.01625,0.01203125,2.072482638888889e-10,30.763939887495816,12.874011482115442,0.016498196781888925,0.005260497308937159
0155-4.tif,0.0,162.8872753250232,0.0,0.08666666666666667,0.0006766666666666667,0.0,0.0,0.017222222222222222,0.012916666666666667,4.986496913580247e-10,19.774407150188797,10.687095233116416,0.010586621229621784,0.0034301217855941596
0155-6.tif,0.0,176.79620869318444,0.0,0.08575757575757575,0.0006082644628099174,0.0,0.0,0.024649122807017542,0.015986842105263157,8.979445598645739e-09,44.40328269930284,6.73971557970449,0.01113163394138021,0.00370542859509246
0156-1.tif,0.0,177.51564876245575,0.0,0.0853030303030303,3.273645546372819e-05,0.0,0.0,0.024814814814814814,0.016944444444444443,1.1182591735253773e-08,11.740653718690098,9.263810348243151,0.024822208580527496,0.008589536898177813
0156-2.tif,0.0,174.2672556416979,0.0,0.08196969696969697,0.0003029384756657484,0.0,0.0,0.02316666666666667,0.015,6.552951388888888e-09,45.246956302463246,9.83633107040802,0.013910588742932552,0.005183658822802796
0156-3.tif,0.0,166.54854147264896,0.0,0.0803030303030303,0.00015798898071625345,0.0,0.0,0.024074074074074074,0.013888888888888888,2.180855624142661e-09,3.101114279407967,8.251670378202407,0.019092894133768173,0.00691051869655693
0156-4.tif,0.0,145.53791241672147,0.0,0.101875,0.0018266927083333334,0.0,0.0,0.01888888888888889,0.012916666666666667,1.8325617283950618e-11,10.466600855355392,9.559341424757847,0.014002234265657294,0.005105743796567694
0156-6.tif,0.0,170.01020873577025,0.0,0.09083333333333334,0.0005656944444444445,0.0,0.0,0.021954022988505746,0.016551724137931035,3.7435282897344434e-09,20.447285516115485,13.566408181360137,0.014006979214888518,0.004927002256999981
0157-1.tif,0.0,182.17634923947242,0.0,0.08772727272727272,0.00037286501377410463,0.0,0.0,0.013333333333333334,0.0125,0.0,24.149784785979413,8.962203670028712,0.011377157973068177,0.0032868894345882286
0157-2.tif,0.0,141.96016166516577,0.0,0.1119047619047619,0.00388922902494331,0.0,0.0,0.0,0.0,0.0,-45.00141244675837,11.741500735995125,0.00647914238046673,0.0020052739262930966
0157-3.tif,0.0,177.17116385511255,0.0,0.07984848484848485,0.00023608815426997244,0.0,0.0,0.0,0.0,0.0,-42.46379060189317,7.951147737442364,0.010334606888316339,0.003108387352738413
0157-4.tif,0.0,145.7456773600363,0.0,0.10020833333333333,0.0017787760416666666,0.0,0.0,0.0,0.0,0.0,42.098639628137704,12.737903214760284,0.006059582409001447,0.001745849217534482
0157-6.tif,0.0,167.73447518821726,0.0,0.0925,0.0006718055555555556,0.0,0.0,0.0,0.0,0.0,42.94367141659143,8.014982369765688,0.006626932853296591,0.0021029557287242195
0161-1.tif,0.0,162.55796169087168,0.0,0.08850000000000001,0.0011458055555555555,0.0,0.0,0.0,0.0,0.0,-38.78093222606647,11.588129485972436,0.012294084970950936,0.003929239281028878
0161-2.tif,0.0,127.6313049373076,0.0,0.10333333333333333,0.005332539682539683,0.0,0.0,0.0,0.0,0.0,-43.158856896702595,7.233268079748171,0.0066580877620839056,0.0022056545017311298
0161-3.tif,0.0,123.38760067364954,0.0,0.11055555555555555,0.008737654320987654,0.0,0.0,0.0,0.0,0.0,12.398464000633176,10.651635393219001,0.01095169616648633,0.003613488416082161
0161-4.tif,0.0,131.78922565976325,0.0,0.15791666666666668,0.023571354166666666,0.0,0.0,0.0,0.0,0.0,31.933065655255596,13.056342949357719,0.00744092900316883,0.002382647831269896
0161-6.tif,0.0,133.03921263584445,0.0,0.09375,0.0022671875,0.0,0.0,0.02,0.00875,0.0,-38.99255168112647,10.141291726588873,0.007268773003222836,0.0024815115010365894
0162-1.tif,0.0,164.6474433820486,0.0,0.07347222222222223,0.0002891010802469136,0.0,0.0,0.016666666666666666,0.010416666666666668,4.3402777777777777e-10,-42.86283457754064,11.876301303969719,0.014582039829891778,0.004823032722529659
0162-2.tif,0.0,145.53197434088344,0.0,0.104375,0.002722873263888889,0.0,0.0,0.021111111111111112,0.01125,6.018518518518519e-10,18.581114585879238,8.722925428910626,0.009767818009177523,0.00338182143620721
0162-3.tif,0.0,178.6442698435329,0.0,0.07583333333333334,0.0003622685185185185,0.0,0.0,0.0175,0.01125,1.3400875557270233e-09,21.72233844792504,12.18423583609344,0.01645443342890502,0.005618054225576982
0162-4.tif,0.0,144.42999927770555,0.0,0.10041666666666667,0.0020609375,0.0,0.0,0.01852941176470588,0.012058823529411764,2.5479983660130716e-09,-4.255387268216971,10.96254108608708,0.011065407992675752,0.0037777084253087854
0162-6.tif,0.0,147.17325484662206,0.0,0.08483333333333333,0.002151916666666666,0.0,0.0,0.02486111111111111,0.014479166666666668,1.9847457320601854e-08,-44.72000116522642,3.9344610103593145,0.009563143308735644,0.003302839665595044
0163-1.tif,0.0,172.39586228599958,0.0,0.08196969696969697,0.00011354453627180899,0.0,0.0,0.03333333333333333,0.02,0.0,3.6050794176409062,7.710687929192343,0.01973412855306624,0.005320020087962558
0163-2.tif,0.0,149.7094304987061,0.0,0.105625,0.0027520399305555557,0.0,0.0,0.03166666666666667,0.01625,0.0,40.02645069704526,13.921866634906051,0.010605916198084816,0.003040983967417088
0163-3.tif,0.0,173.85983738504862,0.0,0.08833333333333333,0.00028166666666666666,0.0,0.0,0.0275,0.0215625,2.455593532986111e-08,-8.271313787965274,8.708951125044967,0.017202614623327023,0.004605681155251171
0163-4.tif,0.0,148.43318362145305,0.0,0.09,0.0005901234567901235,0.0,0.0,0.0,0.0,0.0,2.9929011765855718,8.65435672598016,0.01000945775121247,0.002747057494334042
0163-6.tif,0.0,173.4982315864815,0.0,0.0935,0.0005996944444444445,0.0,0.0,0.025714285714285714,0.016071428571428573,4.359941893424036e-09,-44.71324182970707,7.617276106883411,0.010487339746928984,0.003023911656946942
0164-1.tif,0.0,174.66497693203027,0.0,0.09066666666666666,0.00019622222222222225,0.0,0.0,0.026578947368421053,0.009473684210526315,1.3335743930824866e-09,-0.3151432415130487,3.947862393277233,0.027037313918984666,0.008986936091298508
0164-2.tif,0.0,145.90685384861123,0.0,0.09240740740740741,0.002917969821673526,0.0,0.0,0.031140350877192986,0.010328947368421054,5.212373037857803e-09,41.889053002537445,10.942780461376975,0.01336064884798529,0.004656024389277609
0164-3.tif,0.0,174.80081648489798,0.0,0.0803030303030303,0.00016202938475665747,0.0,0.0,0.028666666666666667,0.010625,7.710622829861112e-09,1.1482649333882045,6.118547798413144,0.022281660167950565,0.007199101640109063
0164-4.tif,0.0,148.88059678401828,0.0,0.10083333333333333,0.002195138888888889,0.0,0.0,0.019615384615384618,0.010384615384615386,1.793639053254438e-10,-7.4875946387033,7.857054023693931,0.013061605472435655,0.004149865209324334
0164-6.tif,0.0,183.49952694459157,0.0,0.08545454545454545,0.0006131772268135905,0.0,0.0,0.029603174603174603,0.010535714285714285,2.0701943972033253e-08,-39.306591335857874,14.068725322658064,0.013521521610842056,0.004393947310155529
0165-1.tif,0.0,175.76610089042262,0.0,0.08966666666666666,0.0002087777777777778,0.0,0.0,0.018333333333333333,0.015416666666666667,2.7816358024691356e-09,0.33523757081844174,2.514090974175833,0.017059758540215728,0.005238135114019045
0165-2.tif,0.0,161.14170782264907,0.0,0.09796296296296296,0.0011424554183813442,0.0,0.0,0.022222222222222223,0.014583333333333332,9.847608024691359e-10,3.2415550068246257,5.291658696078705,0.010765101791029543,0.0033335164924606173
0165-3.tif,0.0,181.244253122522,0.0,0.08151515151515151,0.0003153810835629017,0.0,0.0,0.021111111111111112,0.01125,3.1346450617283947e-10,-6.996104631627717,7.881074751042102,0.015554213622907266,0.00472342873338803
0165-4.tif,0.0,140.53003720921976,0.0,0.09791666666666667,0.0016567708333333332,0.0,0.0,0.02,0.013125,3.1358506944444447e-10,28.833155408746425,11.01047784765901,0.009324739410600079,0.002823608925580664
0165-6.tif,0.0,167.31181385531494,0.0,0.08060606060606061,0.0006774104683195591,0.0,0.0,0.023666666666666666,0.012,5.996527777777778e-10,-42.05448034518014,9.170875096781772,0.010322930763121779,0.003201639201522737
0166-1.tif,0.0,173.3560882499756,0.0,0.08166666666666667,0.00040151515151515147,0.0,0.0,0.03,0.008125,4.340277777777778e-12,44.32875900486673,7.498201818682979,0.014518949715256812,0.004441144185422874
0166-2.tif,0.0,148.33429046715753,0.0,0.10270833333333333,0.0017999565972222223,0.0,0.0,0.0,0.0,0.0,-42.83524088898918,9.39282669215184,0.008230787100248434,0.0025769984970662047
0166-3.tif,0.0,169.8637275889506,0.0,0.092,0.0006082222222222221,0.0,0.0,0.0,0.0,0.0,-16.084129253278533,8.399420790287348,0.012376769562811278,0.0037896425418415397
0166-4.tif,0.0,133.22698139426777,0.0,0.12027777777777779,0.00671057098765432,0.0,0.0,0.0,0.0,0.0,4.309528026128429,7.530458603792663,0.007879131917497813,0.0024207685771593596
0166-6.tif,0.0,167.96561041174988,0.0,0.093,0.0009371111111111111,0.0,0.0,0.0,0.0,0.0,-44.36516243958097,6.708972309676851,0.008606477363280289,0.0027012696328585772
0167-1.tif,0.0,158.794477077804,0.0,0.08416666666666667,0.0005845833333333333,0.0,0.0,0.0,0.0,0.0,-17.5223190826863,10.41192171464315,0.012179615843939949,0.003852319449416538
0167-2.tif,0.0,150.2704561781856,0.0,0.09666666666666666,0.0011972222222222221,0.0,0.0,0.016666666666666666,0.01375,0.0,-11.161273450615893,8.026633190704842,0.007905766174719185,0.0025399460466137905
0167-3.tif,0.0,152.64367002925474,0.0,0.09351851851851853,0.0008521262002743486,0.0,0.0,0.0,0.0,0.0,27.986590833192334,13.143645701154684,0.011631012483444936,0.0037043744622588777
0167-4.tif,0.0,131.87950591973208,0.0,0.11888888888888888,0.006455246913580247,0.0,0.0,0.0,0.0,0.0,12.5214994544474,6.3162947802835,0.007779971014757568,0.002458739597902252
0167-6.tif,0.0,171.11050685318992,0.0,0.08424242424242424,0.0006830119375573922,0.0,0.0,0.016904761904761905,0.014285714285714285,1.281887755102041e-09,-28.29224911921371,12.15322430571074,0.007785673643462369,0.002497221614289033
0168-1.tif,0.0,172.99976406731585,0.0,0.07597222222222223,0.00028632330246913584,0.0,0.0,0.0,0.0,0.0,44.49368466869674,4.633739242924948,0.013976783132500326,0.004413510720879988
0168-2.tif,0.0,142.1556267694748,0.0,0.10083333333333333,0.0031708333333333332,0.0,0.0,0.0,0.0,0.0,-15.278908199946777,7.148161339678717,0.008180053265582441,0.002717040589814912
0168-3.tif,0.0,156.24627806217984,0.0,0.07590909090909091,0.0005325068870523415,0.0,0.0,0.0,0.0,0.0,43.46816683517588,8.772313359331807,0.011696816111897223,0.0036884655879206845
0168-4.tif,0.0,138.76863613583583,0.0,0.10833333333333334,0.004046825396825397,0.0,0.0,0.0,0.0,0.0,41.07851090014313,9.726385885226776,0.007268836298126208,0.002191473628914387
0168-6.tif,0.0,178.62061875323067,0.0,0.0775,7.337962962962963e-05,0.0,0.0,0.0225,0.015,3.0078125e-09,-15.627559951835194,8.964673987552716,0.00810644090760751,0.0025342177435490054
0169-1.tif,0.0,160.07162652960926,0.0,0.0845,0.0005378055555555555,0.0,0.0,0.0,0.0,0.0,45.08368546752581,4.597583261824932,0.014104824204713713,0.004763868198219126
0169-2.tif,0.0,157.79242694121922,0.0,0.095,0.0011419753086419752,0.0,0.0,0.0,0.0,0.0,-43.96547537123487,10.663565552251182,0.008661382852963579,0.003036772244351742
0169-3.tif,0.0,151.397622174194,0.0,0.09916666666666667,0.0009173611111111111,0.0,0.0,0.0,0.0,0.0,-44.353752824778134,6.37643673483596,0.013543921078677652,0.004672328166550965
0169-4.tif,0.0,131.6342787169563,0.0,0.135,0.010530000000000001,0.0,0.0,0.0,0.0,0.0,11.459930105995273,8.755425799180578,0.007736658584224915,0.0026250057228366327
0169-6.tif,0.0,180.62557303199372,0.0,0.0775,0.0002826388888888889,0.0,0.0,0.0,0.0,0.0,-23.25183077938773,9.086579320358174,0.008222516462469385,0.0028836119557543827
0170-1.tif,0.0,176.84479873673607,0.0,0.08015151515151515,0.0010224517906336089,0.0,0.0,0.023333333333333334,0.009375,5.316840277777778e-11,1.2256394285198888,8.032118542365723,0.0209078080957216,0.006728155388599806
0170-2.tif,0.0,163.56776339835577,0.0,0.08700000000000001,0.00041877777777777784,0.0,0.0,0.023333333333333334,0.00875,0.0,-5.924703444453868,4.673189191762363,0.012150491117386105,0.003952890111933762
0170-3.tif,0.0,158.50911802122857,0.0,0.08483333333333333,0.0015296944444444446,0.0,0.0,0.022777777777777775,0.01375,3.6834490740740737e-09,28.951271883916373,10.469667729490428,0.01731159031800239,0.005317596869186565
0170-4.tif,0.0,143.40812389819482,0.0,0.08777777777777777,0.001971604938271605,0.0,0.0,0.02,0.0075,0.0,-44.38051809340807,8.511715335145526,0.009802553109779288,0.0029788630672685805
0170-6.tif,0.0,177.51379644690743,0.0,0.0773611111111111,0.00014974922839506173,0.0,0.0,0.024166666666666666,0.0128125,7.459581163194444e-09,13.591117034248034,7.170975447892764,0.011288375480632403,0.0034668734552655823
0171-1.tif,0.0,158.7893765832667,0.0,0.08466666666666667,0.0015087777777777777,0.0,0.0,0.0,0.0,0.0,-1.3522811956874259,2.8184703237443833,0.014655299163981023,0.004146514203729831
0171-2.tif,0.0,144.77047350893068,0.0,0.09291666666666666,0.0006685763888888889,0.0,0.0,0.0175,0.01125,1.111111111111111e-09,35.70579577689292,13.234652706047939,0.008697364674289207,0.0024461444344427517
0171-3.tif,0.0,141.69685952765502,0.0,0.095,0.0015847222222222222,0.0,0.0,0.021666666666666667,0.016875,7.335069444444444e-10,43.56105996272731,10.108862495125974,0.012093865837511607,0.0033703899587828024
0171-4.tif,0.0,132.87680346079665,0.0,0.11972222222222222,0.005927237654320986,0.0,0.0,0.0,0.0,0.0,-2.312670074058477,2.72725913161728,0.007795494557098769,0.0021208787503384386
0171-6.tif,0.0,162.21157493015815,0.0,0.09116666666666667,0.0011294722222222222,0.0,0.0,0.022857142857142857,0.012857142857142859,2.8279124149659865e-09,44.89140620354987,12.025976551090867,0.007444134501814162,0.0021720572648411753
0172-1.tif,0.0,162.09212548071895,0.0,0.07012820512820514,0.0002142998027613412,0.0,0.0,0.015,0.0105,1.0520833333333333e-10,-40.002140187124134,13.371024800933249,0.017146908485766436,0.006226200906306488
0172-2.tif,0.0,120.9361631421948,0.0,0.08458333333333333,0.005676909722222222,0.0,0.0,0.02,0.0075,0.0,18.079129018358735,9.194643601064946,0.009446119022669418,0.003458659341237313
0172-3.tif,0.0,141.77149581207567,0.0,0.08266666666666667,0.0021084444444444445,0.0,0.0,0.011666666666666667,0.015,0.0,-14.93257171656139,8.584374001654064,0.012318769256311446,0.004441898675062732
0172-4.tif,0.0,123.57260011831102,0.0,0.09952380952380953,0.007413265306122448,0.0,0.0,0.0,0.0,0.0,41.43741422147119,8.757953337093932,0.008371566439794854,0.0029728380101712113
0172-6.tif,0.0,132.37195070457085,0.0,0.07348484848484849,0.0022269972451790633,0.0,0.0,0.0175,0.01,2.3084852430555557e-10,44.51093684542841,5.4382344501509,0.008711567265795207,0.0031406134656953525
0173-1.tif,0.0,148.55071056534013,0.0,0.07303030303030303,0.0006499081726354455,0.0,0.0,0.02,0.00875,0.0,-39.38917771118616,12.521559871130632,0.01687757243443574,0.005574744237753
0173-2.tif,0.0,135.38591853946818,0.0,0.12361111111111112,0.006530941358024692,0.0,0.0,0.015,0.01125,0.0,-36.238621254991116,13.661415046367162,0.009158560273924485,0.0029740047181509273
0173-3.tif,0.0,133.29399557443818,0.0,0.07516666666666667,0.0025685833333333337,0.0,0.0,0.016999999999999998,0.01325,7.847222222222223e-10,42.87733765375641,7.574963790260646,0.014488323437987007,0.0044918509587072025
0173-4.tif,0.0,131.41209567193155,0.0,0.13333333333333333,0.011741111111111112,0.0,0.0,0.0,0.0,0.0,17.21972128548862,8.866826059251792,0.007941551412253866,0.002524191405015626
0173-6.tif,0.0,130.7853202771626,0.0,0.09833333333333333,0.004868055555555555,0.0,0.0,0.017333333333333333,0.014499999999999999,1.634375e-09,-11.003508084351935,9.446965079662894,0.007866697954586686,0.0024903808232406926
0175-1.tif,0.0,163.4238013355925,0.0,0.09083333333333334,0.0007545833333333332,0.0,0.0,0.0,0.0,0.0,33.54448522965343,18.4053748129876,0.018301175697279837,0.006391316675031061
0175-2.tif,0.0,147.98423339441717,0.0,0.10229166666666667,0.0017582899305555555,0.0,0.0,0.02,0.00875,0.0,-0.7191225398427156,2.763533339788182,0.009814249231815501,0.0033318599821438788
0175-3.tif,0.0,163.176120437372,0.0,0.0938888888888889,0.0003234567901234568,0.0,0.0,0.0,0.0,0.0,10.64202866738386,5.786680476128451,0.015286971468342918,0.0051177678851502175
0175-4.tif,0.0,126.10070481603995,0.0,0.11416666666666667,0.006188657407407407,0.0,0.0,0.0,0.0,0.0,-44.39494640189199,7.5078960955501035,0.009770230352682317,0.0032796204636220488
0175-6.tif,0.0,168.83942075238235,0.0,0.09283333333333334,0.0007455833333333332,0.0,0.0,0.019166666666666665,0.0096875,4.4487847222222224e-11,-21.813394127643996,10.14759985147506,0.009609663697404331,0.003217015171699967
0176-1.tif,0.0,164.08712116840044,0.0,0.07575757575757576,0.0006456382001836548,0.0,0.0,0.013333333333333334,0.01375,0.0,-2.553154193914417,3.8316766835868026,0.020508974309610198,0.0073421216483281
0176-2.tif,0.0,143.8194169483315,0.0,0.10083333333333333,0.002290972222222222,0.0,0.0,0.02666666666666667,0.0175,0.0,40.801774539518526,10.648577264284409,0.010973905543669369,0.0037539032025751644
0176-3.tif,0.0,160.97035300158393,0.0,0.08783333333333333,0.0003766944444444444,0.0,0.0,0.0175,0.015,1.111111111111111e-09,40.463063342770575,12.715410386413701,0.016476607762261126,0.005449718112287045
0176-4.tif,0.0,132.0398826576459,0.0,0.11888888888888888,0.007562654320987653,0.0,0.0,0.0,0.0,0.0,-44.19889574992471,8.022228408732015,0.009757670124590773,0.0031487648157160503
0176-6.tif,0.0,160.9064201113736,0.0,0.09016666666666667,0.001011361111111111,0.0,0.0,0.02666666666666667,0.01583333333333333,5.856481481481481e-09,-44.304111141217845,6.154215838412412,0.009528060476318231,0.003085037597724814
0177-1.tif,0.0,170.71223350031676,0.0,0.08700000000000001,0.00022822222222222224,0.0,0.0,0.015454545454545455,0.011022727272727273,6.170816833103763e-10,38.597903145907075,18.710202033354737,0.016859316683894354,0.005018399902986969
0177-2.tif,0.0,148.69098829451636,0.0,0.09729166666666667,0.001016623263888889,0.0,0.0,0.014691358024691358,0.011388888888888888,7.006601508916323e-10,23.786502723089647,12.297507491293816,0.010496200812915095,0.003224699838891739
0177-3.tif,0.0,166.75722539734892,0.0,0.07803030303030303,0.00029586776859504135,0.0,0.0,0.015402298850574713,0.01271551724137931,2.180584456335051e-09,7.776830580235844,6.94724719406263,0.01620350219095422,0.004890451600115718
0177-4.tif,0.0,147.64023841758046,0.0,0.0898148148148148,0.0007552126200274347,0.0,0.0,0.015809523809523808,0.01292857142857143,1.384956065759637e-09,44.50121063738853,9.602516547580459,0.010308518328881699,0.0030838941278303806
0177-6.tif,0.0,172.17713055372448,0.0,0.0775,0.0005682870370370371,0.0,0.0,0.01800925925925926,0.0121875,2.984218937542867e-09,-42.41515263577229,8.855827656997329,0.0103483363009023,0.003191624446622322
0178-1.tif,0.0,168.3094042397975,0.0,0.07848484848484849,0.00026992653810835635,0.0,0.0,0.0135,0.012875000000000001,4.1098090277777774e-10,44.86730094106607,7.5869060418833065,0.016940570100938312,0.004521927884939569
0178-2.tif,0.0,157.5712353663448,0.0,0.08962962962962963,0.0005597393689986283,0.0,0.0,0.015333333333333332,0.013125,2.2281249999999995e-09,-10.965935840650689,6.826208630964338,0.009792133586101483,0.0027165520600457038
0178-3.tif,0.0,179.64458665596607,0.0,0.08212121212121212,0.00023438934802571165,0.0,0.0,0.014320987654320988,0.013657407407407406,1.0272467040085352e-09,-19.263939608505144,8.703356088779225,0.014592763220856427,0.0037690863276267335
0178-4.tif,0.0,150.95151539484456,0.0,0.09296296296296297,0.000741838134430727,0.0,0.0,0.016180555555555556,0.0146875,3.6617307309751157e-09,39.916164059260566,10.044444287845657,0.009917860031791874,0.0026166461464549066
0178-6.tif,0.0,171.87196461966164,0.0,0.08424242424242424,0.0006431129476584021,0.0,0.0,0.017041666666666667,0.015125,4.366403537326388e-09,-12.674481987698218,7.233274330714647,0.009540325229552728,0.002666041758212244
0179-1.tif,0.0,176.18542946440138,0.0,0.08983333333333333,0.0002813611111111111,0.0,0.0,0.019166666666666665,0.0096875,6.727430555555555e-11,-44.50264488515609,8.514703525831479,0.014909605447856676,0.004650657260657642
0179-2.tif,0.0,160.12523224026876,0.0,0.09814814814814814,0.001150891632373114,0.0,0.0,0.020833333333333332,0.0115625,1.592339409722222e-10,-44.439180445765594,4.150538921490505,0.009129636697334086,0.0029073227755375417
0179-3.tif,0.0,171.49949384441018,0.0,0.0803030303030303,0.00032768595041322325,0.0,0.0,0.022666666666666665,0.01075,4.105208333333333e-09,-36.22681322271047,11.978767317431629,0.013895848053219828,0.004308108057390306
0179-4.tif,0.0,147.85837401186345,0.0,0.10458333333333333,0.0016678819444444445,0.0,0.0,0.011666666666666667,0.01375,0.0,18.7463147336992,7.62785866408766,0.009426556937954588,0.0028561271048055613
0179-6.tif,0.0,184.54751957761047,0.0,0.07875,0.0003843171296296296,0.0,0.0,0.022023809523809522,0.011428571428571429,9.80282738095238e-10,46.244935492551306,9.65730817652957,0.009701103664067304,0.0030229111234088253
0180-1.tif,0.0,167.869224067096,0.0,0.07742424242424242,0.00036432506887052336,0.0,0.0,0.0,0.0,0.0,44.938862068337556,6.827532881210731,0.01166516812013285,0.0036858405108231317
0180-2.tif,0.0,148.02627394411365,0.0,0.1025,0.0018041666666666666,0.0,0.0,0.0,0.0,0.0,20.87473186210246,12.154673589766798,0.007252223391021819,0.002339703835458425
0180-3.tif,0.0,153.05959623623735,0.0,0.09018518518518519,0.001231755829903978,0.0,0.0,0.013333333333333334,0.01375,0.0,-43.33261329610257,10.63651679766757,0.011135801501924785,0.0035109010545872777
0180-4.tif,0.0,133.48572021006592,0.0,0.1061904761904762,0.0031180272108843536,0.0,0.0,0.0,0.0,0.0,0.956781136295354,5.272143606903763,0.006714019906791425,0.0020905110819270448
0180-6.tif,0.0,173.803289190203,0.0,0.08454545454545455,0.0005939853076216713,0.0,0.0,0.0,0.0,0.0,-41.06827667144663,10.361645196278578,0.0070727075031123835,0.0022712874611014833
0181-1.tif,0.0,172.29072718679964,0.0,0.07893939393939395,9.660238751147844e-05,0.0,0.0,0.015833333333333335,0.00875,0.0,-44.540620435543865,7.360994828706277,0.018503913604189775,0.006605971901574689
0181-2.tif,0.0,156.44400682904816,0.0,0.08685185185185186,0.0006897805212620026,0.0,0.0,0.02388888888888889,0.010416666666666668,1.033275462962963e-08,40.603482249099514,8.068961503375878,0.010717256049929106,0.003901908327694588
0181-3.tif,0.0,183.21930468558017,0.0,0.08,0.0001662037037037037,0.0,0.0,0.02388888888888889,0.008958333333333334,4.230565200617284e-10,-39.172294267175715,12.137353438029878,0.018226222556321153,0.006498144146361623
0181-4.tif,0.0,161.34050948227477,0.0,0.0974074074074074,0.0014025377229080933,0.0,0.0,0.0225,0.00875,4.78515625e-10,34.19145386782665,12.954666508849035,0.010977237971508543,0.003960653946142161
0181-6.tif,0.0,169.9561440757318,0.0,0.08916666666666667,0.0006090277777777778,0.0,0.0,0.031111111111111114,0.010972222222222223,2.5171427576303156e-08,-19.719788707921953,10.497538000459528,0.012867725708463899,0.004695025181175883
0182-1.tif,0.0,157.02350195206213,0.0,0.08366666666666667,0.000569888888888889,0.0,0.0,0.0,0.0,0.0,33.65262142496379,13.229518599363592,0.012683803517919121,0.004151110629936477
0182-2.tif,0.0,148.99399275320872,0.0,0.1025,0.0022083333333333334,0.0,0.0,0.0,0.0,0.0,43.1375813752281,10.102900619129896,0.007502421940227038,0.0024546729295352363
0182-3.tif,0.0,155.3904705801081,0.0,0.08888888888888889,0.0010796296296296296,0.0,0.0,0.0,0.0,0.0,32.90994153871417,14.868851307555401,0.011233362459485146,0.00358120887805835
0182-4.tif,0.0,131.7979281990086,0.0,0.11888888888888888,0.006450617283950617,0.0,0.0,0.0,0.0,0.0,18.132964308502697,9.48155804711902,0.00734501676274411,0.002321670008922991
0182-6.tif,0.0,156.61174818455189,0.0,0.08866666666666667,0.0017571111111111112,0.0,0.0,0.0,0.0,0.0,-10.592101934638096,6.736902434915098,0.007643804604094524,0.0024581898891279283
0183-1.tif,0.0,181.27425125115442,0.0,0.08742424242424242,0.0003466483011937558,0.0,0.0,0.0158641975308642,0.010277777777777776,2.4080504115226337e-10,45.98411262011913,6.653059847018023,0.016235646620974504,0.005371958617628431
0183-2.tif,0.0,149.33974688608524,0.0,0.0975,0.0009347222222222222,0.0,0.0,0.015476190476190477,0.010892857142857142,1.0841836734693877e-10,20.826491345717198,9.068626585159588,0.009206940867181792,0.0030446318108419074
0183-3.tif,0.0,180.48522561879315,0.0,0.08666666666666667,0.0004156565656565656,0.0,0.0,0.0175,0.011328125,6.526014539930555e-10,4.556335745191349,5.02024657156264,0.015274133163072239,0.005165614007921176
0183-4.tif,0.0,138.67227552759059,0.0,0.10928571428571428,0.004066553287981859,0.0,0.0,0.015392156862745096,0.011323529411764706,5.991986255286429e-10,-22.14478442377317,16.579243476496362,0.009123504138212526,0.0029885405154899233
0183-6.tif,0.0,180.08929409088663,0.0,0.08787878787878788,0.000574793388429752,0.0,0.0,0.022564102564102562,0.013076923076923076,1.8077025805391188e-08,-44.07349675904251,5.499107780171622,0.010440412293344888,0.0035438471493990974
0184-1.tif,0.0,172.02632227527147,0.0,0.08303030303030304,5.596877869605142e-05,0.0,0.0,0.017142857142857144,0.009464285714285713,1.5093537414965988e-10,14.57254505699259,10.827764517836368,0.021804855897933392,0.006247749096841855
0184-2.tif,0.0,170.8765798919078,0.0,0.08399999999999999,0.00027566666666666663,0.0,0.0,0.020185185185185184,0.010416666666666668,1.7834790809327849e-09,-5.628529715359921,6.670830875185207,0.01203839925553277,0.0035945268290004154
0184-3.tif,0.0,180.5770172851397,0.0,0.07875,0.00010839120370370371,0.0,0.0,0.018055555555555557,0.011041666666666667,1.907642505787037e-09,-15.474097873837605,13.136077302527859,0.017737123117700863,0.004982162050028933
0184-4.tif,0.0,157.07463194290796,0.0,0.09796296296296296,0.001150480109739369,0.0,0.0,0.018333333333333333,0.010673076923076922,1.0339620315581855e-09,-5.853743685366951,7.333421985249138,0.010821477491146668,0.003071312945094463
0184-6.tif,0.0,182.38253449518922,0.0,0.08848484848484849,0.00027649219467401284,0.0,0.0,0.02033333333333333,0.01075,1.3256944444444445e-09,18.292897110171698,10.252360373413644,0.011084475642841533,0.0032421056815095913
0185-1.tif,0.0,167.2272665497046,0.0,0.09083333333333334,0.0002851388888888889,0.0,0.0,0.0,0.0,0.0,4.241867619116446,4.2917443576199625,0.014553477499187305,0.0046252331948397046
0185-2.tif,0.0,151.24552885953355,0.0,0.09729166666666667,0.0014145399305555556,0.0,0.0,0.0,0.0,0.0,16.402085790662316,10.097692219169163,0.008493061325407019,0.002714463198094598
0185-3.tif,0.0,151.64844212849667,0.0,0.08962962962962963,0.0013844307270233194,0.0,0.0,0.0,0.0,0.0,9.921597845625952,8.47153752594157,0.012350071675871568,0.003855538794301117
0185-4.tif,0.0,140.86873322352267,0.0,0.125,0.007181481481481482,0.0,0.0,0.0,0.0,0.0,45.378533902431805,9.040119231393014,0.008060858341458354,0.0024602573717144487
0185-6.tif,0.0,172.46328111610694,0.0,0.08439393939393938,0.0006718549127640038,0.0,0.0,0.0,0.0,0.0,16.514849444758234,9.150166275832897,0.008062603915929596,0.002559190603609841
0186-1.tif,0.0,159.864974016685,0.0,0.09074074074074073,0.0002722908093278464,0.0,0.0,0.022083333333333333,0.010625,5.1399739583333335e-09,15.122899526898236,6.353514008606799,0.014366813526583356,0.0047095569607226466
0186-2.tif,0.0,158.95861096524467,0.0,0.0962962962962963,0.0012319615912208504,0.0,0.0,0.0,0.0,0.0,-38.00724394909037,13.10999280431127,0.008565465374059654,0.002759416854871422
0186-3.tif,0.0,152.4168297793915,0.0,0.1,0.00110625,0.0,0.0,0.024,0.009250000000000001,1.392361111111111e-09,39.9491266309711,11.27795786973215,0.01159465549919978,0.0035218971982944533
0186-4.tif,0.0,137.55947577320873,0.0,0.10642857142857143,0.0034614512471655323,0.0,0.0,0.021666666666666667,0.00875,0.0,6.830785869009072,8.61248923610454,0.007654214187878065,0.0022334646356232018
0186-6.tif,0.0,183.73092623300485,0.0,0.07847222222222222,0.00039558256172839514,0.0,0.0,0.020555555555555556,0.010833333333333332,6.62133487654321e-10,-22.71636945929505,9.693039670918013,0.008366375757541379,0.002628248091813619
0187-1.tif,0.0,168.33886129537117,0.0,0.07818181818181817,0.00035881542699724525,0.0,0.0,0.0225,0.015208333333333332,3.96412037037037e-10,38.28151392794107,12.191360982566806,0.021689002216994702,0.007936534828643814
0187-2.tif,0.0,150.83381583716564,0.0,0.0975,0.00134375,0.0,0.0,0.023666666666666666,0.0125,6.608680555555555e-09,44.877848950384525,4.187520063156796,0.013711558016151735,0.005271466147009786
0187-3.tif,0.0,161.01665639418687,0.0,0.08466666666666667,0.0008671111111111111,0.0,0.0,0.028333333333333332,0.013125,3.515625e-10,41.63453453670737,8.438075431870255,0.020786018700359427,0.0077437726333113
0187-4.tif,0.0,148.6427484496525,0.0,0.09979166666666667,0.001966970486111111,0.0,0.0,0.0,0.0,0.0,-13.73099403679887,7.373516396220712,0.011519593270064172,0.004275061485461965
0187-6.tif,0.0,175.4610395184324,0.0,0.08454545454545455,0.0005263085399449035,0.0,0.0,0.028166666666666663,0.01225,7.083159722222223e-09,37.61231320680266,11.618518334387703,0.014350530552506404,0.005438102993258552
0188-1.tif,0.0,169.46293842607594,0.0,0.07984848484848485,0.0002961891643709825,0.0,0.0,0.023333333333333334,0.01625,0.0,-6.161014483143423,7.130878773361459,0.017761396527055277,0.006095437683000905
0188-2.tif,0.0,152.218921294299,0.0,0.09791666666666667,0.0013664930555555555,0.0,0.0,0.019444444444444445,0.01,2.1122685185185184e-10,43.96702023266146,6.340657982670619,0.010374105167617389,0.0037240495151732098
0188-3.tif,0.0,171.80178743734498,0.0,0.08060606060606061,0.0004809458218549127,0.0,0.0,0.022916666666666665,0.010625,3.8492838541666667e-10,29.694268816948956,23.14020164317134,0.016957033368992524,0.006133778360341487
0188-4.tif,0.0,134.7196635799765,0.0,0.12083333333333333,0.005905324074074073,0.0,0.0,0.018333333333333333,0.010416666666666668,1.253858024691358e-11,23.239297369544534,10.991119283846436,0.010014790102464456,0.0036627598638739748
0188-6.tif,0.0,175.00775976033566,0.0,0.08424242424242424,0.0005835169880624426,0.0,0.0,0.026333333333333334,0.014125,1.4723958333333334e-09,-0.5020561032980575,4.903194063725688,0.010795696608428614,0.003988278390690733
0189-1.tif,0.0,169.30708457973307,0.0,0.0796969696969697,0.00028829201101928374,0.0,0.0,0.02,0.010625,1.833767361111111e-10,43.871079115455146,6.248968660651887,0.015406191054697062,0.005785882111913533
0189-2.tif,0.0,160.7465085157373,0.0,0.0961111111111111,0.0010598765432098766,0.0,0.0,0.02,0.0075,0.0,-42.49619263939017,10.437333725514826,0.010012792149060217,0.0038093115487857253
0189-3.tif,0.0,166.50767416415243,0.0,0.085,0.0005894444444444444,0.0,0.0,0.02,0.01109375,9.168158637152778e-10,-45.19547060407884,6.775622689894907,0.016168573636662006,0.0062014619675885545
0189-4.tif,0.0,134.39691444465865,0.0,0.12027777777777779,0.006725385802469135,0.0,0.0,0.02361111111111111,0.010416666666666668,6.253978587962964e-09,18.852162816367233,10.231378060194054,0.010653406087835991,0.0040161059805702976
0189-6.tif,0.0,171.99418594824652,0.0,0.08393939393939394,0.0006400367309458219,0.0,0.0,0.02037037037037037,0.01125,2.4866040809327843e-09,8.598524692544016,7.58016618248997,0.010891759289448442,0.004177634088652167
0190-1.tif,0.0,169.66830385588622,0.0,0.07924242424242424,0.0002617998163452709,0.0,0.0,0.013409090909090909,0.012272727272727274,3.303722595270891e-10,-22.948523304300917,9.385788427329562,0.017739367421198773,0.00521114845083054
0190-2.tif,0.0,177.34200715002635,0.0,0.08681818181818182,3.810835629017447e-05,0.0,0.0,0.013148148148148148,0.012013888888888888,2.150848765432099e-10,-18.32339546582603,12.742138526243375,0.010429174825345451,0.0032277337223446125
0190-3.tif,0.0,175.5374287406788,0.0,0.0853030303030303,4.990817263544536e-05,0.0,0.0,0.012941176470588235,0.013161764705882352,6.55246780084583e-10,45.1568627512929,5.529215360700755,0.017322347139134876,0.005241948101645116
0190-4.tif,0.0,155.03189994320525,0.0,0.09537037037037037,0.0006473936899862826,0.0,0.0,0.013157894736842105,0.013157894736842106,9.401931363496461e-10,39.7605079759087,15.370108604503528,0.010493255434535437,0.003191947711482287
0190-6.tif,0.0,173.0175007204634,0.0,0.08454545454545455,0.0005904499540863177,0.0,0.0,0.014487179487179485,0.012211538461538463,2.4403147600262985e-10,12.409064480673202,6.749418668393911,0.010447314409347888,0.0032627841020913323
0191-1.tif,0.0,174.91877083060265,0.0,0.08966666666666666,0.0002771111111111111,0.0,0.0,0.018583333333333334,0.01353125,4.5062255859375e-09,-33.03232494963754,14.186867332127845,0.018421043313489257,0.005260190196687157
0191-2.tif,0.0,163.40789114632406,0.0,0.08,0.00037929292929292927,0.0,0.0,0.018000000000000002,0.013083333333333334,7.255309606481481e-09,10.369228177735046,6.910176874269043,0.010245641595217516,0.0031122132472148137
0191-3.tif,0.0,172.69883870162212,0.0,0.08075757575757575,0.0005138200183654729,0.0,0.0,0.01920289855072464,0.013967391304347827,2.2606529615626968e-09,-2.190756103579323,3.6388191489457284,0.016707374437896768,0.004873147041453541
0191-4.tif,0.0,147.40956633446007,0.0,0.10145833333333333,0.001379470486111111,0.0,0.0,0.018333333333333333,0.0134375,1.7186957465277778e-09,17.015916469825157,11.133024890274624,0.010517460479960116,0.0031035297182160654
0191-6.tif,0.0,166.59556610134646,0.0,0.08783333333333333,0.0006833611111111113,0.0,0.0,0.01966666666666667,0.014642857142857141,6.400984977324264e-09,3.398191952262728,10.761457314828814,0.010313834559657679,0.0030647253933485104
0192-1.tif,0.0,174.29970995067345,0.0,0.08916666666666667,0.00011402777777777777,0.0,0.0,0.0,0.0,0.0,-6.164581243229394,6.169832677236976,0.011649976474668127,0.0034968179727789287
0192-2.tif,0.0,151.11617638569373,0.0,0.10333333333333333,0.0018965277777777778,0.0,0.0,0.02666666666666667,0.01,0.0,34.69969635789125,14.001058901893856,0.007044720529415941,0.0022008406662158684
0192-3.tif,0.0,162.00438724801037,0.0,0.08533333333333334,0.0005515555555555557,0.0,0.0,0.021666666666666667,0.01,0.0,-39.14929374927653,11.542151832075271,0.010188154625199038,0.003059342736285841
0192-4.tif,0.0,139.48655849220742,0.0,0.11023809523809523,0.0037471655328798186,0.0,0.0,0.0,0.0,0.0,-45.18625802079531,9.203489300182298,0.006079814765915526,0.0018417279297374657
0192-6.tif,0.0,175.6029889330538,0.0,0.08409090909090909,0.00014664830119375576,0.0,0.0,0.028333333333333332,0.010625,1.2538580246913579e-09,11.815933320711238,10.031062487229347,0.006330348048364572,0.0020291324814375586
0193-1.tif,0.0,171.93353043804134,0.0,0.08866666666666667,0.000574888888888889,0.0,0.0,0.018333333333333333,0.01916666666666667,6.7486496913580245e-09,32.95624676626093,14.643620503871158,0.01795186424527684,0.006470977258709439
0193-2.tif,0.0,166.16097939763165,0.0,0.08950000000000001,0.0004278055555555555,0.0,0.0,0.021666666666666667,0.01875,0.0,8.859896792272016,9.570897024968698,0.010613364396352468,0.0037633426811145066
0193-3.tif,0.0,158.3581044853668,0.0,0.08416666666666667,0.00095125,0.0,0.0,0.02,0.015,3.1539351851851854e-10,-43.70322350144476,6.932693159580361,0.016014797776663047,0.005454138190727972
0193-4.tif,0.0,144.5106685796358,0.0,0.09833333333333333,0.0019416666666666666,0.0,0.0,0.011666666666666667,0.01625,0.0,-6.57918869579856,5.881278135912733,0.009667451687795425,0.00325850647846555
0193-6.tif,0.0,165.8322362464922,0.0,0.09083333333333334,0.0006668055555555556,0.0,0.0,0.016666666666666666,0.01875,4.655789399092971e-09,-44.63597684634627,5.259763526663146,0.01021050657583612,0.0034383537503398427
0194-1.tif,0.0,174.2420889324837,0.0,0.08866666666666667,0.00014988888888888886,0.0,0.0,0.014722222222222223,0.010416666666666668,2.700617283950618e-11,-15.069107692251409,9.750433519056042,0.01441579055307425,0.004752594923030699
0194-2.tif,0.0,157.519459640037,0.0,0.08722222222222223,0.0005549382716049383,0.0,0.0,0.015,0.00875,0.0,0.6748479683721331,6.658673790227321,0.009110537051626896,0.0031470016215401253
0194-3.tif,0.0,162.5009090883662,0.0,0.0937037037037037,0.000439368998628258,0.0,0.0,0.0,0.0,0.0,41.22274200352306,13.704122382976546,0.013797703888928533,0.004584947838340265
0194-4.tif,0.0,134.6833671059645,0.0,0.10714285714285715,0.003741043083900226,0.0,0.0,0.014166666666666666,0.01,1.0850694444444444e-12,43.942224667672384,8.263287334179298,0.008593247804967851,0.0028669469462238965
0194-6.tif,0.0,175.288097598677,0.0,0.0846969696969697,0.0005398071625344354,0.0,0.0,0.0,0.0,0.0,-18.66243353052375,9.838886267229674,0.008357212488645982,0.0029299729593346095
0195-1.tif,0.0,173.5954748514168,0.0,0.08983333333333333,0.00024024999999999999,0.0,0.0,0.01763888888888889,0.009583333333333334,7.20472715192044e-10,-5.121412671867659,10.328991632193215,0.017709854991240594,0.005240817617718428
0195-2.tif,0.0,140.99601605439025,0.0,0.09354166666666666,0.003366970486111111,0.0,0.0,0.01783783783783784,0.010641891891891892,4.20452758501745e-09,-44.008644826478864,8.12052868935146,0.009612014608390212,0.0028277929645566862
0195-3.tif,0.0,172.24616993000325,0.0,0.08090909090909092,0.00035977961432506896,0.0,0.0,0.01685185185185185,0.010027777777777778,1.1707733196159123e-09,-21.559801369223607,12.92140393625955,0.01406768658560568,0.00395494188248423
0195-4.tif,0.0,138.17199426801366,0.0,0.10857142857142857,0.0036368480725623583,0.0,0.0,0.01661111111111111,0.010166666666666666,3.6443383487654316e-10,27.941100519266794,25.586622995427234,0.008884576478744657,0.002493149589424183
0195-6.tif,0.0,163.75606858983883,0.0,0.09833333333333333,0.0011567901234567901,0.0,0.0,0.020104166666666666,0.0118359375,1.1776190863715278e-08,44.215783987726084,5.722130677936593,0.008869785154265909,0.0026432766760884053
0196-1.tif,0.0,173.99664747728139,0.0,0.08850000000000001,0.0004858055555555556,0.0,0.0,0.022824074074074073,0.011631944444444445,4.5091835723165296e-09,37.24496660070675,9.433406758204603,0.02522636471685378,0.007737828575493727
0196-2.tif,0.0,167.46737686501686,0.0,0.09166666666666666,0.00024222222222222223,0.0,0.0,0.024774774774774775,0.010337837837837838,5.460722546871195e-09,35.498443110516305,13.268197189170989,0.014456631477147609,0.004426745680318047
0196-3.tif,0.0,168.67597141659903,0.0,0.07848484848484849,0.0004820477502295684,0.0,0.0,0.023489583333333335,0.0112890625,7.155011494954427e-09,-43.05628282694504,8.368703027804038,0.0187562945272227,0.005413817079732507
0196-4.tif,0.0,147.01003577063693,0.0,0.103125,0.002503081597222222,0.0,0.0,0.022916666666666665,0.009479166666666667,8.061764564043209e-10,14.677537238500939,10.487905598783396,0.011179989185028254,0.0032423974787112874
0196-6.tif,0.0,166.43291942000738,0.0,0.091,0.0004078888888888889,0.0,0.0,0.0234375,0.013359375,9.920518663194445e-09,25.46696978125967,12.462791159696184,0.00988664898619259,0.002788872789312699
0197-1.tif,0.0,169.88646126817235,0.0,0.0846969696969697,0.0013418273645546372,0.0,0.0,0.02090909090909091,0.010568181818181819,2.0499741735537188e-10,12.266473242151386,8.392934916806315,0.020739026902988778,0.005678292015098405
0197-2.tif,0.0,167.1816945968202,0.0,0.08966666666666666,0.0006837777777777778,0.0,0.0,0.020555555555555556,0.011666666666666667,5.633921682098765e-10,44.62724851817332,8.616107837608043,0.01213109953158932,0.0034688940953409076
0197-3.tif,0.0,177.25967980011765,0.0,0.07541666666666667,0.0009963541666666667,0.0,0.0,0.021416666666666667,0.015125,3.086056857638889e-09,-1.1467307722249553,3.721403243346841,0.01894665953231613,0.005046134569432546
0197-4.tif,0.0,166.9155277031761,0.0,0.08866666666666667,0.00044322222222222213,0.0,0.0,0.021521739130434783,0.012826086956521739,3.2939344412938453e-09,44.870036208480634,1.855641176577929,0.013217190819647602,0.004238731968449206
0197-6.tif,0.0,178.09617772627817,0.0,0.07777777777777778,0.00012839506172839505,0.0,0.0,0.02380952380952381,0.016964285714285713,1.0384070294784581e-08,-13.870701885927703,9.681415222299403,0.018907544667935358,0.007451152308724498
0198-1.tif,0.0,172.80279383029531,0.0,0.08090909090909092,0.0003496786042240588,0.0,0.0,0.0,0.0,0.0,43.90625392600618,7.973914427604743,0.010791751363421805,0.003236051709575956
0198-2.tif,0.0,154.43231152506655,0.0,0.08600000000000001,0.0011095555555555555,0.0,0.0,0.030833333333333334,0.013125,8.402777777777777e-09,3.884393391867953,3.6858189575330815,0.007131870640588684,0.0022259338974941222
0198-3.tif,0.0,176.4672420025881,0.0,0.088,0.00047377777777777777,0.0,0.0,0.016666666666666666,0.0125,0.0,14.000233782297336,9.281071016146862,0.011276112419495063,0.0034336451831932483
0198-4.tif,0.0,145.47659605586048,0.0,0.08796296296296297,0.001710973936899863,0.0,0.0,0.0,0.0,0.0,10.802238995383238,8.024641104880555,0.006755294793725534,0.0020666263213152407
0198-6.tif,0.0,175.30661631045825,0.0,0.08484848484848484,0.0005471992653810836,0.0,0.0,0.03133333333333333,0.013999999999999999,7.288888888888888e-09,44.717539560085584,4.8553086159055345,0.008041018526736533,0.002603180202118147
0199-1.tif,0.0,164.4623597319309,0.0,0.08633333333333333,0.0006015555555555556,0.0,0.0,0.018333333333333333,0.00875,0.0,5.687582736180632,6.499297306474798,0.016589632265922003,0.005411968416211559
0199-2.tif,0.0,160.7365546476594,0.0,0.09703703703703703,0.0012313443072702332,0.0,0.0,0.0,0.0,0.0,14.854115539519162,7.885328687030186,0.008838562618984223,0.0029073389146719872
0199-3.tif,0.0,153.0609029112268,0.0,0.09055555555555556,0.0010790123456790124,0.0,0.0,0.015,0.0125,0.0,6.479075589339381,8.116308206919886,0.013589891972732944,0.004188083029121331
0199-4.tif,0.0,146.8628317785841,0.0,0.09979166666666667,0.0018579427083333334,0.0,0.0,0.02,0.01375,0.0,6.647815702781992,7.1919781442353035,0.008908119215258473,0.0027813663348103036
0199-6.tif,0.0,173.99351440658805,0.0,0.08333333333333333,0.00046414141414141414,0.0,0.0,0.02361111111111111,0.012291666666666668,3.772424768518519e-10,22.212932069261065,11.520560873412443,0.010212908391207531,0.003289535365189984
0200-1.tif,0.0,171.74276226056483,0.0,0.08866666666666667,0.0012909999999999998,0.0,0.0,0.021666666666666667,0.02,0.0,3.375910067347833,6.586465141714998,0.016535171673428873,0.004734258699930277
0200-2.tif,0.0,161.85042477546978,0.0,0.09944444444444445,0.0019154320987654321,0.0,0.0,0.0,0.0,0.0,29.27048056387942,11.754855213010675,0.009335310539451955,0.0027979316818787063
0200-3.tif,0.0,173.65504999535398,0.0,0.08090909090909092,0.0006123048668503214,0.0,0.0,0.0,0.0,0.0,12.412972413255792,9.05527673908782,0.012953853358292607,0.0036277328836001343
0200-4.tif,0.0,145.00668088057185,0.0,0.11238095238095239,0.003888775510204082,0.0,0.0,0.023333333333333334,0.02125,5.0173611111111115e-09,42.06554030936993,10.890925185221729,0.007903231292297346,0.00218240167868519
0200-6.tif,0.0,165.89880416428713,0.0,0.089,0.000634,0.0,0.0,0.02,0.0125,1.8310546875e-10,5.8784190964003225,4.271115226255288,0.008456942401159158,0.0024673274389478317
0201-1.tif,0.0,180.52092830349494,0.0,0.08681818181818182,0.0011527548209366392,0.0,0.0,0.0,0.0,0.0,44.4850612224301,7.281169523210027,0.019991396375839257,0.006557647038930193
0201-2.tif,0.0,158.65257640517535,0.0,0.0974074074074074,0.0011136488340192045,0.0,0.0,0.014166666666666666,0.010625,4.340277777777778e-12,-41.7436137051018,16.322196084117092,0.010989827745995162,0.0035876877666784685
0201-3.tif,0.0,172.16003133389844,0.0,0.088,0.00017544444444444446,0.0,0.0,0.014285714285714285,0.0125,6.237599206349207e-10,-16.539733437757313,10.6592822151591,0.014372867346374853,0.004521716136810229
0201-4.tif,0.0,144.84884362672696,0.0,0.11238095238095239,0.00397687074829932,0.0,0.0,0.016333333333333335,0.010249999999999999,1.920138888888889e-10,-44.71620016055792,5.792524146014307,0.008943766792759555,0.0028943661107796725
0201-6.tif,0.0,164.7367546939888,0.0,0.08816666666666667,0.0005330277777777778,0.0,0.0,0.017592592592592594,0.010972222222222223,5.296210562414266e-10,6.950904962709776,7.047974488734431,0.009614096950377913,0.003288727197397767
0202-1.tif,0.0,169.8599095987305,0.0,0.07954545454545454,0.00033590449954086314,0.0,0.0,0.01537037037037037,0.011944444444444445,6.241902911141595e-10,40.0846531486093,11.002160008174185,0.01646855923154435,0.005238802136432984
0202-2.tif,0.0,156.6748543959751,0.0,0.09574074074074074,0.0007661179698216737,0.0,0.0,0.015476190476190477,0.011071428571428572,2.9905596497858395e-10,-13.460960136769085,8.571409734067162,0.009666825165867355,0.0031782008424937635
0202-3.tif,0.0,173.14547111220284,0.0,0.08866666666666667,0.00016933333333333335,0.0,0.0,0.015289855072463769,0.01184782608695652,4.920184835118673e-10,-43.38103279112031,9.59014418973056,0.014622839698785573,0.004777347418895581
0202-4.tif,0.0,140.1355928199542,0.0,0.11119047619047619,0.003210090702947846,0.0,0.0,0.015294117647058823,0.011838235294117648,3.117190503652441e-10,37.69277863536576,14.419675483142708,0.008969189703211864,0.0029605156648185474
0202-6.tif,0.0,179.40579107103116,0.0,0.0773611111111111,0.0002784529320987654,0.0,0.0,0.017619047619047618,0.011964285714285714,1.8195728812358279e-09,-45.24960628890475,6.59641537947242,0.00904068210548966,0.002994978387800928
0203-1.tif,0.0,176.44661596081596,0.0,0.08136363636363636,0.00014738292011019284,0.0,0.0,0.016666666666666666,0.011310975609756097,4.548022423821799e-10,-8.595459180929288,10.14153902448028,0.017589064000476683,0.005246938150912802
0203-2.tif,0.0,160.4321975165833,0.0,0.0962962962962963,0.0008560356652949246,0.0,0.0,0.016523809523809524,0.010321428571428572,4.998724489795918e-10,16.38223411331219,8.25011395534951,0.009709193307136982,0.002962670645947713
0203-3.tif,0.0,174.7800204701772,0.0,0.08933333333333333,0.00021844444444444447,0.0,0.0,0.015666666666666666,0.011444444444444445,6.764274691358023e-10,-3.584759696446337,5.2123229690796276,0.014062404595938967,0.004076228139244419
0203-4.tif,0.0,146.4073405775817,0.0,0.11333333333333333,0.004275396825396825,0.0,0.0,0.016481481481481482,0.010833333333333332,5.760513117283951e-10,38.77544181461636,12.397856438144622,0.00864021489975258,0.0024484933702269254
0203-6.tif,0.0,173.59483479259015,0.0,0.08484848484848484,0.0006805325987144169,0.0,0.0,0.018666666666666665,0.01292857142857143,8.168636621315192e-09,-19.875938913353156,8.363561033322817,0.009712114017172039,0.002908676320682041
0204-1.tif,0.0,172.48790215226367,0.0,0.08090909090909092,0.00032038567493112956,0.0,0.0,0.0,0.0,0.0,44.40124432358841,4.410352996145711,0.013386435488465138,0.0041079923762445784
0204-2.tif,0.0,149.05537955015078,0.0,0.10333333333333333,0.0021319444444444446,0.0,0.0,0.02666666666666667,0.0175,0.0,-39.72173396788449,8.608014004260923,0.007404303826218501,0.002271409207796603
0204-3.tif,0.0,170.83737800089952,0.0,0.08045454545454546,0.0003364095500459137,0.0,0.0,0.02666666666666667,0.015,0.0,41.98232921942133,9.561712869854503,0.010872313615637926,0.0032952293677876742
0204-4.tif,0.0,139.6078771953789,0.0,0.11,0.0036746031746031746,0.0,0.0,0.03666666666666667,0.01,0.0,-27.853419005810785,14.840968908106762,0.006729719358711198,0.0020058563580363066
0204-6.tif,0.0,162.256141811506,0.0,0.08015151515151515,0.0005835629017447199,0.0,0.0,0.021666666666666667,0.015357142857142857,5.770975056689343e-09,44.65071662923705,8.538474859846135,0.007516130122672559,0.002311312954099248
0205-1.tif,0.0,170.4896542967409,0.0,0.08045454545454546,0.00032832874196510564,0.0,0.0,0.0,0.0,0.0,22.581919893895716,8.569128570735755,0.012775199708791105,0.0044440156574971764
0205-2.tif,0.0,147.471277806147,0.0,0.10208333333333333,0.0018977430555555555,0.0,0.0,0.0,0.0,0.0,18.011335437042135,7.216882880754426,0.007894233052501016,0.0028309892158275966
0205-3.tif,0.0,151.94090956684445,0.0,0.099375,0.0008603732638888889,0.0,0.0,0.0,0.0,0.0,-10.34182677035567,8.837990488652439,0.011560400446884375,0.004134591768616145
0205-4.tif,0.0,133.77852547233064,0.0,0.12166666666666667,0.0059629629629629624,0.0,0.0,0.0,0.0,0.0,44.404601914878384,5.114152940240827,0.007187782468309554,0.0024912352692510356
0205-6.tif,0.0,167.48001539155516,0.0,0.09216666666666666,0.0008305833333333331,0.0,0.0,0.0,0.0,0.0,-24.767296344895083,10.459827490607003,0.007800240529275957,0.0028784249212158164
0206-1.tif,0.0,170.01770741112037,0.0,0.08,0.00037777777777777777,0.0,0.0,0.019333333333333334,0.01075,1.7371527777777778e-09,-3.8896572989698375,13.215663688129073,0.01487300768913143,0.004629085406512268
0206-2.tif,0.0,139.73864493721445,0.0,0.0925,0.0031305555555555557,0.0,0.0,0.0,0.0,0.0,7.623557175309078,7.909015667495304,0.009384803534714251,0.0031367387427555524
0206-3.tif,0.0,166.35454520614638,0.0,0.09033333333333333,0.0005376666666666668,0.0,0.0,0.015833333333333335,0.0134375,2.095269097222222e-09,7.724023369249417,9.2379561038911,0.014200629358948861,0.004604875203865954
0206-4.tif,0.0,132.3951825974042,0.0,0.10571428571428572,0.003987981859410431,0.0,0.0,0.023333333333333334,0.01125,0.0,-7.371427439853055,6.870558210631254,0.008987206157593387,0.002963209965509967
0206-6.tif,0.0,167.91780396637185,0.0,0.09283333333333334,0.0008183611111111112,0.0,0.0,0.02666666666666667,0.00875,0.0,-37.510829250062976,14.882423229862841,0.00933167762993359,0.003127371271387719
0207-1.tif,0.0,171.54500138447636,0.0,0.08060606060606061,0.0009137741046831957,0.0,0.0,0.0,0.0,0.0,44.05540880750884,10.825334431633738,0.02610157304167934,0.011198178310565183
0207-2.tif,0.0,140.99128770912245,0.0,0.10571428571428572,0.0025149659863945577,0.0,0.0,0.023333333333333334,0.01875,0.0,44.36724951497669,8.09926000108422,0.015788963867174134,0.0070570104268906685
0207-3.tif,0.0,172.24393232338323,0.0,0.08075757575757575,0.0009314967860422407,0.0,0.0,0.024074074074074074,0.024027777777777776,1.904974708504801e-08,18.72189211200005,8.461289085249245,0.024147089197249297,0.010306481341373947
0207-4.tif,0.0,144.59256550735935,0.0,0.0874074074074074,0.001797599451303155,0.0,0.0,0.0,0.0,0.0,42.73232235784961,7.5358366109873485,0.015676998563657417,0.00694785014088016
0207-6.tif,0.0,169.03377374556445,0.0,0.0935,0.0015063611111111113,0.0,0.0,0.028533333333333334,0.0195,3.992580555555555e-08,39.45230499050003,10.747742301104378,0.016718457980930662,0.007210353841402653
0208-1.tif,0.0,175.41338080849667,0.0,0.08575757575757575,0.0006693755739210285,0.0,0.0,0.015833333333333335,0.010625,4.123263888888889e-11,-44.97944871395201,3.031140296752139,0.016560692993291354,0.004938222368874255
0208-2.tif,0.0,142.64832003874614,0.0,0.10666666666666667,0.002184126984126984,0.0,0.0,0.017666666666666667,0.01,7.98611111111111e-12,1.9007911841014558,6.372632695396941,0.008933439117991642,0.0026541559373313836
0208-3.tif,0.0,175.42274336268056,0.0,0.08883333333333333,0.00039502777777777773,0.0,0.0,0.016666666666666666,0.01,0.0,36.433411093273605,12.671739487796229,0.013711998109138182,0.00400959551335992
0208-4.tif,0.0,142.7874294186992,0.0,0.11380952380952382,0.0037854875283446715,0.0,0.0,0.016666666666666666,0.010833333333333332,2.035108024691358e-10,6.4411212166580984,9.751416682258101,0.008781870555729269,0.002521279844385944
0208-6.tif,0.0,174.45540261052392,0.0,0.08484848484848484,0.0006815426997245178,0.0,0.0,0.02375,0.0096875,2.5282118055555554e-10,31.231186443329165,12.069677795018778,0.008938162185982144,0.0027113669673213014
0209-1.tif,0.0,171.25133819428487,0.0,0.08700000000000001,0.00015322222222222224,0.0,0.0,0.0,0.0,0.0,18.741910716698882,10.982817507649171,0.016011530088179994,0.005277231244565391
0209-2.tif,0.0,139.4975994306482,0.0,0.10428571428571429,0.002076077097505669,0.0,0.0,0.018333333333333333,0.00875,0.0,44.52274811590687,5.277746668315354,0.008769628049712808,0.00273974577084034
0209-3.tif,0.0,172.11743003607225,0.0,0.0875,0.0002584722222222222,0.0,0.0,0.0,0.0,0.0,-20.88436321730776,9.086234784750502,0.012917232837227136,0.003975134172053636
0209-4.tif,0.0,136.6797694430306,0.0,0.10738095238095238,0.0033356009070294786,0.0,0.0,0.0,0.0,0.0,44.57571166867433,5.156284002732266,0.00805645324295187,0.0024142808987619563
0209-6.tif,0.0,170.8934853449169,0.0,0.08181818181818182,0.00024063360881542697,0.0,0.0,0.023333333333333334,0.011041666666666667,5.127555941358023e-10,-34.10922025080195,10.728848315442058,0.00821933686805616,0.0025523482558378547
0210-1.tif,0.0,170.30224357496488,0.0,0.07909090909090909,0.00029260789715335173,0.0,0.0,0.016694444444444446,0.011270833333333334,1.4308400848765427e-09,38.217085783398964,12.523244945293095,0.023456822244547416,0.007652838404240589
0210-2.tif,0.0,158.7724472318796,0.0,0.09537037037037037,0.001196159122085048,0.0,0.0,0.018958333333333334,0.01171875,2.492336697048611e-09,7.564506510463625,7.030720799106171,0.013052142049926765,0.00424405833384838
0210-3.tif,0.0,170.00849651970012,0.0,0.08015151515151515,0.00023558310376492196,0.0,0.0,0.017769953051643195,0.01147887323943662,1.4709968535784348e-09,-13.998855442047955,8.034695796549503,0.020838629961820933,0.0068772014210584
0210-4.tif,0.0,147.028425907004,0.0,0.10166666666666667,0.002897222222222222,0.0,0.0,0.01761437908496732,0.011715686274509805,1.7930103005254387e-09,38.67865242732501,12.555676003293957,0.011027350634420396,0.00345443727901628
0210-6.tif,0.0,168.8798060423119,0.0,0.09316666666666666,0.0008246944444444444,0.0,0.0,0.01745762711864407,0.012076271186440677,1.5659562625682276e-09,44.7948211855,5.633598156193564,0.01159491042759979,0.0036043822200627937
0211-1.tif,0.0,167.035654044944,0.0,0.07833333333333334,0.0002939393939393939,0.0,0.0,0.019166666666666665,0.009375,2.1782769097222222e-10,45.462947512907604,3.914026081750178,0.017562421359067278,0.006022836705816115
0211-2.tif,0.0,148.89900463148473,0.0,0.10458333333333333,0.0021373263888888887,0.0,0.0,0.0225,0.0075,3.1358506944444447e-10,-44.95919651364832,4.719425232337555,0.010318256571510512,0.0035736284764819933
0211-3.tif,0.0,170.42658895319775,0.0,0.08666666666666667,0.00017666666666666666,0.0,0.0,0.023333333333333334,0.01125,2.5e-09,-28.4039852989847,9.205934784080988,0.014389750239990722,0.004679861713671406
0211-4.tif,0.0,137.01362842797792,0.0,0.10785714285714285,0.004050566893424036,0.0,0.0,0.018333333333333333,0.00875,0.0,10.38282034957618,8.919386637950216,0.008180202701833242,0.0025833083653227945
0211-6.tif,0.0,162.91314930009804,0.0,0.091,0.0009878888888888888,0.0,0.0,0.020833333333333332,0.00875,3.1358506944444447e-10,-33.829858972702944,15.159638120125118,0.007634829426326581,0.002432059364668528
0212-1.tif,0.0,162.15842676808634,0.0,0.08516666666666667,0.00083525,0.0,0.0,0.0,0.0,0.0,45.06895974284913,2.89730110169908,0.018210554644919295,0.006383810064525291
0212-2.tif,0.0,148.48477496047104,0.0,0.101875,0.002048220486111111,0.0,0.0,0.0,0.0,0.0,38.518820874188684,11.285110019168524,0.009702245482507149,0.0032826503726438036
0212-3.tif,0.0,162.2733129604913,0.0,0.09333333333333334,0.00041481481481481485,0.0,0.0,0.0,0.0,0.0,-43.79773203624375,10.508981262135443,0.014614036460861325,0.0047492888189007805
0212-4.tif,0.0,134.54367320688104,0.0,0.12277777777777779,0.00635432098765432,0.0,0.0,0.016666666666666666,0.0075,0.0,-44.994989924371495,6.340909164661718,0.008985962930740622,0.00279333918004646
0212-6.tif,0.0,176.37923102251773,0.0,0.0846969696969697,0.0005064738292011019,0.0,0.0,0.017222222222222222,0.009791666666666666,1.8614969135802471e-10,42.308295304932614,8.801974338085579,0.009231336737179836,0.003036850409951614
0213-1.tif,0.0,175.07609456715926,0.0,0.0853030303030303,4.33425160697888e-05,0.0,0.0,0.0,0.0,0.0,44.60088671329418,10.412574253905944,0.012067900430305905,0.0039019630411905766
0213-2.tif,0.0,138.28481969480487,0.0,0.091875,0.002598220486111111,0.0,0.0,0.02,0.0125,0.0,-39.78995658550941,11.41874185552191,0.007769220555039171,0.0025639557707272317
0213-3.tif,0.0,169.37573288074324,0.0,0.07954545454545454,0.00024348025711662074,0.0,0.0,0.0,0.0,0.0,-19.50164401715743,8.767707078455475,0.01216234891520373,0.003984462061533702
0213-4.tif,0.0,137.07548103143756,0.0,0.1080952380952381,0.00328843537414966,0.0,0.0,0.0,0.0,0.0,10.455326880005005,13.55576182656086,0.007900680062540704,0.0025369124730301954
0213-6.tif,0.0,174.61138592507237,0.0,0.08424242424242424,0.0005299816345270892,0.0,0.0,0.021666666666666667,0.006875,3.1358506944444447e-10,-38.59646878858583,13.323229502066496,0.008252126918186926,0.002752776506391627
0214-1.tif,0.0,149.1761200490863,0.0,0.0746969696969697,0.0010160697887970616,0.0,0.0,0.013333333333333334,0.0125,0.0,6.738872724853652,7.503916592434415,0.014118200384766135,0.004595136238493863
0214-2.tif,0.0,166.51443736577218,0.0,0.089,0.0004906666666666667,0.0,0.0,0.01611111111111111,0.01,7.040895061728397e-11,12.443822564834836,7.3121345933402075,0.010064628059070284,0.003434024451836182
0214-3.tif,0.0,170.45698382094332,0.0,0.07909090909090909,0.000324931129476584,0.0,0.0,0.014375,0.01234375,8.673773871527777e-11,-11.318708534716032,7.764705194066065,0.01624361211295877,0.0054169465283499625
0214-4.tif,0.0,148.00709025392027,0.0,0.10166666666666667,0.0021138888888888887,0.0,0.0,0.0,0.0,0.0,46.541015061767126,6.260339357028582,0.008255734693548402,0.002745885118186812
0214-6.tif,0.0,181.2421310268989,0.0,0.07902777777777778,0.00023169367283950616,0.0,0.0,0.01625,0.011875,3.7240487557870372e-09,-29.363926523517172,13.306872099786938,0.01057587014267681,0.0035590839326805367
0215-1.tif,0.0,167.78729507590523,0.0,0.07833333333333334,0.00028636363636363636,0.0,0.0,0.01388888888888889,0.012083333333333333,1.8614969135802471e-10,-45.07341891339422,6.457811533585368,0.01693924533963037,0.005565747484594392
0215-2.tif,0.0,146.77983849171628,0.0,0.10166666666666667,0.0020729166666666665,0.0,0.0,0.022083333333333333,0.010625,7.427300347222222e-09,43.54359167526611,7.075849200913099,0.010053120879169262,0.0034338236640676753
0215-3.tif,0.0,175.62956202062213,0.0,0.08454545454545455,3.489439853076217e-05,0.0,0.0,0.017222222222222222,0.01125,4.890046296296297e-10,-27.60202370217631,13.770302936937759,0.01749271424255753,0.006154611239121179
0215-4.tif,0.0,145.1906367079307,0.0,0.10041666666666667,0.0020505208333333334,0.0,0.0,0.015833333333333335,0.009375,3.90625e-11,-39.237183286397936,13.514983245428247,0.010216932288139415,0.0034741617861570825
0215-6.tif,0.0,168.21258045170765,0.0,0.09333333333333334,0.0009983333333333333,0.0,0.0,0.030208333333333334,0.010625,5.157063802083334e-09,-2.1960601704410756,8.767952231742926,0.011515718916279338,0.004181753776832906
0216-1.tif,0.0,171.23108168008906,0.0,0.08075757575757575,0.0002749311294765841,0.0,0.0,0.014444444444444444,0.010833333333333332,3.858024691358025e-12,42.357781748432956,9.339173435421294,0.0138406257144493,0.004286439927517558
0216-2.tif,0.0,149.6985448192054,0.0,0.105,0.001776388888888889,0.0,0.0,0.0,0.0,0.0,-39.628457858857914,13.968380356243173,0.008162424898315875,0.0026907686056566326
0216-3.tif,0.0,165.15672270772254,0.0,0.08399999999999999,0.0004756666666666667,0.0,0.0,0.02,0.010625,9.765625e-12,-43.72976609337825,7.1247404820334745,0.012741100080711524,0.004075951793780323
0216-4.tif,0.0,133.6495569825529,0.0,0.11972222222222222,0.006514274691358025,0.0,0.0,0.016666666666666666,0.01,0.0,-41.34875752493215,9.301584794864608,0.0081530239467331,0.0025806076861012387
0216-6.tif,0.0,169.20886173273811,0.0,0.08121212121212121,0.00031519742883379245,0.0,0.0,0.0,0.0,0.0,-10.555240696423006,8.150764583572979,0.008388677982940294,0.0027950137069848867
0217-1.tif,0.0,145.12026047385666,0.0,0.08537037037037037,0.0010912208504801097,0.0,0.0,0.02,0.0075,0.0,-25.282893880129112,9.994673551203078,0.010210645746633027,0.0031603569684144624
0217-2.tif,0.0,145.88969281322036,0.0,0.101875,0.002032248263888889,0.0,0.0,0.018333333333333333,0.00875,0.0,-42.41153351436479,8.49104055956364,0.006045517546986104,0.0019934696472701688
0217-3.tif,0.0,140.6946610725545,0.0,0.094375,0.0023069010416666667,0.0,0.0,0.02,0.01,0.0,-13.276047275531726,9.3254991941524,0.009325967665567307,0.0029372210253930217
0217-4.tif,0.0,130.39225011053722,0.0,0.13466666666666666,0.010203777777777777,0.0,0.0,0.0,0.0,0.0,-44.69254592445528,9.4792312926667,0.00598051224224261,0.001837774284880927
0217-6.tif,0.0,174.09848943534413,0.0,0.08393939393939394,0.0005334710743801653,0.0,0.0,0.019444444444444445,0.01125,3.5397376543209877e-10,-32.41597606876609,12.972198207638403,0.006381229351563871,0.0021269612883468656
0218-1.tif,0.0,165.99387621881948,0.0,0.09266666666666667,0.0003562222222222222,0.0,0.0,0.0,0.0,0.0,42.97961747566907,8.440314325585058,0.01017324159430828,0.003090573956252871
0218-2.tif,0.0,139.6105694820815,0.0,0.105,0.0022952380952380954,0.0,0.0,0.0,0.0,0.0,5.831238184011862,4.698780685434164,0.0065989690279266554,0.002006653280372521
0218-3.tif,0.0,149.14234811078978,0.0,0.0887037037037037,0.0012338134430727025,0.0,0.0,0.0,0.0,0.0,20.37383664001948,9.32853367528392,0.009493281719354275,0.002871479839288093
0218-4.tif,0.0,135.08567240417798,0.0,0.14266666666666666,0.010714,0.0,0.0,0.0,0.0,0.0,42.46966928925349,7.182852946666731,0.006402172634976241,0.0019516331613765158
0218-6.tif,0.0,167.984188244013,0.0,0.09283333333333334,0.0008066944444444444,0.0,0.0,0.020833333333333332,0.010625,1.833767361111111e-10,-20.341235900733814,9.126646739345473,0.007177037312842442,0.0023335502101195786
0219-1.tif,0.0,166.18022676779282,0.0,0.09216666666666666,0.00028169444444444444,0.0,0.0,0.0,0.0,0.0,43.886830393918665,6.221846723202866,0.01675131856599012,0.006342870102015445
0219-2.tif,0.0,157.70063411413412,0.0,0.095,0.001178395061728395,0.0,0.0,0.0,0.0,0.0,-44.23196405374095,5.1822833787876155,0.008745313355707525,0.0030612178451168153
0219-3.tif,0.0,153.57551888240522,0.0,0.09425925925925926,0.0008340192043895748,0.0,0.0,0.0,0.0,0.0,-44.542380467296034,12.069270130230763,0.012527780640386108,0.004252623298293589
0219-4.tif,0.0,137.72525148991082,0.0,0.12277777777777779,0.00704320987654321,0.0,0.0,0.0,0.0,0.0,-38.30108051444526,12.711764222332407,0.007694433727605962,0.0025005114262701277
0219-6.tif,0.0,172.2142359259407,0.0,0.08393939393939394,0.000564279155188246,0.0,0.0,0.0,0.0,0.0,18.577406841557426,10.902348146300154,0.008388959565079943,0.002804436151384155
0220-1.tif,0.0,170.80030168461516,0.0,0.08045454545454546,0.00026267217630853996,0.0,0.0,0.0,0.0,0.0,43.038645042282845,6.8292082660146205,0.012632917879885736,0.004102099216495149
0220-2.tif,0.0,139.35566009315875,0.0,0.09270833333333334,0.0024131510416666667,0.0,0.0,0.0,0.0,0.0,-44.31834114997245,9.65755701389213,0.007083312196474174,0.002240074874803463
0220-3.tif,0.0,159.63372331633033,0.0,0.08433333333333333,0.0005556666666666668,0.0,0.0,0.0,0.0,0.0,28.435630755095783,17.285776826558628,0.009809698269997294,0.0029024324982940717
0220-4.tif,0.0,143.32518751077913,0.0,0.11214285714285716,0.0037981859410430837,0.0,0.0,0.0,0.0,0.0,18.42710509423331,9.697015376918154,0.005531100467966579,0.0016318276101814709
0220-6.tif,0.0,167.2819167436262,0.0,0.08966666666666666,0.00041433333333333334,0.0,0.0,0.0,0.0,0.0,6.132654142197145,7.417762658085373,0.0060648202302196925,0.0019696024351834743
0221-1.tif,0.0,153.06799142864585,0.0,0.100625,0.001690234375,0.0,0.0,0.0,0.0,0.0,42.43399056696721,9.850384029411263,0.012390397939854206,0.0041525335995188
0221-2.tif,0.0,159.65036799205944,0.0,0.09814814814814814,0.0011120027434842249,0.0,0.0,0.023333333333333334,0.01,0.0,16.884649084529297,10.208839606765512,0.007993254873157175,0.0027770223742527756
0221-3.tif,0.0,146.31936995726628,0.0,0.099375,0.0012319010416666667,0.0,0.0,0.018333333333333333,0.00875,0.0,40.46832915321825,9.50940369565602,0.012100843049036268,0.004069312419815171
0221-4.tif,0.0,138.6376866629897,0.0,0.1225,0.007082175925925927,0.0,0.0,0.0,0.0,0.0,39.18354900289723,13.388633261474803,0.007697827916585627,0.0025672395392781116
0221-6.tif,0.0,179.29083658021304,0.0,0.07371794871794872,0.0003171597633136095,0.0,0.0,0.027916666666666666,0.0096875,4.788140190972222e-09,38.976210348643605,11.209293457355747,0.009068961998448045,0.0031556751676769996
0222-1.tif,0.0,175.97602714624944,0.0,0.07597222222222223,0.0005756751543209876,0.0,0.0,0.028888888888888888,0.015416666666666667,1.658950617283951e-10,43.10591389696115,8.43514087189702,0.013598702801321621,0.003626388645199885
0222-2.tif,0.0,177.55202680403912,0.0,0.08483333333333333,0.0003130277777777778,0.0,0.0,0.03333333333333333,0.01375,1.2543402777777779e-09,2.8801604341024847,5.255692546457431,0.00850264861138094,0.002407653175641611
0222-3.tif,0.0,182.42102009206224,0.0,0.07527777777777778,0.00028233024691358026,0.0,0.0,0.03,0.010833333333333332,7.508680555555556e-09,-43.372736595743746,8.616202351282702,0.013033172990045342,0.003408747787111932
0222-4.tif,0.0,173.2040383157647,0.0,0.08196969696969697,0.00038728191000918276,0.0,0.0,0.025,0.01,3.90625e-11,37.958753339673535,14.817500463058629,0.008002058095294352,0.002150369785598735
0222-6.tif,0.0,176.27606190291408,0.0,0.09366666666666668,0.0004587777777777778,0.0,0.0,0.030416666666666668,0.014375,4.901258680555556e-09,-20.81528968029973,10.784771376935025,0.008503967424938213,0.0024163060774418407
0223-1.tif,0.0,168.9361113623201,0.0,0.08,0.0003085858585858586,0.0,0.0,0.0,0.0,0.0,15.415461933694322,9.212343357788114,0.01410313180114676,0.0046756507642621
0223-2.tif,0.0,171.79436997630498,0.0,0.08439393939393938,8.448117539026631e-05,0.0,0.0,0.02,0.01375,0.0,-44.41703773948741,11.615130028743392,0.009815459011416306,0.0034089040706850736
0223-3.tif,0.0,136.62610057388264,0.0,0.09208333333333334,0.002675520833333333,0.0,0.0,0.025833333333333333,0.01375,3.90625e-11,-39.09551560780713,11.657040979928569,0.012377409937023055,0.004317769417057556
0223-4.tif,0.0,134.59656152740308,0.0,0.1080952380952381,0.0029955782312925173,0.0,0.0,0.0,0.0,0.0,-44.06927992422997,3.5479129116811805,0.009029008184300276,0.0031096184503594583
0223-6.tif,0.0,137.34758598169827,0.0,0.10785714285714285,0.007097392290249434,0.0,0.0,0.0,0.0,0.0,-43.97841260946437,6.211677639862205,0.0066377142730620585,0.0024578147943212815
0224-1.tif,0.0,159.95986066758556,0.0,0.0937037037037037,0.000885048010973937,0.0,0.0,0.0,0.0,0.0,9.46575621949777,8.080376089153843,0.015165738827177885,0.004657925022804463
0224-2.tif,0.0,151.36552005379897,0.0,0.08399999999999999,0.001311777777777778,0.0,0.0,0.018333333333333333,0.01125,0.0,-26.592534650619182,10.759979367739813,0.008500119301295454,0.0026970253766092234
0224-3.tif,0.0,142.39929775107743,0.0,0.08796296296296297,0.0013103566529492456,0.0,0.0,0.021666666666666667,0.01125,0.0,1.9745076426757961,6.555127477570623,0.012333522269527455,0.0037275286550699435
0224-4.tif,0.0,136.81657615290658,0.0,0.12222222222222222,0.008946913580246914,0.0,0.0,0.0,0.0,0.0,24.92255041264542,11.846322956514335,0.007214261645489173,0.002140415470107328
0224-6.tif,0.0,163.54567404856664,0.0,0.09216666666666666,0.0007833611111111112,0.0,0.0,0.0,0.0,0.0,9.58312797580514,9.165355381308562,0.007554280802094269,0.0023336979798068967
0227-1.tif,0.0,179.60378847155016,0.0,0.08727272727272728,0.00034811753902662997,0.0,0.0,0.014074074074074074,0.011944444444444445,2.936385459533608e-10,46.551038667760444,8.214398193716011,0.014796752760051343,0.0052523416021919575
0227-2.tif,0.0,148.1479074072118,0.0,0.104375,0.002108984375,0.0,0.0,0.015,0.0121875,5.929226345486111e-10,-2.681757212893845,6.771356812427802,0.009293350253337548,0.003500032001229303
0227-3.tif,0.0,171.9840714523683,0.0,0.08783333333333333,0.00018336111111111114,0.0,0.0,0.013666666666666666,0.0125,5.798611111111112e-11,-9.791885145194511,8.613399143591906,0.014585898533198022,0.005434008313946715
0227-4.tif,0.0,135.30700046560784,0.0,0.10642857142857143,0.003703514739229024,0.0,0.0,0.013333333333333334,0.0121875,6.293402777777778e-11,11.056092619067222,10.941106522620704,0.008493792395513445,0.0030490178197656167
0227-6.tif,0.0,173.3192902965186,0.0,0.08424242424242424,0.0005052341597796143,0.0,0.0,0.015555555555555557,0.011458333333333333,6.99387538580247e-10,10.217857535075687,9.900961209301583,0.009587964777892111,0.00367056048590068
0228-1.tif,0.0,170.98464843371173,0.0,0.08883333333333333,0.0010355833333333332,0.0,0.0,0.014242424242424242,0.011704545454545454,5.914861505681818e-10,0.10314050779096162,4.066097362764178,0.017294532781784132,0.005119450169301009
0228-2.tif,0.0,148.98392530739685,0.0,0.09314814814814815,0.0023070644718792867,0.0,0.0,0.014122807017543858,0.011973684210526317,5.300068290243151e-10,40.89217690635787,10.389953621460041,0.008197230839348443,0.002370984926019452
0228-3.tif,0.0,160.368944459666,0.0,0.0925925925925926,0.0003982167352537723,0.0,0.0,0.014121212121212121,0.0115,5.055670339761249e-10,-15.448247145485901,12.194653648743476,0.01160771412006479,0.0032362906996506887
0228-4.tif,0.0,134.12513194926657,0.0,0.12194444444444445,0.006063348765432098,0.0,0.0,0.014801587301587302,0.011964285714285714,5.075172430083144e-10,18.142518192606065,9.216281757545124,0.005991630720929192,0.0016399884748452918
0228-6.tif,0.0,174.29190640719165,0.0,0.08393939393939394,0.0005152892561983471,0.0,0.0,0.016041666666666666,0.011328125,7.517647448881175e-10,-44.11468395064666,7.323137117905606,0.007717319280633888,0.0022042369723546612
0229-1.tif,0.0,177.82567931044778,0.0,0.08606060606060606,0.0003834710743801653,0.0,0.0,0.013409090909090909,0.011988636363636365,1.8100034435261705e-10,-37.55788888287512,14.468005024260464,0.020910892458844005,0.008660709589113387
0229-2.tif,0.0,136.19004513936298,0.0,0.09041666666666667,0.0027005208333333334,0.0,0.0,0.013690476190476189,0.012053571428571427,3.1896612811791385e-10,3.372405985065527,7.548968712648835,0.012890821745210217,0.005593854345547688
0229-3.tif,0.0,174.11643387221866,0.0,0.07909090909090909,0.00022594123048668506,0.0,0.0,0.013174603174603176,0.011666666666666667,1.584545855379189e-10,10.736112767319911,8.09714325984492,0.01913068933910378,0.008025661679854959
0229-4.tif,0.0,132.63022095361254,0.0,0.11944444444444445,0.0070200617283950615,0.0,0.0,0.014047619047619048,0.012321428571428572,1.817823483560091e-10,-33.923449206308156,12.859332956862405,0.011973181854389973,0.005005157762134359
0229-6.tif,0.0,156.07833379746126,0.0,0.09777777777777777,0.0009969135802469135,0.0,0.0,0.014523809523809522,0.01125,1.5554138321995466e-10,-17.452122420777425,6.31480672963891,0.012226814798907549,0.005231411513704208
0230-1.tif,0.0,177.40703040711162,0.0,0.08075757575757575,0.0002032139577594123,0.0,0.0,0.0,0.0,0.0,-44.28585932032327,6.870078226450281,0.014100110696311167,0.00452378342712328
0230-2.tif,0.0,138.31347470131251,0.0,0.10380952380952381,0.0020878684807256243,0.0,0.0,0.0,0.0,0.0,-8.009800740041346,10.12845134064235,0.008277669340598924,0.0026553592798772797
0230-3.tif,0.0,156.6036213338505,0.0,0.08216666666666667,0.0006883611111111112,0.0,0.0,0.0,0.0,0.0,-10.441048575283176,10.26452903326309,0.011879958929743943,0.0038730077098516236
0230-4.tif,0.0,131.12745007535725,0.0,0.11805555555555555,0.006277237654320987,0.0,0.0,0.0,0.0,0.0,22.56367160761041,8.795677096632058,0.007620533041107664,0.002404289127762323
0230-6.tif,0.0,169.42752875492224,0.0,0.08136363636363636,0.0002554637281910009,0.0,0.0,0.013333333333333334,0.0125,0.0,-31.182113214207487,13.28688296902585,0.008706773467167828,0.0028443322760241794
0231-1.tif,0.0,178.2065554038035,0.0,0.089,0.0003734444444444444,0.0,0.0,0.015535714285714285,0.010133928571428572,2.6799000850340137e-10,10.62061170723579,8.203094240133812,0.01537322823378436,0.005100746790759047
0231-2.tif,0.0,151.77825931272238,0.0,0.09729166666666667,0.001196484375,0.0,0.0,0.015,0.010875,3.8320312499999994e-10,41.445861012271244,8.239361054658746,0.008896342969499642,0.0030742422372706615
0231-3.tif,0.0,176.3162405074095,0.0,0.088,0.00026544444444444445,0.0,0.0,0.014583333333333334,0.0096875,4.340277777777778e-11,-40.16736791623129,11.37049650378214,0.013758773157547862,0.0047216471490031785
0231-4.tif,0.0,143.56047288512252,0.0,0.11166666666666666,0.003834126984126984,0.0,0.0,0.016333333333333335,0.009250000000000001,9.131944444444444e-11,43.22900632554649,11.753788119306872,0.007768180775698427,0.002586005243426257
0231-6.tif,0.0,165.00438261146803,0.0,0.08833333333333333,0.00047277777777777775,0.0,0.0,0.017619047619047618,0.012678571428571428,4.69812925170068e-10,-44.64518512876371,9.012936652984779,0.008575013070886227,0.0030046504555785694
0232-1.tif,0.0,180.11655177196297,0.0,0.08727272727272728,0.00044256198347107433,0.0,0.0,0.01625,0.0109375,1.5950520833333333e-09,34.592965717745436,12.362978276561625,0.01397841875437076,0.004467145947473691
0232-2.tif,0.0,169.18360118253455,0.0,0.09083333333333334,0.0004490277777777778,0.0,0.0,0.016,0.01125,5.9375e-10,13.614321558303695,8.458634194443492,0.008831432620261634,0.0029159722456056727
0232-3.tif,0.0,175.11607261724689,0.0,0.08933333333333333,0.00021177777777777777,0.0,0.0,0.017222222222222222,0.01425,7.280555555555559e-09,-25.910275999649063,13.197148672024518,0.013643631303124895,0.004559543320585918
0232-4.tif,0.0,151.47863802456695,0.0,0.10333333333333333,0.0021243055555555555,0.0,0.0,0.019166666666666665,0.009375,2.712673611111111e-11,45.54549863690365,5.2701139540183695,0.007887264453210321,0.002593800929138047
0232-6.tif,0.0,174.02256798089917,0.0,0.08439393939393938,0.0006683195592286502,0.0,0.0,0.01888888888888889,0.015208333333333332,2.4617513020833335e-09,-10.841393123525688,12.393595757704528,0.00886738300122374,0.0030190317471556196
0233-1.tif,0.0,173.5916944697784,0.0,0.08378787878787879,4.044995408631773e-05,0.0,0.0,0.0,0.0,0.0,-35.291711490145474,14.204224108989813,0.014460540275369605,0.0045791754425408985
0233-2.tif,0.0,151.63775914988986,0.0,0.09770833333333333,0.001304123263888889,0.0,0.0,0.0,0.0,0.0,-41.60271532765268,10.178981336641998,0.009183560357364654,0.0031188690996946412
0233-3.tif,0.0,169.59483990446824,0.0,0.0796969696969697,0.0002665748393021121,0.0,0.0,0.0,0.0,0.0,27.04122746450495,13.744707399693327,0.013691493061251267,0.004377541550001267
0233-4.tif,0.0,139.511847366292,0.0,0.09625,0.001693576388888889,0.0,0.0,0.0,0.0,0.0,-16.38077648034301,7.677217699889263,0.00889400085411661,0.0028734813049735974
0233-6.tif,0.0,175.959617475853,0.0,0.08484848484848484,0.0005562901744719927,0.0,0.0,0.0,0.0,0.0,7.450236376376966,7.349312364790588,0.008924548760383854,0.0030088798304055133
0234-1.tif,0.0,160.6229093506417,0.0,0.08483333333333333,0.0006485833333333332,0.0,0.0,0.0,0.0,0.0,45.235618015836614,9.571782307240905,0.01374552530559909,0.004426395759522576
0234-2.tif,0.0,163.8254967592949,0.0,0.08866666666666667,0.0006276666666666666,0.0,0.0,0.0,0.0,0.0,3.6941798908104313,8.468996634032472,0.009083491055126045,0.003111926566446372
0234-3.tif,0.0,150.96824169341045,0.0,0.08925925925925926,0.0012920438957475992,0.0,0.0,0.0,0.0,0.0,-34.55943930036197,17.181740778822096,0.013091384646803933,0.004348996994219334
0234-4.tif,0.0,138.7430454223246,0.0,0.12277777777777779,0.006786728395061729,0.0,0.0,0.0,0.0,0.0,-26.037629600008184,21.143727249680463,0.007302442895538007,0.0023356092311131046
0234-6.tif,0.0,176.0923977472585,0.0,0.08439393939393938,0.0005774104683195591,0.0,0.0,0.025555555555555557,0.007916666666666666,1.320408950617284e-09,1.8962831039940726,6.651193664368912,0.008882216188616827,0.0030916254666819173
0235-1.tif,0.0,148.47545251656922,0.0,0.096875,0.000999609375,0.0,0.0,0.018333333333333333,0.01125,0.0,-30.08099603962204,19.949736539879765,0.016044442502326044,0.005039045033600049
0235-2.tif,0.0,149.1620672759988,0.0,0.08666666666666667,0.0013166666666666667,0.0,0.0,0.031111111111111114,0.011458333333333333,1.0763406635802469e-08,-38.44336007066145,12.294493292993936,0.010196189528394009,0.0032675300712479718
0235-3.tif,0.0,142.09655906729563,0.0,0.10833333333333334,0.0030992063492063494,0.0,0.0,0.03222222222222222,0.012083333333333333,2.286844135802469e-09,41.00127657570792,10.474618908555259,0.014736980142659914,0.004607308696450591
0235-4.tif,0.0,132.04938470133058,0.0,0.16416666666666666,0.011486805555555556,0.0,0.0,0.025,0.01125,0.0,37.26663238820856,13.94519701665379,0.009405729832419772,0.0029692938691410226
0235-6.tif,0.0,175.7699530320495,0.0,0.09366666666666668,0.0009515555555555557,0.0,0.0,0.033,0.008,7.222222222222222e-10,-7.960340936603103,7.517483248067369,0.009934458136453703,0.0031891745160400812
0236-1.tif,0.0,171.18013578943348,0.0,0.08,0.0002909090909090909,0.0,0.0,0.0,0.0,0.0,3.184142223986202,8.413943492198367,0.015374395695163131,0.004753007500809443
0236-2.tif,0.0,139.70082672502093,0.0,0.105,0.00233015873015873,0.0,0.0,0.0,0.0,0.0,-20.046182542885983,11.080645010575779,0.008337550180046253,0.0025824639582636413
0236-3.tif,0.0,160.05102492178045,0.0,0.08433333333333333,0.000639,0.0,0.0,0.018333333333333333,0.008125,1.736111111111111e-11,-39.26755066110607,11.163060775009068,0.012103639844919752,0.0035678904323890362
0236-4.tif,0.0,134.99992441418897,0.0,0.12111111111111111,0.006769135802469135,0.0,0.0,0.0,0.0,0.0,4.968432733473637,7.943812192894409,0.00770625599900748,0.002264045373717481
0236-6.tif,0.0,169.47999131349195,0.0,0.0776388888888889,0.0005233603395061729,0.0,0.0,0.025416666666666667,0.0071875,9.578450520833334e-10,-24.7487092046076,12.762978538903692,0.007877677687031844,0.0023597201968451457
0237-1.tif,0.0,171.5611326094061,0.0,0.08816666666666667,0.0001041388888888889,0.0,0.0,0.0,0.0,0.0,44.71597247257513,7.685647675818473,0.011411906519090778,0.0036707639041814793
0237-2.tif,0.0,159.95588234735433,0.0,0.08483333333333333,0.0004146944444444445,0.0,0.0,0.021666666666666667,0.01,0.0,-21.764596175597994,7.981118376536123,0.007064384180117756,0.002421042874520977
0237-3.tif,0.0,169.02142780001464,0.0,0.07939393939393939,0.00041427915518824613,0.0,0.0,0.015,0.021875,3.650173611111111e-09,-43.11029433041374,8.512525321599254,0.01123500333343271,0.0037185943911375585
0237-4.tif,0.0,142.17765075777558,0.0,0.11,0.0049912698412698416,0.0,0.0,0.018333333333333333,0.00875,0.0,44.84460926225261,3.130264346067214,0.006677305442479504,0.0021921738418636955
0237-6.tif,0.0,168.49862054024936,0.0,0.09133333333333332,0.0005704444444444444,0.0,0.0,0.021111111111111112,0.010416666666666668,5.319251543209877e-10,14.666229559561703,9.588812541808108,0.007483969167846307,0.002540789136996451
0238-1.tif,0.0,165.79360862577613,0.0,0.0905,0.00033725,0.0,0.0,0.018229166666666668,0.00984375,4.657660590277778e-10,4.594349107682379,7.902142645491866,0.015685369653029982,0.005073006618350832
0238-2.tif,0.0,142.88320186431994,0.0,0.11404761904761905,0.0034403628117913834,0.0,0.0,0.017708333333333333,0.01,2.9947916666666666e-10,-6.139822536927726,3.811134469679479,0.009289110303278815,0.0030851803254299676
0238-3.tif,0.0,172.87728467197635,0.0,0.08090909090909092,0.0006643250688705233,0.0,0.0,0.018333333333333333,0.010380434782608696,6.529123345935728e-10,-5.490103946578081,6.225003384257221,0.01747414663700173,0.005598061468591677
0238-4.tif,0.0,135.18951172939657,0.0,0.12277777777777779,0.006114506172839506,0.0,0.0,0.017604166666666667,0.009921875,4.665120442708333e-10,-2.3351710513494033,4.093608155531825,0.009435666152439803,0.0031178315662159896
0238-6.tif,0.0,172.78856700860996,0.0,0.08424242424242424,0.0005143250688705235,0.0,0.0,0.01929824561403509,0.01105263157894737,2.066837873191751e-09,40.771571733108566,10.917074205653298,0.009898843167885937,0.0033710116609595563
0239-1.tif,0.0,184.14860862675994,0.0,0.08069444444444444,0.00017011959876543208,0.0,0.0,0.013472222222222224,0.011614583333333333,1.7828293788580245e-10,-8.629284938076829,4.548840703756968,0.01119380001814477,0.0033652058453714877
0239-2.tif,0.0,160.13372510922042,0.0,0.09018518518518519,0.0004805212620027435,0.0,0.0,0.013466666666666667,0.01205,3.9201388888888885e-10,-28.225663058867784,16.992925832704767,0.007000290233638079,0.0022467036087718754
0239-3.tif,0.0,171.02282173895847,0.0,0.08045454545454546,0.00022630853994490358,0.0,0.0,0.013066666666666666,0.012350000000000002,1.8461111111111114e-10,-44.277806549561866,8.02694419104488,0.010420185067905147,0.003161460846085123
0239-4.tif,0.0,158.18293207549291,0.0,0.09574074074074074,0.0008679698216735253,0.0,0.0,0.01386904761904762,0.0121875,2.2106075503117914e-10,41.31782669934505,11.012431190743893,0.006639632966741583,0.001998710456293551
0239-6.tif,0.0,168.88622073915786,0.0,0.09283333333333334,0.0007955833333333333,0.0,0.0,0.014270833333333333,0.012109375,6.258138020833334e-10,19.428905468690676,9.538427700557186,0.007270749484046299,0.002280444825065292
0240-1.tif,0.0,168.4591114253611,0.0,0.0787878787878788,0.0008763085399449036,0.0,0.0,0.0,0.0,0.0,15.636264351420552,8.822289245468097,0.014797651723086303,0.004322308369763878
0240-2.tif,0.0,151.0895429869321,0.0,0.09729166666666667,0.0013471788194444445,0.0,0.0,0.021666666666666667,0.00875,0.0,-44.23382866765177,7.066220201867922,0.009804375136907423,0.003008924139078187
0240-3.tif,0.0,167.12503361107855,0.0,0.08916666666666667,0.00040791666666666667,0.0,0.0,0.02666666666666667,0.010625,3.1358506944444447e-10,-45.00825728647732,5.169562921032855,0.014267600856033846,0.004290979300113711
0240-4.tif,0.0,144.94001992203533,0.0,0.11214285714285716,0.004161678004535148,0.0,0.0,0.0,0.0,0.0,18.467040063953966,11.270372495370392,0.0079907569758982,0.0023703612249695496
0240-6.tif,0.0,172.08434220850347,0.0,0.08393939393939394,0.0005380165289256199,0.0,0.0,0.019166666666666665,0.01,8.7890625e-11,0.4212492401237304,3.4783025711060667,0.008282238397547033,0.0025634476581364836
0241-1.tif,0.0,169.9692782697966,0.0,0.07954545454545454,0.00028388429752066125,0.0,0.0,0.01662037037037037,0.010277777777777776,7.866217635459533e-10,44.2251145613745,9.662215072271657,0.012359030404487383,0.0036209355574893442
0241-2.tif,0.0,152.28144995369593,0.0,0.098125,0.0014232204861111112,0.0,0.0,0.014666666666666668,0.011416666666666665,1.1686728395061729e-09,18.16050451802351,10.624625618981417,0.007423738508025209,0.0023432949906650965
0241-3.tif,0.0,172.48258768802015,0.0,0.08015151515151515,0.0003052800734618916,0.0,0.0,0.01673076923076923,0.010528846153846154,5.688845742932282e-10,-0.5901560647768812,4.606488068771152,0.011430536336689135,0.0034945305861551115
0241-4.tif,0.0,151.4503544946106,0.0,0.10354166666666667,0.0023565538194444445,0.0,0.0,0.016200000000000003,0.011200000000000002,3.7308333333333347e-10,43.61150285241566,6.567575879229725,0.007028669340407342,0.002112054133949664
0241-6.tif,0.0,174.15053753067264,0.0,0.08439393939393938,0.0005683195592286502,0.0,0.0,0.0175,0.011328125,2.9486592610677082e-09,42.15946565053629,9.901194809655562,0.007739813172927802,0.0024107602995024693
0242-1.tif,0.0,175.54051447521232,0.0,0.09033333333333333,0.0002315555555555556,0.0,0.0,0.0,0.0,0.0,-12.829650024029448,12.954670401523265,0.015789541934065086,0.005211151831465975
0242-2.tif,0.0,143.10573014383456,0.0,0.1119047619047619,0.004101133786848072,0.0,0.0,0.0,0.0,0.0,-2.9075750987485134,10.415740513122675,0.008433216117025908,0.002721687205480209
0242-3.tif,0.0,166.7557227635087,0.0,0.0905,0.00023725,0.0,0.0,0.0,0.0,0.0,-17.52564334244943,9.927638494921197,0.012372748966247796,0.003863030435733686
0242-4.tif,0.0,133.25341354810473,0.0,0.13799999999999998,0.01180711111111111,0.0,0.0,0.0,0.0,0.0,32.08070556494117,13.175779257761107,0.007824789699873231,0.002447112440949474
0242-6.tif,0.0,164.04534748982627,0.0,0.08833333333333333,0.0006172222222222222,0.0,0.0,0.0,0.0,0.0,-38.171329214317225,13.647950044991399,0.008413103228437583,0.002699980052475931
0243-1.tif,0.0,182.81386632917707,0.0,0.08893939393939394,0.0003617539026629936,0.0,0.0,0.018333333333333333,0.0075,0.0,39.53214777721991,11.933307540530297,0.01875048124391883,0.006238161173836141
0243-2.tif,0.0,140.63583291608154,0.0,0.1119047619047619,0.0038828798185941036,0.0,0.0,0.016666666666666666,0.00875,0.0,31.096023656492,16.046545073272558,0.010448383334587604,0.003431518796614025
0243-3.tif,0.0,172.21133470725118,0.0,0.09316666666666666,0.0005541388888888888,0.0,0.0,0.019166666666666665,0.0125,3.0479600694444444e-09,-15.620380341809692,9.409181555629006,0.016188567419936142,0.0052630042519339155
0243-4.tif,0.0,132.94006628736798,0.0,0.11972222222222222,0.00650871913580247,0.0,0.0,0.0175,0.0075,0.0,-3.793209473096854,10.056202661973337,0.009718904128507603,0.0030451208758308676
0243-6.tif,0.0,154.81149828097395,0.0,0.09407407407407407,0.0022438957475994516,0.0,0.0,0.02,0.011527777777777777,2.2602666323731135e-09,-0.21817757145807434,8.701962521825777,0.010070100218637896,0.0032958172997209177
0244-1.tif,0.0,173.61361553749177,0.0,0.08439393939393938,4.761248852157942e-05,0.0,0.0,0.012685185185185185,0.012777777777777777,2.3319615912208503e-10,45.35546220866333,5.900966046190323,0.01727916431449953,0.005297618661883078
0244-2.tif,0.0,156.62250796102072,0.0,0.09518518518518519,0.000963854595336077,0.0,0.0,0.014047619047619048,0.012738095238095238,8.860268644494836e-10,-32.39656724692839,11.698784632363678,0.009420085535840882,0.0028707107864507997
0244-3.tif,0.0,176.51172450828554,0.0,0.08515151515151516,3.507805325987143e-05,0.0,0.0,0.013944444444444445,0.012833333333333334,1.0649884259259259e-09,33.00794671203615,17.57291413529722,0.014710201241617402,0.004363997922142613
0244-4.tif,0.0,146.36745573646294,0.0,0.10166666666666667,0.0018597222222222222,0.0,0.0,0.013833333333333335,0.012375,6.245370370370371e-10,22.13334622459065,9.072198793539672,0.008704713739260924,0.0025191081892060423
0244-6.tif,0.0,171.47319194426734,0.0,0.08378787878787879,0.0005813590449954086,0.0,0.0,0.015595238095238096,0.013616071428571429,4.446725304705215e-09,-36.96210208960931,11.95838860240764,0.009450920971938519,0.0028290693091234122
0245-1.tif,0.0,167.69489076560706,0.0,0.07848484848484849,0.0002714416896235077,0.0,0.0,0.015963541666666668,0.01216796875,9.54928927951389e-10,20.889288570708242,10.591132605848648,0.02268935487332373,0.007987272412209133
0245-2.tif,0.0,154.68939847319854,0.0,0.09407407407407407,0.0009661179698216738,0.0,0.0,0.015897435897435898,0.012179487179487178,8.58113722697056e-10,43.50466293551352,7.506581882462047,0.013586910389979442,0.005032713118375181
0245-3.tif,0.0,171.75052563400075,0.0,0.08700000000000001,0.00019599999999999997,0.0,0.0,0.016224489795918368,0.012729591836734696,1.941425592345782e-09,24.779228626132422,24.779949523462015,0.021635092191564138,0.007760457539468472
0245-4.tif,0.0,149.33067333940474,0.0,0.09166666666666666,0.0007333333333333333,0.0,0.0,0.016504065040650405,0.01271341463414634,9.783208159825502e-10,14.276867467816697,9.986257662039923,0.013345188458776063,0.0048048444822386925
0245-6.tif,0.0,167.48275201411704,0.0,0.0925,0.0009606944444444445,0.0,0.0,0.015875,0.01184375,5.71047634548611e-10,-29.43282065549355,23.440804498591056,0.013213054886777846,0.004797917814765611
0246-1.tif,0.0,176.1686255136953,0.0,0.08,8.282828282828282e-05,0.0,0.0,0.0,0.0,0.0,39.127927951690474,11.287989332567978,0.020152024811514353,0.008040549412779716
0246-2.tif,0.0,149.83190581448264,0.0,0.098125,0.001032248263888889,0.0,0.0,0.0,0.0,0.0,39.44728740621879,9.805885924462252,0.011143479997119532,0.00443717910158009
0246-3.tif,0.0,174.95165858098255,0.0,0.07416666666666667,0.0003289351851851852,0.0,0.0,0.0,0.0,0.0,20.199985310825397,9.314460389280965,0.017765053537124126,0.006706221525639347
0246-4.tif,0.0,145.15279306073765,0.0,0.10104166666666667,0.001922873263888889,0.0,0.0,0.0,0.0,0.0,45.34628326950315,10.158261476500638,0.01071754021950274,0.004012121595843587
0246-6.tif,0.0,173.51815761011343,0.0,0.0775,0.0005997685185185185,0.0,0.0,0.022666666666666665,0.0095,1.5878472222222224e-09,-42.239963498545954,8.514736638969474,0.010982645951756716,0.004080986725983182
0247-1.tif,0.0,154.98355018016034,0.0,0.0805,0.0005166944444444444,0.0,0.0,0.0,0.0,0.0,-22.558733102418085,10.084034535189572,0.01053765269979362,0.003384170978191892
0247-2.tif,0.0,147.47638438277934,0.0,0.10208333333333333,0.001918576388888889,0.0,0.0,0.0,0.0,0.0,-22.580463953982676,9.758609025600052,0.006283474131743138,0.0020473467276147456
0247-3.tif,0.0,141.2011960918808,0.0,0.09458333333333334,0.0027637152777777777,0.0,0.0,0.0,0.0,0.0,-27.627936473543198,18.701661510615118,0.009627331602025531,0.0031277056812357125
0247-4.tif,0.0,131.16740787592354,0.0,0.13533333333333333,0.01030711111111111,0.0,0.0,0.0,0.0,0.0,15.057178350815033,8.519780052611583,0.006298845502567941,0.002003075850476357
0247-6.tif,0.0,166.7824336232364,0.0,0.10222222222222223,0.0007049382716049383,0.0,0.0,0.0225,0.00625,1.736111111111111e-11,-4.575111846674456,7.527367024247327,0.0063142963756400786,0.002088550942308207
0248-1.tif,0.0,142.19635181373607,0.0,0.09604166666666666,0.0026381510416666667,0.0,0.0,0.0,0.0,0.0,-44.831991493333874,11.136656408116488,0.010057621066361601,0.0031994437939667155
0248-2.tif,0.0,145.92083089432055,0.0,0.10229166666666667,0.0021492621527777777,0.0,0.0,0.018333333333333333,0.0125,0.0,-43.87101014871749,5.45796007076291,0.006839135270592503,0.0022677607376097838
0248-3.tif,0.0,150.73353973154084,0.0,0.08907407407407407,0.0011463648834019204,0.0,0.0,0.0,0.0,0.0,-20.28236230874455,9.179913067408252,0.010167978789747163,0.0032553854814420043
0248-4.tif,0.0,130.80095140666558,0.0,0.13599999999999998,0.01077511111111111,0.0,0.0,0.0,0.0,0.0,-18.57427270419897,9.62283640904569,0.006747398027065902,0.0021184434992880985
0248-6.tif,0.0,168.58996526747637,0.0,0.093,0.0008187777777777779,0.0,0.0,0.016999999999999998,0.010249999999999999,2.378472222222222e-10,-20.994983120195283,9.650297605777613,0.007045705523959999,0.002346164934710596
0249-1.tif,0.0,166.42390653589004,0.0,0.07712121212121212,0.0002995408631772268,0.0,0.0,0.011666666666666667,0.01125,0.0,3.53031196325647,5.938953545625087,0.011121199230149873,0.003468399157750597
0249-2.tif,0.0,146.59392135343737,0.0,0.10208333333333333,0.001974826388888889,0.0,0.0,0.016666666666666666,0.00875,0.0,31.699505454419437,13.724272900332815,0.007014094976771882,0.002277827348507861
0249-3.tif,0.0,160.85487247826842,0.0,0.09759259259259259,0.0011093278463648831,0.0,0.0,0.018333333333333333,0.01125,7.335069444444444e-10,-4.128601019966833,8.495830756183887,0.01041030600961582,0.003341370546002947
0249-4.tif,0.0,125.55184310125617,0.0,0.11333333333333333,0.005703703703703704,0.0,0.0,0.0,0.0,0.0,-7.184888189783433,7.2932253073998785,0.006327754947615492,0.00196832246544823
0249-6.tif,0.0,163.92585503944528,0.0,0.088,0.00042655555555555556,0.0,0.0,0.019166666666666665,0.0128125,4.774305555555556e-10,-46.113130077793706,9.127509700554741,0.007234371527329476,0.002379071884820435
0250-1.tif,0.0,176.5939315680657,0.0,0.08560606060606062,0.00022488521579430669,0.0,0.0,0.021025641025641025,0.009823717948717949,1.6726477463656955e-09,21.022467194412442,10.978291406857993,0.02248848029075098,0.007741663438733415
0250-2.tif,0.0,176.46698540739996,0.0,0.07125,0.00027042824074074073,0.0,0.0,0.022688172043010754,0.010403225806451612,4.405500500419124e-09,-44.959950946929375,3.4980081639296015,0.014906692472318978,0.005455385240477959
0250-3.tif,0.0,167.02740447649256,0.0,0.07180555555555555,0.0005053047839506172,0.0,0.0,0.02268627450980392,0.010691176470588235,3.135166762783544e-09,-44.03551409381211,8.595226319374177,0.023416142160880712,0.008390779399643309
0250-4.tif,0.0,147.23358446720547,0.0,0.10208333333333333,0.0017852430555555555,0.0,0.0,0.02306878306878307,0.011170634920634921,2.6280912313485067e-09,29.44208410785623,14.146295227145082,0.01271258009895021,0.004430255552337095
0250-6.tif,0.0,179.89178206476765,0.0,0.07833333333333334,0.0001722222222222222,0.0,0.0,0.022916666666666665,0.011416666666666665,7.627213541666665e-09,-42.041058976242915,11.597931504670628,0.01435152832052149,0.005216868858442964
0251-1.tif,0.0,164.16421317963574,0.0,0.07651515151515151,0.000334573002754821,0.0,0.0,0.015,0.01125,0.0,33.19526039393238,14.074139983359789,0.009340062815071359,0.0026270252210071625
0251-2.tif,0.0,159.74823942691825,0.0,0.0796969696969697,0.0003443526170798898,0.0,0.0,0.0,0.0,0.0,7.867154546273122,7.735224800777912,0.005636153952099666,0.0016103869948630638
0251-3.tif,0.0,157.8816378501564,0.0,0.08299999999999999,0.0007232222222222222,0.0,0.0,0.0175,0.01,2.126736111111111e-10,-45.229202454562,12.39178595354914,0.008474371428382319,0.0024485161489159603
0251-4.tif,0.0,143.0263724278727,0.0,0.09708333333333333,0.0021456597222222224,0.0,0.0,0.0175,0.015625,1.736111111111111e-11,-46.19698486606624,7.673852360348887,0.005502216541722661,0.0015368434166512306
0251-6.tif,0.0,172.85038165381593,0.0,0.08378787878787879,0.0005838842975206612,0.0,0.0,0.023541666666666666,0.01125,2.1503363715277778e-09,-19.48604819306762,9.239749319424464,0.006331414291629103,0.001866283152953158
0252-1.tif,0.0,190.03481152630096,0.0,0.0758974358974359,0.00010410913872452334,0.0,0.0,0.017222222222222222,0.012361111111111111,2.5309118274653254e-09,-0.44233455088510776,4.538632114057838,0.01516773301349201,0.0042483030002905525
0252-2.tif,0.0,166.86044984424026,0.0,0.08075757575757575,5.775941230486685e-05,0.0,0.0,0.016984126984126983,0.013005952380952382,1.2997040540753338e-09,-44.855939225343434,6.33634963061822,0.009055084615794759,0.0026493762798267457
0252-3.tif,0.0,183.51955909773915,0.0,0.07555555555555556,0.00011172839506172839,0.0,0.0,0.017763157894736842,0.01355263157894737,1.9008335196887504e-09,42.647915965563826,8.128069080527931,0.015295609670261527,0.004385722460484512
0252-4.tif,0.0,145.1020675248978,0.0,0.08888888888888889,0.0007839506172839507,0.0,0.0,0.01688679245283019,0.013608490566037737,1.1623322603931807e-09,-39.43972525131573,13.199250794969837,0.009151450673738595,0.0026237806057699646
0252-6.tif,0.0,179.78760617276524,0.0,0.08454545454545455,0.0007141873278236915,0.0,0.0,0.018015873015873016,0.013244047619047619,1.748937566924918e-09,-30.29308788405578,9.59919770995141,0.009944532818391605,0.0029202066996843906
0254-1.tif,0.0,180.07483651405082,0.0,0.08272727272727272,0.00030367309458218547,0.0,0.0,0.013833333333333335,0.013125,5.510416666666666e-10,21.34176194065154,10.800059561079463,0.023445370265277356,0.010227515162958023
0254-2.tif,0.0,158.70576757369918,0.0,0.08716666666666666,0.0009528055555555557,0.0,0.0,0.015,0.01125,6.157769097222223e-11,35.915430819834384,9.967347321755565,0.013410901725457315,0.005987955221071251
0254-3.tif,0.0,177.01505970099478,0.0,0.07541666666666667,0.00025931712962962963,0.0,0.0,0.015208333333333334,0.01296875,5.967881944444444e-11,-1.6670213877933329,6.402359867127646,0.015602094800071206,0.0054119479524583946
0254-4.tif,0.0,136.8538796490622,0.0,0.10928571428571428,0.003600680272108844,0.0,0.0,0.015,0.01125,3.90625e-11,44.784645334317,6.242691140798634,0.009306383301223778,0.0031695142134395542
0254-6.tif,0.0,170.12658685683303,0.0,0.08090909090909092,0.00018907254361799815,0.0,0.0,0.01625,0.01375,1.0709635416666666e-09,21.443205908998,10.055308814256762,0.010447974181933942,0.00368393828428356
0255-1.tif,0.0,166.57053477597876,0.0,0.07818181818181817,0.0003325528007346189,0.0,0.0,0.013333333333333334,0.02625,4.171006944444444e-09,28.009057708050506,17.037101328986918,0.011962859712984985,0.0034100762932415753
0255-2.tif,0.0,158.11264971532162,0.0,0.09666666666666666,0.0011,0.0,0.0,0.021666666666666667,0.0075,0.0,-43.057236777149846,7.611341486407706,0.007035518689700195,0.002066666373522828
0255-3.tif,0.0,168.01709155783988,0.0,0.07939393939393939,0.00036074380165289257,0.0,0.0,0.0,0.0,0.0,-30.837414419643423,12.660869570926426,0.010600429679991587,0.0030391348893037545
0255-4.tif,0.0,144.05939530277087,0.0,0.11285714285714285,0.003825963718820862,0.0,0.0,0.0,0.0,0.0,44.26951739577857,2.589889098204465,0.006608294922280512,0.001874396257655965
0255-6.tif,0.0,170.6328701888616,0.0,0.08106060606060606,0.00021276400367309462,0.0,0.0,0.018333333333333333,0.00875,0.0,-7.568886674421467,7.876415607276816,0.007003243969494008,0.0020982748314895506
0256-1.tif,0.0,176.96678517607637,0.0,0.08772727272727272,0.0003597337006427916,0.0,0.0,0.021333333333333336,0.01,7.04861111111111e-11,44.919668275973166,10.317468492132296,0.013042177579512268,0.003978818506140448
0256-2.tif,0.0,154.5393153860855,0.0,0.09462962962962963,0.0005671467764060357,0.0,0.0,0.026296296296296297,0.009861111111111112,1.2033286179698215e-08,28.15982633375233,15.110517760925632,0.008086254823962705,0.0024722108409818847
0256-3.tif,0.0,162.03636975681397,0.0,0.08850000000000001,0.0005763611111111111,0.0,0.0,0.023666666666666666,0.009000000000000001,5.086805555555555e-10,-29.407703368756753,19.91169296357791,0.012078929756743302,0.003663389591721152
0256-4.tif,0.0,135.5255972132202,0.0,0.10785714285714285,0.003921995464852608,0.0,0.0,0.0325,0.010625,1.5625e-10,-15.233009649340264,7.920488803828564,0.007138663543489684,0.002100003331789682
0256-6.tif,0.0,167.31274773774877,0.0,0.09083333333333334,0.00036180555555555553,0.0,0.0,0.03395833333333333,0.015,5.460822211371528e-08,-29.983192384636954,14.252446511442825,0.0076275631928222265,0.002379094524450843
0262-1.tif,0.0,173.67476234883145,0.0,0.07458333333333333,0.00021302083333333335,0.0,0.0,0.0,0.0,0.0,43.862380361174296,7.190455558589652,0.008086718018009972,0.002332349980449664
0262-2.tif,0.0,152.2901506992491,0.0,0.09240740740740741,0.001434019204389575,0.0,0.0,0.0,0.0,0.0,-15.664814061608384,7.681806563198379,0.0049472453277058116,0.001464432856973475
0262-3.tif,0.0,173.79713400105956,0.0,0.07472222222222223,0.00018788580246913579,0.0,0.0,0.021666666666666667,0.00875,0.0,-20.114598763396426,9.174062569738595,0.007727070580733952,0.0022718065890796283
0262-4.tif,0.0,146.4058286635702,0.0,0.10145833333333333,0.002132248263888889,0.0,0.0,0.0,0.0,0.0,21.23160865440036,10.759636529251631,0.00501716064361314,0.0014961690261717754
0262-6.tif,0.0,161.70399444102122,0.0,0.08733333333333333,0.0005089999999999999,0.0,0.0,0.016666666666666666,0.00875,5.3819444444444444e-11,-39.831692095110775,11.314487004169951,0.005539742495883937,0.001693839791242577
0263-1.tif,0.0,174.6004737788159,0.0,0.07916666666666666,0.00035578703703703705,0.0,0.0,0.0,0.0,0.0,-40.198260903219136,8.983590066023638,0.012539602536279247,0.004190777583523018
0263-2.tif,0.0,160.5209494321896,0.0,0.08716666666666666,0.001291138888888889,0.0,0.0,0.021666666666666667,0.00875,1.0850694444444444e-12,11.919664086480198,8.278274062461044,0.007557230897677819,0.002546710724545771
0263-3.tif,0.0,156.74899659610043,0.0,0.08633333333333333,0.0004026666666666666,0.0,0.0,0.02,0.0125,0.0,41.037299494660566,14.030558179238376,0.011705844786627879,0.004001603118064301
0263-4.tif,0.0,140.66464804589867,0.0,0.09708333333333333,0.002238715277777778,0.0,0.0,0.0,0.0,0.0,10.609011466643581,7.705892388219761,0.006984360451489015,0.0023394254473494995
0263-6.tif,0.0,173.6012229662701,0.0,0.07541666666666667,0.00023478009259259258,0.0,0.0,0.01966666666666667,0.01125,7.003472222222223e-10,-1.5699197644430931,7.210890864169241,0.0076232442918582706,0.002520812017121151
0265-1.tif,0.0,168.79293692437355,0.0,0.07954545454545454,0.0007783287419651056,0.0,0.0,0.018333333333333333,0.011875,7.335069444444444e-10,36.620781751610515,14.376019438310944,0.013470525351488833,0.004041453539668227
0265-2.tif,0.0,152.13756932460834,0.0,0.09351851851851853,0.0008823731138545952,0.0,0.0,0.01875,0.0140625,1.196560329861111e-09,42.439987722972646,13.590142562641784,0.008567470419885342,0.0026286234956646496
0265-3.tif,0.0,179.3527715611517,0.0,0.08727272727272728,0.00037286501377410463,0.0,0.0,0.017916666666666668,0.013125,5.088975694444444e-10,44.72938403275142,6.385980585166404,0.013670109635679058,0.004147940485266862
0265-4.tif,0.0,132.12304870839154,0.0,0.10571428571428572,0.003453854875283447,0.0,0.0,0.015,0.01125,0.0,9.607484657676487,8.268787927759664,0.007966776177376636,0.0024039752154626903
0265-6.tif,0.0,165.36416043253013,0.0,0.07939393939393939,0.00042134986225895316,0.0,0.0,0.027083333333333334,0.0159375,5.439181857638889e-09,-43.821306986369166,9.03656701778109,0.007535317446367911,0.002307002439546395
0285-1.tif,0.0,178.01269817083042,0.0,0.07597222222222223,0.0004377121913580247,0.0,0.0,0.017777777777777778,0.026666666666666665,4.788430212620028e-08,32.57756820082642,15.725319059747328,0.016043759173761163,0.004909954205428718
0285-2.tif,0.0,148.4841929484602,0.0,0.10291666666666667,0.002878298611111111,0.0,0.0,0.02611111111111111,0.01125,2.73533950617284e-09,-8.702962054006825,11.44883373172073,0.008758048103617716,0.0028454321060951107
0285-3.tif,0.0,186.46296648348832,0.0,0.08236111111111111,0.00022336033950617283,0.0,0.0,0.020555555555555556,0.014166666666666668,6.365740740740741e-09,0.8140741081270052,10.640624328872919,0.015437233228023076,0.004934577498595128
0285-4.tif,0.0,137.03170253631092,0.0,0.10928571428571428,0.0049165532879818594,0.0,0.0,0.018055555555555557,0.0125,1.975911458333333e-09,1.9218027956316974,7.307114685661824,0.007818928136122456,0.002453848831391098
0285-6.tif,0.0,171.6001502628944,0.0,0.093,0.0006104444444444444,0.0,0.0,0.03527777777777778,0.011458333333333333,4.582851080246914e-09,-15.872926511437687,10.690698540690418,0.008820873687970302,0.0028380728013363155
0286-1.tif,0.0,185.5526528569412,0.0,0.08055555555555556,0.0001330246913580247,0.0,0.0,0.0,0.0,0.0,-44.85615664619401,3.508648689057437,0.008584509118807525,0.002044730659619293
0286-2.tif,0.0,185.29344894577957,0.0,0.07071428571428572,0.0002685374149659864,0.0,0.0,0.025,0.0125,0.0,16.911427712058224,7.524325031855899,0.005460694781544434,0.0012890296100346616
0286-3.tif,0.0,183.20632143301648,0.0,0.08055555555555556,8.070987654320987e-05,0.0,0.0,0.023333333333333334,0.00875,0.0,-21.054770309613183,11.573010148000675,0.007750068965210532,0.0018422825112791915
0286-4.tif,0.0,144.70231511624132,0.0,0.08925925925925926,0.0009901920438957475,0.0,0.0,0.015,0.01125,0.0,-44.42884259379945,7.339506252626292,0.004565577426320215,0.0010757204491894713
0286-6.tif,0.0,162.34522543709815,0.0,0.07984848484848485,0.0005901285583103764,0.0,0.0,0.0,0.0,0.0,-23.099596747315843,12.968622441282614,0.004762537391162508,0.0011697361695592043
0287-1.tif,0.0,159.7697206493259,0.0,0.088,0.00040933333333333327,0.0,0.0,0.021666666666666667,0.01,0.0,34.991963987615826,12.094052573599148,0.00988788290386176,0.0028863872223988353
0287-2.tif,0.0,159.5875935027532,0.0,0.0961111111111111,0.0012703703703703703,0.0,0.0,0.018333333333333333,0.01125,6.25e-10,-44.67360980775465,5.586317514934844,0.00605051847269938,0.001783561561662578
0287-3.tif,0.0,159.90725617842486,0.0,0.08733333333333333,0.00027122222222222223,0.0,0.0,0.03,0.01125,0.0,-29.123087738596727,18.681069979833737,0.009558570584692989,0.002822053380733606
0287-4.tif,0.0,135.14153460354075,0.0,0.10547619047619047,0.0035164399092970527,0.0,0.0,0.0,0.0,0.0,-22.21097787336141,11.123752969455403,0.005996429028901399,0.0017837772906326638
0287-6.tif,0.0,163.14805930870997,0.0,0.08883333333333333,0.0005094722222222222,0.0,0.0,0.0225,0.014375,3.515625e-10,2.857701601729468,4.74884317637585,0.006379158250546187,0.0019012663318082573
0288-1.tif,0.0,153.0431638460209,0.0,0.0938888888888889,0.0012728395061728395,0.0,0.0,0.0,0.0,0.0,-27.267844718075118,14.239501619255465,0.010061851274412422,0.0034946424163199118
0288-2.tif,0.0,146.39528765268906,0.0,0.10083333333333333,0.002238888888888889,0.0,0.0,0.0,0.0,0.0,31.46230542232453,14.281891101829986,0.005996624252604617,0.0021486896513915527
0288-3.tif,0.0,150.50398665816132,0.0,0.0925925925925926,0.000984636488340192,0.0,0.0,0.0,0.0,0.0,-40.79387577494755,10.496713927428583,0.009820406877798287,0.003637486936727529
0288-4.tif,0.0,129.51790952948897,0.0,0.13333333333333333,0.01138888888888889,0.0,0.0,0.0,0.0,0.0,-35.00575507743569,11.25236149369756,0.0062180629131556,0.0022834813046300273
0288-6.tif,0.0,161.09572723487526,0.0,0.08966666666666666,0.0008160000000000001,0.0,0.0,0.0,0.0,0.0,42.0297735556316,9.32152520117382,0.006375584820959741,0.0022762525207948967
0289-1.tif,0.0,162.7424573920909,0.0,0.08933333333333333,0.0003478888888888889,0.0,0.0,0.0,0.0,0.0,35.994455907619056,13.731287894489116,0.009406078792518759,0.002828969701291982
0289-2.tif,0.0,148.6498080459533,0.0,0.10333333333333333,0.002552777777777778,0.0,0.0,0.0,0.0,0.0,-23.010243061756814,9.581390289179419,0.00505988678026036,0.0015373958079455024
0289-3.tif,0.0,152.97087958170337,0.0,0.0937037037037037,0.0008739368998628257,0.0,0.0,0.023333333333333334,0.01125,0.0,-37.572398041753786,13.030191687493398,0.008570174854897092,0.0026446687734588627
0289-4.tif,0.0,134.2009273026416,0.0,0.14133333333333334,0.010403777777777777,0.0,0.0,0.0,0.0,0.0,43.3696949873286,7.802523176568954,0.005321238046835713,0.001603490334663674
0289-6.tif,0.0,147.13833626896832,0.0,0.08907407407407407,0.0021624142661179698,0.0,0.0,0.0,0.0,0.0,11.85272584942459,7.959337560969173,0.005338149244815232,0.0016381880427002872
0290-1.tif,0.0,169.74856814974578,0.0,0.0803030303030303,0.0003549586776859504,0.0,0.0,0.028333333333333332,0.0075,0.0,21.369501313829875,30.868565519266582,0.012590066653841122,0.0033365841465100785
0290-2.tif,0.0,146.62554347725364,0.0,0.09018518518518519,0.0008082990397805213,0.0,0.0,0.0,0.0,0.0,1.5454273018451015,8.234475885317151,0.00705828540029929,0.0019040940406905137
0290-3.tif,0.0,176.09790521815475,0.0,0.08575757575757575,0.0007138200183654729,0.0,0.0,0.02388888888888889,0.0075,3.886959876543209e-10,-39.68147768004346,11.199805703817166,0.011222538892760224,0.0030366453528006348
0290-4.tif,0.0,133.6216674046541,0.0,0.10642857142857143,0.0032876417233560088,0.0,0.0,0.025,0.00875,0.0,-45.005282134345016,5.1934124826518735,0.0062864984568810145,0.0016381718144383322
0290-6.tif,0.0,177.3655670605155,0.0,0.07694444444444444,0.0001675154320987654,0.0,0.0,0.024393939393939395,0.007613636363636363,1.996527777777778e-10,37.629068237040116,12.368565334601223,0.006932900803648655,0.001864359677583312
0291-1.tif,0.0,184.75312169576827,0.0,0.08083333333333333,0.00010023148148148148,0.0,0.0,0.016666666666666666,0.02625,0.0,-44.016637657576375,5.516139207021511,0.010442270301897438,0.0030711642662370787
0291-2.tif,0.0,149.47856033558793,0.0,0.0938888888888889,0.0025648148148148145,0.0,0.0,0.0,0.0,0.0,-6.532630410217215,4.931105022897413,0.006583180014997136,0.001976298028975434
0291-3.tif,0.0,177.15770987080035,0.0,0.08696969696969696,0.0001317263544536272,0.0,0.0,0.023333333333333334,0.00875,0.0,44.981941240035546,9.6122443514882,0.010127730508283547,0.0030282601689874786
0291-4.tif,0.0,151.0378907574005,0.0,0.10375,0.0023199652777777776,0.0,0.0,0.0,0.0,0.0,32.50597106337548,14.828656064128214,0.005787956422363074,0.0017170101095094932
0291-6.tif,0.0,172.73028107428067,0.0,0.08454545454545455,0.0007919651056014692,0.0,0.0,0.03166666666666667,0.0140625,1.6200086805555554e-08,-16.83950867935417,8.38518921016375,0.006357420305853747,0.001939378599306372
0299-1.tif,0.0,162.03749183547177,0.0,0.089,0.0003045555555555556,0.0,0.0,0.0,0.0,0.0,42.210973459635035,8.511846575226812,0.008236596612052127,0.0021806763354893215
0299-2.tif,0.0,149.33532736763928,0.0,0.09222222222222222,0.002146296296296296,0.0,0.0,0.0,0.0,0.0,42.695772317514674,6.879161166914184,0.0049289587661500425,0.0013383143778692146
0299-3.tif,0.0,152.4230953628747,0.0,0.0938888888888889,0.0009271604938271605,0.0,0.0,0.0,0.0,0.0,0.7090243778418707,8.474784535553708,0.007380430766830664,0.0019448413222502023
0299-4.tif,0.0,130.88979673331642,0.0,0.13466666666666666,0.01177711111111111,0.0,0.0,0.0,0.0,0.0,-43.11316663121523,8.0780497106273,0.0045352219768390566,0.0011911035916509609
0299-6.tif,0.0,169.09323118721616,0.0,0.08287878787878787,0.0005510560146923784,0.0,0.0,0.0,0.0,0.0,-20.41917652448186,8.566265061631267,0.004599983913354205,0.0012351652814314876
0309-1.tif,0.0,178.04530372215606,0.0,0.0763888888888889,0.00018603395061728392,0.0,0.0,0.021904761904761903,0.009285714285714286,7.525510204081632e-10,41.54990262508757,9.522580229307176,0.01296366841408679,0.004264434623591371
0309-2.tif,0.0,156.32606948298803,0.0,0.09425925925925926,0.001227846364883402,0.0,0.0,0.0,0.0,0.0,26.16518242835558,10.535800720516647,0.006914453563017603,0.0022705474193273107
0309-3.tif,0.0,167.1136100911172,0.0,0.0905,0.0005150277777777778,0.0,0.0,0.0,0.0,0.0,-21.11467457400521,13.072402510879824,0.011963292728825719,0.0039637104098139255
0309-4.tif,0.0,138.11719434958127,0.0,0.11095238095238096,0.0031197278911564625,0.0,0.0,0.019523809523809523,0.010357142857142858,3.026856575963718e-09,-44.83373570563922,3.6218662444444516,0.0074506366456879225,0.002365631599283504
0309-6.tif,0.0,175.63604650906183,0.0,0.08318181818181818,0.00020629017447199263,0.0,0.0,0.02238095238095238,0.010714285714285714,5.949546485260771e-09,13.04403837900035,8.613107279381925,0.008475821362388277,0.0027647576780245485
0311-1.tif,0.0,172.82656286963913,0.0,0.08045454545454546,0.00047933884297520656,0.0,0.0,0.0,0.0,0.0,41.92880077255449,13.161895980522512,0.012241159134195975,0.0034316000983895456
0311-2.tif,0.0,150.1620791012165,0.0,0.0937037037037037,0.0012362825788751715,0.0,0.0,0.02,0.01125,0.0,41.619291649993855,7.428863150166273,0.007484618549885395,0.0022042697347322165
0311-3.tif,0.0,168.6123924534875,0.0,0.07954545454545454,0.0003813590449954086,0.0,0.0,0.0,0.0,0.0,15.815654436859827,10.192016044854974,0.01087289527067535,0.0031628974320945156
0311-4.tif,0.0,134.071409544104,0.0,0.12138888888888888,0.007017052469135802,0.0,0.0,0.0,0.0,0.0,-11.55463451366673,5.693376342132252,0.006823279812093189,0.0019231791304586692
0311-6.tif,0.0,172.03697922895014,0.0,0.08424242424242424,0.000672910927456382,0.0,0.0,0.023333333333333334,0.0121875,3.8519965277777777e-10,43.40902568044441,10.854605782107829,0.006966160624093149,0.0020784602177328
0312-1.tif,0.0,172.97228021339785,0.0,0.08454545454545455,7.125803489439853e-05,0.0,0.0,0.0,0.0,0.0,-12.17943325496813,7.106314031178476,0.015285678651227078,0.0049589006356436675
0312-2.tif,0.0,147.1499613017656,0.0,0.10354166666666667,0.0023051649305555555,0.0,0.0,0.025,0.01125,4.340277777777778e-12,6.441064337485578,10.648831915395451,0.008997721595673226,0.0028598616360769914
0312-3.tif,0.0,178.67210812609287,0.0,0.08696969696969696,0.00014586776859504134,0.0,0.0,0.028333333333333332,0.015,0.0,22.729166266582986,12.186958790874405,0.01586272889020467,0.005145977125054714
0312-4.tif,0.0,140.2310593270977,0.0,0.11261904761904762,0.002928458049886622,0.0,0.0,0.0,0.0,0.0,-14.10031508356478,6.371345171967245,0.009589657097590182,0.0031831833294349425
0312-6.tif,0.0,153.42819167284742,0.0,0.09518518518518519,0.0006607681755829904,0.0,0.0,0.023333333333333334,0.008125,1.3129340277777777e-10,-16.655712204622652,11.128658933033245,0.008358355909028234,0.0028170636345931387
0313-1.tif,0.0,152.12577033494358,0.0,0.10020833333333333,0.001124609375,0.0,0.0,0.0,0.0,0.0,44.85257404430528,5.358825207861976,0.0071638212617828306,0.0019111093368137646
0313-2.tif,0.0,151.7616881824922,0.0,0.09333333333333334,0.0020209876543209877,0.0,0.0,0.02666666666666667,0.01125,0.0,-44.65252664046121,9.477163470124134,0.0051300558214378384,0.0014059411005450128
0313-3.tif,0.0,158.35706488818235,0.0,0.09666666666666666,0.001230246913580247,0.0,0.0,0.0,0.0,0.0,31.015559048720526,15.350261071099077,0.007245667809602971,0.0019782758950530337
0313-4.tif,0.0,134.4611674631585,0.0,0.14166666666666666,0.010694444444444444,0.0,0.0,0.0,0.0,0.0,-42.42622054569206,9.082740871658013,0.004550713140421297,0.0012241069599287263
0313-6.tif,0.0,164.37675933131322,0.0,0.08983333333333333,0.0005769166666666667,0.0,0.0,0.03166666666666667,0.01125,0.0,44.07652957781643,5.213393417391101,0.004993298541712839,0.001343809547122019
0322-1.tif,0.0,180.16494743435436,0.0,0.0788888888888889,0.00010895061728395062,0.0,0.0,0.016666666666666666,0.02825,9.842013888888889e-09,9.793768825862655,8.221071486633427,0.011902144140572227,0.002898203413802279
0322-2.tif,0.0,153.3384057132024,0.0,0.10791666666666666,0.002374826388888889,0.0,0.0,0.031111111111111114,0.0075,6.278935185185184e-10,4.500658639493834,8.75438542804522,0.007933498830629002,0.00199900333928706
0322-3.tif,0.0,187.38297334129604,0.0,0.08222222222222222,0.00032098765432098765,0.0,0.0,0.021666666666666667,0.0075,1.4564043209876543e-10,24.95221982263024,14.85543903286742,0.011595088638471618,0.0028858535524889876
0322-4.tif,0.0,141.20414078560162,0.0,0.11142857142857143,0.004306689342403629,0.0,0.0,0.03,0.00625,0.0,26.69108181059645,23.909166979038687,0.007158158493915182,0.0017879081114012874
0322-6.tif,0.0,169.67957161895885,0.0,0.09316666666666666,0.0004919166666666667,0.0,0.0,0.025833333333333333,0.00625,1.833767361111111e-10,7.369015461122,4.9207090894085,0.006411485502442221,0.0016261231988574669
0324-1.tif,0.0,188.81458297907534,0.0,0.08263888888888889,0.0003622492283950617,0.0,0.0,0.0,0.0,0.0,6.281709835354645,3.9132913661272886,0.011854389258582733,0.003943674135817807
0324-2.tif,0.0,139.1368453300385,0.0,0.0925,0.002970833333333333,0.0,0.0,0.0,0.0,0.0,16.05439375476291,8.456456521580765,0.0069981919988607285,0.0023327838045102875
0324-3.tif,0.0,175.20295770588146,0.0,0.0853030303030303,4.1827364554637276e-05,0.0,0.0,0.0,0.0,0.0,-43.737005480232064,14.753737163190698,0.010759813114942637,0.0035146663861209374
0324-4.tif,0.0,138.07103018012143,0.0,0.10857142857142857,0.003666213151927438,0.0,0.0,0.0,0.0,0.0,-44.4465288001016,4.917716478663285,0.006394343351123033,0.0020404354676125985
0324-6.tif,0.0,176.60494204737182,0.0,0.08287878787878787,0.00014701561065197431,0.0,0.0,0.0,0.0,0.0,-21.893063694122763,9.317558505282562,0.006968498791135833,0.0022338368949282018
0327-1.tif,0.0,169.43884047395105,0.0,0.0905,0.0005628055555555555,0.0,0.0,0.0,0.0,0.0,35.954797746720935,14.572649729688413,0.00926876733425856,0.002382100927219315
0327-2.tif,0.0,155.2431310946353,0.0,0.0862962962962963,0.00046776406035665296,0.0,0.0,0.028333333333333332,0.01625,0.0,-32.9130212482567,14.862550708321741,0.005383712167235665,0.0014124654701059508
0327-3.tif,0.0,162.44185227921045,0.0,0.09016666666666667,0.0003658055555555555,0.0,0.0,0.02,0.008333333333333333,1.861496913580247e-10,39.553732663994495,10.327842976300534,0.009105033923651126,0.002418080908252394
0327-4.tif,0.0,137.84660859085363,0.0,0.10785714285714285,0.0035616780045351474,0.0,0.0,0.021666666666666667,0.015,0.0,-7.1476205411021745,3.480060178559405,0.005034001423642841,0.0012915700667590847
0327-6.tif,0.0,165.90622662533752,0.0,0.08850000000000001,0.00057525,0.0,0.0,0.02666666666666667,0.014166666666666668,7.291666666666667e-10,37.9171252784787,14.888401567329533,0.005481183213327371,0.001415750132631294
0358-1.tif,0.0,171.42513348073814,0.0,0.08227272727272728,0.00012286501377410466,0.0,0.0,0.0,0.0,0.0,41.206550291105195,16.549689567116445,0.010863022157274166,0.003157664048949258
0358-2.tif,0.0,149.63370914864151,0.0,0.1025,0.0020486111111111113,0.0,0.0,0.0,0.0,0.0,44.77249408920508,5.821579952117426,0.006577008088132903,0.0019223020382756449
0358-3.tif,0.0,170.89061795717495,0.0,0.092,0.0005832222222222223,0.0,0.0,0.0,0.0,0.0,19.4223841952714,8.868755738528614,0.009888497941948963,0.002876147686467463
0358-4.tif,0.0,133.82397820591473,0.0,0.12055555555555554,0.006220061728395062,0.0,0.0,0.0,0.0,0.0,-44.08173554138441,5.31725404453934,0.006150929288861681,0.0017762690205304747
0358-6.tif,0.0,169.13161777808253,0.0,0.0905,0.00038169444444444443,0.0,0.0,0.0,0.0,0.0,5.510134948923516,5.80151697001317,0.0062857187861475065,0.0018400177824013683
0363-1.tif,0.0,172.3166295902207,0.0,0.0834848484848485,1.841138659320478e-05,0.0,0.0,0.01388888888888889,0.013333333333333332,8.680555555555555e-12,-1.4060500228727837,4.894226724931965,0.011917062475824844,0.003472244762259462
0363-2.tif,0.0,153.56070460895913,0.0,0.09537037037037037,0.0013510973936899863,0.0,0.0,0.022,0.01375,2.7440972222222225e-09,31.693465361521564,17.90872110094855,0.006212628655361424,0.0016398055740783973
0363-3.tif,0.0,182.55325882517766,0.0,0.08,9.120370370370371e-05,0.0,0.0,0.021666666666666667,0.013125,1.5625e-10,18.261355365630322,10.342817495917494,0.009571989008466206,0.0025345318978016087
0363-4.tif,0.0,144.92228653938105,0.0,0.10020833333333333,0.0024662760416666665,0.0,0.0,0.022916666666666665,0.0121875,1.30859375e-09,16.250225907907765,8.15053445389243,0.005934117076149604,0.001589182800633722
0363-6.tif,0.0,172.7458795134891,0.0,0.08106060606060606,0.0001612488521579431,0.0,0.0,0.01904761904761905,0.01375,3.848852040816326e-09,29.23128722778409,13.10518674095292,0.006448111899686501,0.0017508853916815502
0368-1.tif,0.0,176.36680526675082,0.0,0.08666666666666667,0.0005414141414141414,0.0,0.0,0.027708333333333335,0.010625,3.1911892361111112e-09,6.243682870207106,6.56730342374097,0.008405958871011294,0.001966585718163079
0368-2.tif,0.0,157.53200732972755,0.0,0.07727272727272728,0.0002955922865013774,0.0,0.0,0.026041666666666668,0.010625,1.2833658854166666e-09,-45.23359619969342,7.479744762626573,0.004959666013827773,0.0011803810605937588
0368-3.tif,0.0,159.31578965480267,0.0,0.08299999999999999,0.00047155555555555563,0.0,0.0,0.02755555555555556,0.00975,3.1612654320987656e-09,-6.324192126219719,5.717272029403675,0.007983363550226975,0.0019475039428542118
0368-4.tif,0.0,135.59261788420253,0.0,0.095,0.003892361111111111,0.0,0.0,0.027708333333333335,0.00984375,1.4756266276041666e-09,-39.604910438266174,10.650394340116883,0.004443735839314526,0.0010510736806124195
0368-6.tif,0.0,174.21083969336314,0.0,0.08333333333333333,0.00015353535353535353,0.0,0.0,0.028148148148148148,0.011666666666666667,4.252413944615912e-09,44.14086322204654,7.5092915607303725,0.0053480935023610746,0.0013261416831362204
0369-1.tif,0.0,188.7890654261782,0.0,0.07551282051282052,0.00012024983563445102,0.0,0.0,0.021666666666666667,0.010357142857142858,4.477749433106576e-09,-23.070580938134135,23.4385946232111,0.01986130714910631,0.00836330497188898
0369-2.tif,0.0,159.92452647004046,0.0,0.07803030303030303,0.0002963728191000918,0.0,0.0,0.02375,0.0128125,1.8587239583333333e-09,7.798212680066806,10.390489960729768,0.011896373677434803,0.005019946597401561
0369-3.tif,0.0,172.08305084722576,0.0,0.08242424242424243,8.705234159779613e-05,0.0,0.0,0.02361111111111111,0.009166666666666667,2.3331404320987654e-09,-26.73060904842052,20.87248317173039,0.012925360134858675,0.004042808334133476
0369-4.tif,0.0,155.22825129466608,0.0,0.0937037037037037,0.0009634430727023319,0.0,0.0,0.020833333333333332,0.010625,4.567750530478395e-09,13.797144119145027,9.028519589222872,0.006941744691792425,0.0019032964585045495
0369-6.tif,0.0,172.86137004674546,0.0,0.0763888888888889,0.00022260802469135801,0.0,0.0,0.02547619047619048,0.013035714285714286,8.052721088435375e-09,44.51766703868363,9.249918399669069,0.011132422626688865,0.00435496311995347
0374-1.tif,0.0,183.3154554668475,0.0,0.08208333333333333,0.00010237268518518518,0.0,0.0,0.025833333333333333,0.010625,4.3402777777777777e-10,26.883817844381298,12.175824078699637,0.011185551941124226,0.002643200742848323
0374-2.tif,0.0,151.41476068093928,0.0,0.0865,0.0014569166666666667,0.0,0.0,0.0,0.0,0.0,42.90499887560547,10.414876562533905,0.005842070742255719,0.0014571559594028323
0374-3.tif,0.0,188.12940906783558,0.0,0.08263888888888889,0.00027567515432098765,0.0,0.0,0.015833333333333335,0.021875,2.126736111111111e-10,-0.9507456163281296,6.727396882474559,0.00979197851971918,0.002352621089899292
0374-4.tif,0.0,146.0266337959544,0.0,0.099375,0.0024999565972222224,0.0,0.0,0.02666666666666667,0.015,0.0,-2.2051476147187934,9.992042357003392,0.005404938479076308,0.001266581503337738
0374-6.tif,0.0,164.27375861224775,0.0,0.09016666666666667,0.0005630277777777777,0.0,0.0,0.030555555555555555,0.01375,3.253279320987654e-09,-40.89678751125077,13.13377417576255,0.005980817080331591,0.0014907930849846118
0383-1.tif,0.0,141.59840880108788,0.0,0.11095238095238096,0.0037356009070294784,0.0,0.0,0.0,0.0,0.0,-43.80792629133718,4.858578185909006,0.007910177424998489,0.0021379558476384403
0383-2.tif,0.0,159.8126715877061,0.0,0.09574074074074074,0.0009513031550068586,0.0,0.0,0.02,0.0075,0.0,-42.01780795862123,7.597603802329862,0.00613307249019955,0.0016805308638881552
0383-3.tif,0.0,140.24331534871814,0.0,0.10952380952380951,0.0036362811791383226,0.0,0.0,0.016666666666666666,0.00875,0.0,22.865807244612306,9.86461738122234,0.007889975156531524,0.0022159736523738698
0383-4.tif,0.0,138.93853557118942,0.0,0.14033333333333334,0.00945377777777778,0.0,0.0,0.0,0.0,0.0,20.93122725602358,9.325319259936725,0.004855253078940822,0.0013336532002970187
0383-6.tif,0.0,167.94066248440987,0.0,0.09,0.00044444444444444447,0.0,0.0,0.0,0.0,0.0,39.210239712317986,11.567371977953695,0.005742039018775245,0.0015693345556689318
0384-1.tif,0.0,172.71047948003104,0.0,0.0803030303030303,0.0005499081726354453,0.0,0.0,0.02125,0.009375,2.8211805555555554e-11,-41.67350163058243,9.508079173537991,0.012855006059750948,0.003399237819788101
0384-2.tif,0.0,146.54013102218792,0.0,0.09166666666666666,0.0025012345679012345,0.0,0.0,0.03166666666666667,0.01625,2.2813585069444445e-08,11.292617214844618,7.428885494145707,0.006843261417715927,0.0018526119452543174
0384-3.tif,0.0,174.78741055604917,0.0,0.08515151515151516,6.0330578512396686e-05,0.0,0.0,0.02611111111111111,0.012083333333333333,7.12770061728395e-10,-43.78801467599715,8.479767613691498,0.011119751902229073,0.0028954026452178163
0384-4.tif,0.0,151.28299048431236,0.0,0.10354166666666667,0.001916970486111111,0.0,0.0,0.0,0.0,0.0,9.153409437821551,13.400991067456166,0.005967547123526942,0.0015147976865605222
0384-6.tif,0.0,174.54050787392848,0.0,0.085,0.00061010101010101,0.0,0.0,0.02642857142857143,0.012857142857142859,8.436082766439908e-09,-23.71227053292929,10.485930199964809,0.006874804296801206,0.0018175289870259923
0386-1.tif,0.0,176.84173715500535,0.0,0.08439393939393938,0.0003375114784205694,0.0,0.0,0.016,0.012,3.630208333333334e-10,-21.969979033712583,10.853257871003613,0.012519268570365592,0.0037473286918558103
0386-2.tif,0.0,138.94132343555927,0.0,0.09875,0.0035407986111111113,0.0,0.0,0.0,0.0,0.0,-33.584512636388006,15.267668313160385,0.006815002471666448,0.0020075474599027467
0386-3.tif,0.0,148.31681139779764,0.0,0.10270833333333333,0.0019305121527777777,0.0,0.0,0.015,0.00875,0.0,-43.05373311679599,8.422906009474001,0.011086016327434929,0.0032823404132325284
0386-4.tif,0.0,132.40059164016853,0.0,0.13733333333333334,0.010458444444444444,0.0,0.0,0.018333333333333333,0.01,0.0,19.120305032790473,8.453757939823573,0.006757783516090421,0.0019859044118000374
0386-6.tif,0.0,173.7941790356244,0.0,0.08303030303030304,0.0003786960514233241,0.0,0.0,0.017708333333333333,0.01109375,6.694200303819444e-10,-41.75559781203053,10.25760913015211,0.007055683475766337,0.0020862657931882463
0387-1.tif,0.0,173.83299376764532,0.0,0.08393939393939394,0.00011932966023875114,0.0,0.0,0.0,0.0,0.0,41.19159839387512,9.463905489783862,0.012860191190859968,0.0037475048053199392
0387-2.tif,0.0,161.12976137262785,0.0,0.09796296296296296,0.001013443072702332,0.0,0.0,0.02666666666666667,0.0125,0.0,1.511260798616884,6.770784528299063,0.006772445374178316,0.002011501146350962
0387-3.tif,0.0,185.14088670251658,0.0,0.0811111111111111,0.00020154320987654322,0.0,0.0,0.019166666666666665,0.009375,8.7890625e-11,20.296538439931698,9.375944325547517,0.011514040994475248,0.003345066571717976
0387-4.tif,0.0,146.9225881666269,0.0,0.09979166666666667,0.003108637152777778,0.0,0.0,0.015,0.01,0.0,-43.028529647421905,12.061405366202848,0.006703401459955959,0.0019789874500678395
0387-6.tif,0.0,173.52527433585382,0.0,0.08393939393939394,0.0004991276400367309,0.0,0.0,0.02611111111111111,0.014375,3.162254050925926e-09,33.20414343791489,15.605207187423854,0.007323221937489812,0.0021241168668392056
0388-1.tif,0.0,161.60067097479558,0.0,0.09333333333333334,0.00041172839506172843,0.0,0.0,0.0,0.0,0.0,-8.972961264418952,9.106907703128172,0.008204145466097568,0.002277363658640236
0388-2.tif,0.0,149.75758188930982,0.0,0.105,0.0021138888888888887,0.0,0.0,0.023333333333333334,0.0075,0.0,-20.4428858814613,10.011190839869613,0.005186203688226635,0.0014878562597062989
0388-3.tif,0.0,153.7512276373753,0.0,0.09407407407407407,0.0008710562414266118,0.0,0.0,0.0,0.0,0.0,-37.619739420264466,12.43502845874179,0.007978135593256379,0.0022943140921166086
0388-4.tif,0.0,141.54835746132838,0.0,0.11047619047619049,0.00390453514739229,0.0,0.0,0.0,0.0,0.0,15.96331329378105,8.976958928823661,0.004319264542354008,0.0011705961752769612
0388-6.tif,0.0,166.538209449398,0.0,0.09133333333333332,0.00023600000000000002,0.0,0.0,0.023333333333333334,0.007916666666666666,1.4303626543209876e-09,-45.52846252760843,4.9757766472319025,0.0055241774740036765,0.0016167052191157947
0390-1.tif,0.0,157.23434739267373,0.0,0.09648148148148147,0.0013280521262002743,0.0,0.0,0.0,0.0,0.0,30.684315606614607,12.10534817725761,0.0086458042495845,0.0021946864483013244
0390-2.tif,0.0,149.79786380319314,0.0,0.09185185185185185,0.0019959533607681757,0.0,0.0,0.016666666666666666,0.01,9.765625e-12,-30.76986083662217,22.51542955436259,0.005655576896066891,0.0014902420188843803
0390-3.tif,0.0,142.83695271787477,0.0,0.09895833333333333,0.002197873263888889,0.0,0.0,0.0,0.0,0.0,-35.54469683538175,14.110756804522659,0.007951073419773611,0.002083682228603291
0390-4.tif,0.0,128.141414937647,0.0,0.13166666666666665,0.010014444444444444,0.0,0.0,0.0,0.0,0.0,33.59220769645985,13.291115896462287,0.00498654119478372,0.0013138758171371307
0390-6.tif,0.0,170.29989887124287,0.0,0.08257575757575758,6.634527089072542e-05,0.0,0.0,0.0,0.0,0.0,-5.742245073671697,14.497567212399051,0.005347098539962368,0.0014487433865683938
0391-1.tif,0.0,181.19243423733803,0.0,0.07944444444444444,0.00010709876543209876,0.0,0.0,0.022058823529411763,0.022867647058823527,1.756767228950404e-08,-13.0648005696501,10.461031252243782,0.011968327646247948,0.0031433612075858707
0391-2.tif,0.0,159.80879199843793,0.0,0.09592592592592593,0.0011457475994513032,0.0,0.0,0.028333333333333332,0.01375,0.0,-10.456213439325593,10.726637159909975,0.006357620153559747,0.0018061009644628901
0391-3.tif,0.0,181.47720609310952,0.0,0.07916666666666666,0.00016180555555555555,0.0,0.0,0.015,0.01125,0.0,-42.56763301073398,8.385111369900306,0.009372402704008891,0.0026013685077064174
0391-4.tif,0.0,160.6244377422066,0.0,0.09722222222222222,0.0008462962962962964,0.0,0.0,0.015833333333333335,0.009375,1.736111111111111e-11,31.27281702414074,12.826426737966711,0.0060986019348612,0.0016874639268616052
0391-6.tif,0.0,163.8902707098055,0.0,0.08287878787878787,0.0008495408631772267,0.0,0.0,0.0225,0.012916666666666667,2.4239245756172838e-09,-19.10904542859321,9.203640716533139,0.006313805131400977,0.0017292294963617489
0392-1.tif,0.0,170.87243454954603,0.0,0.08272727272727272,4.963269054178145e-05,0.0,0.0,0.015,0.012916666666666667,3.0189043209876544e-10,-41.08478029785517,10.481260267796808,0.013287365708852644,0.0037941475850939363
0392-2.tif,0.0,146.21099247658384,0.0,0.10270833333333333,0.002317317708333333,0.0,0.0,0.020416666666666666,0.010625,2.916124131944444e-10,40.23598949344945,12.741384179730016,0.007811323495665353,0.002351413973735405
0392-3.tif,0.0,169.78777602904424,0.0,0.08272727272727272,8.044077134986225e-05,0.0,0.0,0.011666666666666667,0.0125,0.0,-19.551735896264056,11.964936809604515,0.01233753579031884,0.0036659790924477896
0392-4.tif,0.0,135.61755951564527,0.0,0.12388888888888888,0.006890432098765431,0.0,0.0,0.020833333333333332,0.0125,1.5625e-10,44.55106067768432,6.710983727098541,0.00787935700063866,0.0023002212266180736
0392-6.tif,0.0,163.54873126991845,0.0,0.091,0.0009001111111111112,0.0,0.0,0.024285714285714285,0.01,8.900226757369615e-10,43.51952203347991,11.167989641239368,0.0076282875500374055,0.0022463279743222342
0393-1.tif,0.0,154.85593304746192,0.0,0.10166666666666667,0.0020833333333333333,0.0,0.0,0.0,0.0,0.0,44.31236143170422,7.214548460699375,0.01501434357903557,0.0041618628981359785
0393-2.tif,0.0,157.50923782432574,0.0,0.09555555555555556,0.0016666666666666668,0.0,0.0,0.0325,0.0075,4.340277777777778e-12,-16.695719567003962,9.839313237253291,0.009641459018571056,0.002778489085235919
0393-3.tif,0.0,155.60041773722844,0.0,0.09574074074074074,0.0011253772290809327,0.0,0.0,0.03166666666666667,0.01375,0.0,42.69951236277324,7.019796789060084,0.015829238690218187,0.004444072327454672
0393-4.tif,0.0,129.83247753248116,0.0,0.13866666666666666,0.010854888888888888,0.0,0.0,0.0,0.0,0.0,9.236226178282212,11.688882373249081,0.007805210161131886,0.002083983339202999
0393-6.tif,0.0,169.36697893544363,0.0,0.09133333333333332,0.0006093333333333333,0.0,0.0,0.03133333333333333,0.008,3.3621527777777776e-09,20.624894974555716,9.752372635942107,0.009270396894522344,0.0025323866339538783
0394-1.tif,0.0,183.08787943944606,0.0,0.08097222222222222,0.00029048996913580243,0.0,0.0,0.024166666666666666,0.01125,2.006293402777778e-09,38.70019595812654,13.434639585581825,0.010924932047692586,0.00303120230957184
0394-2.tif,0.0,142.09676280619485,0.0,0.09270833333333334,0.0021200954861111112,0.0,0.0,0.024444444444444442,0.009583333333333334,6.491126543209876e-10,-43.79016440019923,8.056958151814683,0.006376692924594039,0.001821292631765712
0394-3.tif,0.0,174.97277566016442,0.0,0.0853030303030303,0.00021101928374655645,0.0,0.0,0.022857142857142857,0.0125,2.2962726757369613e-09,3.765513283031846,7.116550653355332,0.01153259203662954,0.0032734033812761
0394-4.tif,0.0,149.91250781705975,0.0,0.09037037037037036,0.0011566529492455417,0.0,0.0,0.0,0.0,0.0,-26.657472884032472,13.429734277349075,0.0060270882875410004,0.0016897076590804373
0394-6.tif,0.0,162.78658489636737,0.0,0.08121212121212121,0.0007985307621671258,0.0,0.0,0.024523809523809524,0.01,1.318735827664399e-09,34.159919003776125,12.151390282664645,0.0064427465912651385,0.0018542897475241087
0395-1.tif,0.0,184.37718607670018,0.0,0.0813888888888889,0.00026797839506172844,0.0,0.0,0.0,0.0,0.0,-44.9872684690403,3.8236211657275536,0.00749312334561321,0.0018778346759345565
0395-2.tif,0.0,162.56355400553068,0.0,0.08733333333333333,0.0002934444444444445,0.0,0.0,0.02666666666666667,0.00625,0.0,-17.72025161029742,9.674854099991219,0.004532321355816166,0.0011746143193642295
0395-3.tif,0.0,171.69498148363763,0.0,0.08363636363636363,8.071625344352617e-05,0.0,0.0,0.0,0.0,0.0,7.7374140899893105,8.134339432628368,0.007566154024247075,0.001961418988286293
0395-4.tif,0.0,147.62866328129581,0.0,0.1025,0.002340277777777778,0.0,0.0,0.0,0.0,0.0,44.62411701723593,3.7626557626232398,0.0048679241826519665,0.0012261237417448504
0395-6.tif,0.0,165.4756230330674,0.0,0.08883333333333333,0.00044724999999999995,0.0,0.0,0.031111111111111114,0.01,4.89209587191358e-09,1.1651087008896568,11.438106060726934,0.00575111745561091,0.0015041323092123287
0396-1.tif,0.0,164.56524240636134,0.0,0.08966666666666666,0.00028044444444444444,0.0,0.0,0.0,0.0,0.0,-41.61757227130636,11.197431023534284,0.012344045020246715,0.0046178011356196825
0396-2.tif,0.0,162.90414359370973,0.0,0.09796296296296296,0.001296159122085048,0.0,0.0,0.0,0.0,0.0,-44.829478572602305,3.3152737316265775,0.007303985322543898,0.002719139341962165
0396-3.tif,0.0,154.1417853795654,0.0,0.09425925925925926,0.0009568587105624142,0.0,0.0,0.0,0.0,0.0,28.70663425326432,13.512037867117996,0.012261579362037362,0.004665263754275157
0396-4.tif,0.0,141.0094800692058,0.0,0.12555555555555556,0.006683950617283951,0.0,0.0,0.0,0.0,0.0,-44.92327513489263,3.5992849555744733,0.007054676750091768,0.0026266294553564484
0396-6.tif,0.0,172.93212782283496,0.0,0.08439393939393938,0.0005334710743801654,0.0,0.0,0.0,0.0,0.0,-45.225375760607875,8.35845255144749,0.007330507063500917,0.0027441714729790822
0398-1.tif,0.0,171.37909262342868,0.0,0.0935,0.00043413888888888896,0.0,0.0,0.0,0.0,0.0,-16.343031225096187,9.61685929281742,0.01175373552568757,0.003511617764955928
0398-2.tif,0.0,140.75273828005385,0.0,0.10523809523809524,0.001980498866213152,0.0,0.0,0.0,0.0,0.0,-29.877617588100037,16.232344311534252,0.006750732578800818,0.002017910919713328
0398-3.tif,0.0,164.59496994814697,0.0,0.08966666666666666,0.00027822222222222224,0.0,0.0,0.018333333333333333,0.0075,0.0,-1.376658181116757,3.7509580226754,0.01086278788401605,0.0033291525831792715
0398-4.tif,0.0,138.17838219534357,0.0,0.12583333333333332,0.006280324074074074,0.0,0.0,0.0,0.0,0.0,44.14287616473475,8.988201451318988,0.006849751257437357,0.0020572560741960403
0398-6.tif,0.0,168.05454643809074,0.0,0.0905,0.00047113888888888883,0.0,0.0,0.02666666666666667,0.006875,1.0850694444444444e-10,-2.6982451733311494,13.612370017654003,0.007219115745981321,0.0021969270249163468
0399-1.tif,0.0,140.41361890856598,0.0,0.11047619047619049,0.0036061224489795916,0.0,0.0,0.0,0.0,0.0,-20.31086107476193,8.178327935379526,0.009745278914186764,0.002821002641833784
0399-2.tif,0.0,143.89888425171645,0.0,0.10083333333333333,0.00198125,0.0,0.0,0.021666666666666667,0.0075,0.0,41.23265916429663,7.666948246704233,0.005823296266723987,0.0017431346582270902
0399-3.tif,0.0,147.4238032943723,0.0,0.09958333333333333,0.003924826388888889,0.0,0.0,0.0,0.0,0.0,33.2308667389938,15.595766813465268,0.009348931431592565,0.002825968451156027
0399-4.tif,0.0,130.0830503947382,0.0,0.1575,0.017514583333333333,0.0,0.0,0.0,0.0,0.0,-43.11658930496397,7.20285783891075,0.005849702241319194,0.0017576767335275012
0399-6.tif,0.0,164.8654347346585,0.0,0.088,0.0004315555555555555,0.0,0.0,0.02,0.009375,1.3129340277777777e-10,46.320037789981896,11.487595488386134,0.006107068193800695,0.0018204898170219117
0400-1.tif,0.0,180.2470690945064,0.0,0.07916666666666666,0.00010300925925925926,0.0,0.0,0.02378787878787879,0.010227272727272727,6.402806473829201e-10,-43.517515076462345,9.831268226734936,0.01644050991091813,0.004912745839107466
0400-2.tif,0.0,162.3934615790807,0.0,0.08533333333333334,0.00045488888888888884,0.0,0.0,0.021111111111111112,0.01,3.568672839506173e-11,-44.00085166337792,6.579270263720944,0.008293355179120094,0.0022567266646711923
0400-3.tif,0.0,179.21348225572268,0.0,0.08606060606060606,0.0003587235996326905,0.0,0.0,0.025238095238095237,0.013214285714285713,6.763038548752836e-09,5.931714852311104,8.243670425758715,0.01286956195334287,0.0033199820783234033
0400-4.tif,0.0,150.2870586577567,0.0,0.09240740740740741,0.0015772290809327849,0.0,0.0,0.022333333333333334,0.0125,1.8713541666666668e-09,-16.437939119127876,11.319599921757819,0.007732715268742458,0.001969268513689495
0400-6.tif,0.0,174.5687344731454,0.0,0.08560606060606062,0.0006844811753902662,0.0,0.0,0.025350877192982457,0.01105263157894737,1.3573888119421362e-09,-20.503846948713267,12.125776382546105,0.007976314195208983,0.0020648304808823896
0403-1.tif,0.0,181.3152147520768,0.0,0.07944444444444444,8.302469135802469e-05,0.0,0.0,0.015555555555555557,0.01,4.1473765432098765e-11,-27.557803581077845,20.11864906233239,0.00798807245193643,0.0017792940786002806
0403-2.tif,0.0,158.91897202480732,0.0,0.08583333333333333,7.902777777777777e-05,0.0,0.0,0.03,0.013125,3.90625e-11,-44.27110279531563,8.042253852603695,0.005225379828844902,0.0011756724570617769
0403-3.tif,0.0,169.30864321311736,0.0,0.08121212121212121,6.469237832874196e-05,0.0,0.0,0.021481481481481483,0.010694444444444444,2.2239368998628257e-09,44.75741291391607,9.021498436141552,0.008229328742569191,0.0018442958182510179
0403-4.tif,0.0,157.10821663915988,0.0,0.085,0.00016333333333333334,0.0,0.0,0.019074074074074073,0.009861111111111112,3.048804012345679e-09,-2.9243189549136166,5.034024564838939,0.005057453732994803,0.0010943401043202545
0403-6.tif,0.0,173.5744296969692,0.0,0.09283333333333334,0.0009839166666666668,0.0,0.0,0.023703703703703703,0.013055555555555556,8.16358024691358e-09,-44.11276090367556,8.889945592755268,0.0050729005389142275,0.0011796998976129301
0405-1.tif,0.0,167.81487816440273,0.0,0.08090909090909092,0.00010472910927456382,0.0,0.0,0.023333333333333334,0.00875,0.0,-1.2762646361760142,4.681133784916623,0.01236093975743133,0.003675300941735358
0405-2.tif,0.0,136.85713917516279,0.0,0.09125,0.003576215277777778,0.0,0.0,0.024,0.00975,3.1086805555555558e-09,5.291809979107016,6.1587798195261305,0.007704753950629122,0.0023205431055342614
0405-3.tif,0.0,158.2893573843707,0.0,0.09185185185185185,0.0005305212620027434,0.0,0.0,0.023333333333333334,0.010416666666666668,1.4072145061728396e-09,41.72255638839753,12.135062357966818,0.01204980649610289,0.0036802672753682474
0405-4.tif,0.0,137.14107141694552,0.0,0.12583333333333332,0.006903472222222222,0.0,0.0,0.0275,0.00875,3.90625e-11,-31.382807060976216,19.253266890752815,0.007774975575398178,0.00238059156531947
0405-6.tif,0.0,172.4481202178402,0.0,0.08333333333333333,0.00019848484848484848,0.0,0.0,0.02380952380952381,0.012321428571428572,6.324227607709751e-09,30.615443118350637,12.83929992067107,0.007340764707463299,0.0022968041321236097
0408-1.tif,0.0,152.94475723421218,0.0,0.10479166666666667,0.002093359375,0.0,0.0,0.0,0.0,0.0,38.497040804896095,12.595130081913345,0.008477880472068268,0.00227983312476913
0408-2.tif,0.0,150.2420269653823,0.0,0.10270833333333333,0.001890234375,0.0,0.0,0.0,0.0,0.0,-16.65845967746337,10.141350226625688,0.005249347542693423,0.001401102215843204
0408-3.tif,0.0,153.66652205343883,0.0,0.09333333333333334,0.001787037037037037,0.0,0.0,0.015,0.01125,0.0,-1.9467363741840562,4.1945194704117865,0.008326738671350236,0.0023277883208429246
0408-4.tif,0.0,130.63360551132658,0.0,0.13533333333333333,0.008698222222222222,0.0,0.0,0.0,0.0,0.0,43.62345795089048,8.34155398400455,0.005290783751078056,0.0014390791232458868
0408-6.tif,0.0,163.56710655601705,0.0,0.089,0.00044177777777777786,0.0,0.0,0.0,0.0,0.0,39.64200854618661,12.082361341339041,0.005286313693678546,0.0014744217953070122
0410-1.tif,0.0,177.83675020147615,0.0,0.08575757575757575,4.765840220385675e-05,0.0,0.0,0.0,0.0,0.0,-24.231485262150237,14.58137435213378,0.011563922642120278,0.003105955396812422
0410-2.tif,0.0,166.08750058700886,0.0,0.0875,0.00031458333333333333,0.0,0.0,0.02388888888888889,0.010833333333333332,1.5895061728395062e-09,-44.0759516859532,5.975688160200005,0.0070060971442306485,0.0019488073201727222
0410-3.tif,0.0,179.54231753818442,0.0,0.07930555555555556,0.0001548418209876543,0.0,0.0,0.023333333333333334,0.01375,0.0,5.826641155553291,7.571285934302141,0.010945557423242058,0.0030056278172374377
0410-4.tif,0.0,153.45357604174623,0.0,0.10479166666666667,0.0024030815972222223,0.0,0.0,0.0,0.0,0.0,10.563592885417334,6.616795132183339,0.006277865336834788,0.0017184747770292422
0410-6.tif,0.0,175.8817468894623,0.0,0.08409090909090909,0.00029109274563820023,0.0,0.0,0.02666666666666667,0.01,1.824001736111111e-09,9.11419644041319,3.7129559167674637,0.006707202857135695,0.001878242234467915
0411-1.tif,0.0,169.36736862676813,0.0,0.0834848484848485,0.00026083562901744713,0.0,0.0,0.0,0.0,0.0,-6.053515085906891,8.78300376113831,0.008576732873007418,0.002166921164476766
0411-2.tif,0.0,154.071704086117,0.0,0.095,0.0013320987654320987,0.0,0.0,0.016666666666666666,0.00875,0.0,36.748107616626605,14.335945348308819,0.005704255798052382,0.001488831972144177
0411-3.tif,0.0,159.3938933056737,0.0,0.08716666666666666,0.001098361111111111,0.0,0.0,0.016666666666666666,0.01375,7.91015625e-10,-5.027627777201918,5.757403367972595,0.008253062703041499,0.0021329152987711003
0411-4.tif,0.0,138.387081676723,0.0,0.10761904761904761,0.004922902494331066,0.0,0.0,0.021666666666666667,0.01,0.0,-1.545344369985287,5.935996074180267,0.005468795206448851,0.0014164817644982185
0411-6.tif,0.0,168.6121276384853,0.0,0.09,0.0011133333333333334,0.0,0.0,0.025,0.010416666666666668,1.5345293209876544e-09,10.805514799855123,8.73065410885651,0.005815363885696658,0.001557330994008725
0412-1.tif,0.0,161.21009340260315,0.0,0.08866666666666667,0.0004121111111111111,0.0,0.0,0.0,0.0,0.0,-11.527304734886378,12.589722809444018,0.00954053984574141,0.002351041153700707
0412-2.tif,0.0,149.74848914095926,0.0,0.09203703703703704,0.0004992455418381344,0.0,0.0,0.03208333333333333,0.015625,4.381510416666666e-09,-44.76196643348884,6.6787507586195325,0.006361308652151418,0.001585284773382341
0412-3.tif,0.0,160.60536306309356,0.0,0.08766666666666667,0.0005151111111111112,0.0,0.0,0.03166666666666667,0.01,0.0,42.06243815021742,8.680824100416153,0.009783939576718415,0.0024450755153671046
0412-4.tif,0.0,135.12896334499825,0.0,0.12083333333333333,0.005759953703703704,0.0,0.0,0.025,0.015625,1.736111111111111e-11,-44.81252027833556,7.497200979632717,0.0061276843170872475,0.0015531179976748673
0412-6.tif,0.0,166.8906827836713,0.0,0.08363636363636363,0.0006398071625344352,0.0,0.0,0.02972222222222222,0.011666666666666667,2.389684606481482e-09,-10.116614896369617,13.53854800861646,0.0070933777027601735,0.001871260957158678
0413-1.tif,0.0,171.0739768508219,0.0,0.08393939393939394,0.00011023875114784206,0.0,0.0,0.02,0.011875,1.736111111111111e-09,6.5347227227172215,9.439194346969266,0.012839220108397515,0.003900195606966298
0413-2.tif,0.0,150.6845536567826,0.0,0.0845,0.0015672499999999998,0.0,0.0,0.023666666666666666,0.010249999999999999,3.965277777777778e-09,40.482620492670875,12.734942426618682,0.007637490138744426,0.002331211021377105
0413-3.tif,0.0,158.69066536103273,0.0,0.08733333333333333,0.0008101111111111111,0.0,0.0,0.024166666666666666,0.009791666666666666,5.324676890432098e-09,15.672393716944159,11.045536867974409,0.012579747817344687,0.003861414322596443
0413-4.tif,0.0,142.7485054298963,0.0,0.098125,0.002990581597222222,0.0,0.0,0.017222222222222222,0.009166666666666667,2.4980709876543215e-10,-40.97069720144947,10.396318327550839,0.0073923625730738995,0.002282325107645737
0413-6.tif,0.0,172.0079132546588,0.0,0.08287878787878787,9.499540863177227e-05,0.0,0.0,0.03363636363636364,0.010795454545454546,2.2529485192837465e-08,-44.27523030876809,7.9599463471178575,0.008228555375740873,0.002575197606272468
0418-1.tif,0.0,175.62054660229504,0.0,0.08621212121212121,0.00010206611570247934,0.0,0.0,0.025925925925925925,0.014722222222222223,2.0013503086419753e-09,-12.529990512634777,9.838000424158803,0.011529364391617645,0.0034590405370028567
0418-2.tif,0.0,163.3657246793219,0.0,0.09796296296296296,0.001020233196159122,0.0,0.0,0.027916666666666666,0.0125,4.222005208333333e-09,44.116819687027586,5.415734028730329,0.006846567233538529,0.0020683183565378127
0418-3.tif,0.0,161.92815466350277,0.0,0.08850000000000001,0.0005585833333333333,0.0,0.0,0.02611111111111111,0.013333333333333332,2.3466435185185183e-09,19.00177433433555,11.354435392469535,0.010467256133664754,0.003150315636733356
0418-4.tif,0.0,145.61550928115412,0.0,0.09895833333333333,0.0019992621527777778,0.0,0.0,0.026944444444444448,0.014583333333333332,2.2228250385802467e-09,20.706756901462807,10.870470827936114,0.006475284318306207,0.0019271523248768979
0418-6.tif,0.0,170.13169425015948,0.0,0.0915,0.00045858333333333325,0.0,0.0,0.0319047619047619,0.011428571428571429,2.9402281746031747e-09,19.27903610258216,8.689289961788136,0.007350418230425213,0.0022789002429801984
0425-1.tif,0.0,169.253587434666,0.0,0.09266666666666667,0.0007234444444444446,0.0,0.0,0.013333333333333334,0.01125,0.0,-43.89442724122198,6.277138692712936,0.008647559129698305,0.00212875737420858
0425-2.tif,0.0,146.3970585955609,0.0,0.10083333333333333,0.0022847222222222223,0.0,0.0,0.0,0.0,0.0,-44.21064065308217,5.196399391960332,0.005277781666287008,0.0013617934830629007
0425-3.tif,0.0,151.45111422501984,0.0,0.09314814814814815,0.0009200274348422497,0.0,0.0,0.021666666666666667,0.01,1.833767361111111e-10,45.92598949984709,12.544509479991323,0.007968478311645844,0.0020502789027353635
0425-4.tif,0.0,134.994650099756,0.0,0.14233333333333334,0.010511777777777778,0.0,0.0,0.019166666666666665,0.00875,9.765625e-12,-22.83251860042483,9.55477611356099,0.004894496223236255,0.0012175254652027315
0425-6.tif,0.0,170.96799570549908,0.0,0.08075757575757575,0.00021735537190082643,0.0,0.0,0.02375,0.01375,1.3695746527777778e-08,30.563823902857003,16.571255668568405,0.005117911263461785,0.001317947708070699
0429-1.tif,0.0,174.06438384179063,0.0,0.07863636363636363,0.0005812213039485766,0.0,0.0,0.018333333333333333,0.0125,0.0,33.069670675699555,15.860587579046829,0.014215477532389824,0.00531269839024088
0429-2.tif,0.0,154.24344394495344,0.0,0.09351851851851853,0.0012620027434842248,0.0,0.0,0.02,0.009375,4.340277777777778e-12,13.076314565161345,7.667968421218893,0.009636391684254998,0.003810321614507412
0429-3.tif,0.0,181.74815138686935,0.0,0.0798611111111111,9.836033950617284e-05,0.0,0.0,0.017272727272727273,0.011704545454545454,3.734791092745638e-10,-4.312449323460084,4.698091425476722,0.016834666132465603,0.006671329154834184
0429-4.tif,0.0,148.24754073283418,0.0,0.10333333333333333,0.002738888888888889,0.0,0.0,0.0175,0.011875,3.90625e-11,40.69591757568717,10.95807580939974,0.010221806937719667,0.004069057491400771
0429-6.tif,0.0,180.7554822922343,0.0,0.07777777777777778,0.00021635802469135803,0.0,0.0,0.02666666666666667,0.01265625,2.910088433159722e-09,41.740023538762365,7.946959730505896,0.011079903239267084,0.004297818210425462
0430-1.tif,0.0,172.42558781495666,0.0,0.08363636363636363,1.657483930211203e-05,0.0,0.0,0.0,0.0,0.0,18.286242543265033,9.782842265395645,0.00815426604854606,0.0018560816375948694
0430-2.tif,0.0,132.434830671542,0.0,0.10666666666666667,0.00738968253968254,0.0,0.0,0.016666666666666666,0.00875,0.0,-44.30337542550538,9.171636557520335,0.0047240878753596,0.0011296405197224139
0430-3.tif,0.0,136.11547115446982,0.0,0.07933333333333334,0.0025528888888888893,0.0,0.0,0.016666666666666666,0.00875,9.934413580246914e-11,-7.126509850376066,11.659158134296332,0.00791261725133447,0.001796415011769773
0430-4.tif,0.0,140.4099711558976,0.0,0.16375,0.013615798611111112,0.0,0.0,0.0,0.0,0.0,-25.04161853442189,13.485221414842751,0.003965861896856932,0.0008921428794915444
0430-6.tif,0.0,134.56963867946212,0.0,0.095,0.004776388888888889,0.0,0.0,0.01966666666666667,0.011000000000000001,1.3899305555555557e-09,44.74166462786448,5.2173657150341795,0.005001375808207482,0.001203017244879686
0431-1.tif,0.0,174.58466586603635,0.0,0.08950000000000001,0.00023725,0.0,0.0,0.0,0.0,0.0,13.96703766595402,9.091862384861832,0.016131491884689302,0.0058685937393074495
0431-2.tif,0.0,150.82920804671753,0.0,0.09148148148148148,0.000803360768175583,0.0,0.0,0.021666666666666667,0.013125,4.584418402777778e-09,-20.157235068146576,9.820401904931757,0.00921293425477549,0.0032846853860658987
0431-3.tif,0.0,144.3352578778542,0.0,0.26916666666666667,0.04305625,0.0,0.0,0.0,0.0,0.0,17.112492799902356,7.067410567650398,0.004186295042498584,0.0013569587303010472
0431-4.tif,0.0,147.5,0.0,0.49166666666666664,0.0,0.0,0.0,0.0,0.0,0.0,45.23967999706705,8.992206682284642,0.002655610932456143,0.0008272038878599093
0431-6.tif,0.0,165.26157717052348,0.0,0.07909090909090909,0.00023856749311294769,0.0,0.0,0.02666666666666667,0.012,1.4052083333333333e-09,-11.906741596986574,10.710657008912873,0.00961025107032455,0.003457464633998738
0432-1.tif,0.0,173.97339755133703,0.0,0.08393939393939394,4.710743801652893e-05,0.0,0.0,0.013703703703703702,0.01125,8.369770233196157e-11,0.0852655085065599,2.700502940559643,0.015620785651960399,0.004428455783163791
0432-2.tif,0.0,148.49317230843383,0.0,0.10416666666666667,0.0020375,0.0,0.0,0.014444444444444444,0.011666666666666667,1.7602237654320987e-10,42.338627330290066,17.530300876999686,0.008508082988014427,0.0022729950902192503
0432-3.tif,0.0,178.87720803823933,0.0,0.08727272727272728,0.0003481175390266299,0.0,0.0,0.016666666666666666,0.012205882352941178,1.132166714725106e-09,1.6995474284576721,5.8720947477452645,0.012967531617470003,0.003401796059175638
0432-4.tif,0.0,138.64164660317442,0.0,0.09583333333333334,0.0017875,0.0,0.0,0.014047619047619048,0.011964285714285714,1.8317743764172338e-10,-35.38225202668818,12.851368173165277,0.008090308414738484,0.0020564170716289827
0432-6.tif,0.0,167.26233138396702,0.0,0.08257575757575758,0.0005764462809917356,0.0,0.0,0.01596153846153846,0.011875,1.523334771531887e-09,10.921967507057483,10.279280625016034,0.00770295244233508,0.0018964554430904678
0476-1.tif,0.0,176.127005942366,0.0,0.0853030303030303,5.344352617079889e-05,0.0,0.0,0.017777777777777778,0.01,1.6493055555555555e-10,-12.156686952858214,7.786198934418583,0.010107154016295177,0.0026466321984862577
0476-2.tif,0.0,162.4189053849529,0.0,0.0875,0.00019180555555555555,0.0,0.0,0.018333333333333333,0.01075,9.809027777777778e-10,45.574283590391836,5.684082634213408,0.0058970293619262934,0.001557111709300871
0476-3.tif,0.0,176.27273297049913,0.0,0.08560606060606062,5.1147842056932974e-05,0.0,0.0,0.014444444444444444,0.011458333333333333,9.066358024691358e-11,22.387562879048563,11.573682813872216,0.010011901943920093,0.002664076877884973
0476-4.tif,0.0,147.87215031744879,0.0,0.10270833333333333,0.0019832899305555554,0.0,0.0,0.018055555555555557,0.01,2.4510513117283955e-10,44.61288523426147,4.539123679417982,0.005749145988595763,0.0014928822307382597
0476-6.tif,0.0,176.71986227422832,0.0,0.08545454545454545,0.0004919651056014692,0.0,0.0,0.01888888888888889,0.011083333333333334,7.66809413580247e-09,-10.445829650751403,8.834910807211086,0.007826358295957897,0.0020915482956820435
0477-1.tif,0.0,173.6420927911458,0.0,0.08439393939393938,8.751147842056934e-05,0.0,0.0,0.0,0.0,0.0,-19.526458221757213,8.465759111439256,0.007880036309563479,0.0019866863770184253
0477-2.tif,0.0,154.60802049052955,0.0,0.0937037037037037,0.0013307270233196159,0.0,0.0,0.025,0.01125,0.0,-24.387405695603295,22.154286973480364,0.007019948088202905,0.0021960016398836096
0477-3.tif,0.0,164.88202644505586,0.0,0.09066666666666666,0.00022233333333333336,0.0,0.0,0.011666666666666667,0.0125,0.0,-44.121702015284924,9.207160191471917,0.01212774107182657,0.003873276768063383
0477-4.tif,0.0,145.37623602226054,0.0,0.11333333333333333,0.004852380952380953,0.0,0.0,0.013333333333333334,0.015,0.0,-45.25849191356066,9.660265765729644,0.006793082636995995,0.0021096232027555594
0477-6.tif,0.0,165.90104588215647,0.0,0.08966666666666666,0.0005282222222222222,0.0,0.0,0.017916666666666668,0.0134375,3.1410047743055555e-09,14.03416977238763,8.521393018509452,0.0073867278251205535,0.0023136916609952803
0479-1.tif,0.0,178.57237937194043,0.0,0.07958333333333334,0.00017413194444444445,0.0,0.0,0.0,0.0,0.0,-44.087437670024734,4.061341811394552,0.01140341337697153,0.0032824302088708796
0479-2.tif,0.0,144.35710999674237,0.0,0.085,0.001591358024691358,0.0,0.0,0.0,0.0,0.0,-18.26400704829476,9.086500402608712,0.006705327645647159,0.002014714911685686
0479-3.tif,0.0,178.58821763848238,0.0,0.0801388888888889,0.0001687307098765432,0.0,0.0,0.019583333333333335,0.010625,1.1366102430555555e-10,-2.8831078721720993,4.756816149913276,0.011730626845776238,0.003474785637703512
0479-4.tif,0.0,149.70695655014222,0.0,0.103125,0.002628776041666667,0.0,0.0,0.016666666666666666,0.01,0.0,-21.744489821217208,11.290698101759018,0.006549146016124993,0.001973107063698005
0479-6.tif,0.0,174.0578891068445,0.0,0.0925,0.0010501388888888889,0.0,0.0,0.03222222222222222,0.00875,1.5046296296296296e-10,5.859569906375407,7.0075908076003826,0.006497029263252277,0.0018652319390340957
0481-1.tif,0.0,186.0601480656856,0.0,0.08236111111111111,0.00014789737654320986,0.0,0.0,0.020729166666666667,0.009609375,9.722825038580248e-10,-47.61004109936833,10.420233432433667,0.0112773762922014,0.002816968700590129
0481-2.tif,0.0,145.30060035254473,0.0,0.08283333333333334,0.0014989166666666666,0.0,0.0,0.02215686274509804,0.00889705882352941,8.026360053825452e-10,10.669624756078457,9.631505135430515,0.005785581365744065,0.0014508717662349668
0481-3.tif,0.0,174.58814631392744,0.0,0.08363636363636363,0.0001231404958677686,0.0,0.0,0.022152777777777778,0.009322916666666667,1.2935158058449074e-09,-43.50550264265224,8.887752466180588,0.00949276727191368,0.002335738080877282
0481-4.tif,0.0,144.12014877854733,0.0,0.09979166666666667,0.0019266927083333334,0.0,0.0,0.021583333333333333,0.0094375,5.765624999999999e-10,-28.09713919049014,13.50181927056669,0.005290267553805728,0.0012617097979753333
0481-6.tif,0.0,150.47105100344933,0.0,0.08516666666666667,0.0004713611111111111,0.0,0.0,0.022111111111111113,0.009583333333333334,1.2274305555555557e-09,40.923236678147575,10.563620084440364,0.005869654734603831,0.0014615854592726467
0482-1.tif,0.0,162.78003207695718,0.0,0.08933333333333333,0.00038733333333333333,0.0,0.0,0.0,0.0,0.0,40.82968437716839,9.7187271133618,0.009962658036314062,0.0026519330661901527
0482-2.tif,0.0,147.1258804267897,0.0,0.10041666666666667,0.0025519097222222223,0.0,0.0,0.0,0.0,0.0,-5.232288299356974,3.350056678134245,0.005306060601826869,0.0014788119323050119
0482-3.tif,0.0,161.77880011079714,0.0,0.088,0.0003571111111111111,0.0,0.0,0.0,0.0,0.0,-40.74315721072476,9.057220561659758,0.010065157601347123,0.002703484844275838
0482-4.tif,0.0,137.3138814571066,0.0,0.1252777777777778,0.005995756172839506,0.0,0.0,0.0,0.0,0.0,-14.781651850770704,10.378758270490618,0.00654527663402497,0.0017349029143623141
0482-6.tif,0.0,169.9046096752201,0.0,0.08212121212121212,7.479338842975207e-05,0.0,0.0,0.019333333333333334,0.0095,8.482638888888889e-10,43.26976234119794,13.431475175452526,0.006405025765183341,0.0017863593831183094
0485-1.tif,0.0,176.98326584422858,0.0,0.08681818181818182,5.831037649219467e-05,0.0,0.0,0.015,0.01,0.0,41.38258849932439,8.729828046901662,0.011352348480278095,0.0034883119012427337
0485-2.tif,0.0,148.10890220908482,0.0,0.10395833333333333,0.002168706597222222,0.0,0.0,0.0,0.0,0.0,27.871421508622994,12.351060676290157,0.007646164031448753,0.0024597617096851045
0485-3.tif,0.0,175.8263624210608,0.0,0.08606060606060606,5.316804407713499e-05,0.0,0.0,0.018333333333333333,0.00875,0.0,-16.757854873071302,10.853238296884657,0.011657480986166806,0.003680570229362284
0485-4.tif,0.0,139.76050944383397,0.0,0.10976190476190477,0.00353843537414966,0.0,0.0,0.0,0.0,0.0,30.049857880399244,12.402303476749323,0.007764744886920605,0.002474634091415508
0485-6.tif,0.0,159.8760883821081,0.0,0.08399999999999999,0.00037011111111111115,0.0,0.0,0.02033333333333333,0.011000000000000001,1.715972222222222e-09,38.24095985796691,12.348058519346674,0.007857051240790995,0.002512689619216789
0507-1.tif,0.0,170.35214752584326,0.0,0.08242424242424243,0.00013503213957759413,0.0,0.0,0.01595238095238095,0.020178571428571428,5.2613024376417235e-09,-38.72450437550722,11.260460882322434,0.010313403608861392,0.0026072096471149594
0507-2.tif,0.0,154.45416795930112,0.0,0.09351851851851853,0.0014965706447187927,0.0,0.0,0.022916666666666665,0.0140625,1.3433159722222223e-09,-41.61203370868164,10.579094158966996,0.006269611343257282,0.0016432202937267963
0507-3.tif,0.0,180.5735110679534,0.0,0.07958333333333334,0.00010052083333333333,0.0,0.0,0.020555555555555556,0.01125,1.7023533950617285e-09,-46.56112350860891,6.662039228178343,0.009971736678920581,0.002576886307392261
0507-4.tif,0.0,150.67942792564617,0.0,0.09148148148148148,0.0009996570644718794,0.0,0.0,0.017777777777777778,0.01125,7.648533950617283e-10,10.916160821583668,9.73437922745951,0.006339333103250896,0.0016351690572750848
0507-6.tif,0.0,158.643943554257,0.0,0.08416666666666667,0.0004029166666666667,0.0,0.0,0.02238095238095238,0.010714285714285714,2.586451247165533e-09,22.28826991489264,10.422755470955968,0.005452093922001991,0.0014604566727937599
0510-1.tif,0.0,175.19941019687633,0.0,0.08484848484848484,5.6290174471992644e-05,0.0,0.0,0.01814814814814815,0.011666666666666667,3.807870370370371e-09,-33.005619981729815,13.602805887694247,0.012866428645380491,0.004391712873776117
0510-2.tif,0.0,151.94423319099675,0.0,0.09351851851851853,0.0021243484224965706,0.0,0.0,0.018333333333333333,0.012083333333333333,1.1612654320987656e-09,-40.06990094194856,15.93225484403601,0.00752301127683037,0.002597246295881424
0510-3.tif,0.0,187.9343332376164,0.0,0.08125,0.0002259837962962963,0.0,0.0,0.025416666666666667,0.01375,1.2139214409722223e-09,0.074574744829954,5.643183654289703,0.01276044742675935,0.004429815495027019
0510-4.tif,0.0,138.54143205215445,0.0,0.09583333333333334,0.0018784722222222221,0.0,0.0,0.0,0.0,0.0,-44.36765826729712,4.604658117743579,0.007287913806211202,0.0025189138955641734
0510-6.tif,0.0,176.1859024502875,0.0,0.08303030303030304,0.0003246556473829201,0.0,0.0,0.02625,0.015625,1.6753472222222222e-09,-44.338352126458055,5.262634576974568,0.008377548448966678,0.0029340052837432498
0519-1.tif,0.0,171.80291922885235,0.0,0.0834848484848485,5.881542699724517e-05,0.0,0.0,0.019444444444444445,0.011024305555555556,2.0151472680362654e-09,44.644828951577665,7.877972855247182,0.015321333170726837,0.004391809965345508
0519-2.tif,0.0,164.89846613062053,0.0,0.09016666666666667,0.0005085833333333333,0.0,0.0,0.01891304347826087,0.01076086956521739,5.866184887628649e-10,43.061943794471084,8.434286128207631,0.008594859947321074,0.002488786438325839
0519-3.tif,0.0,188.26312946819877,0.0,0.08263888888888889,0.00044974922839506175,0.0,0.0,0.019534313725490197,0.010202205882352941,6.776493340902538e-10,-14.60377742977583,9.366255159593598,0.013616445497606981,0.003985838988423733
0519-4.tif,0.0,141.11863497002253,0.0,0.0975,0.001579861111111111,0.0,0.0,0.020225225225225227,0.010236486486486486,9.742068927035144e-10,-18.227292447324825,11.624103265804347,0.00839454629035476,0.0024860711344965505
0519-6.tif,0.0,174.23805384669566,0.0,0.0748611111111111,0.00017197145061728392,0.0,0.0,0.01931818181818182,0.010625,9.41039926968549e-10,-7.8824976201385555,8.859957442522026,0.009672244541235364,0.0029082774620418092
0520-1.tif,0.0,179.86533424075486,0.0,0.07944444444444444,6.080246913580246e-05,0.0,0.0,0.02607843137254902,0.012279411764705882,7.228289600153788e-09,30.463862923331,18.89279742655923,0.012561735691719145,0.0031089694499159774
0520-2.tif,0.0,163.05289918883472,0.0,0.08950000000000001,0.00022891666666666666,0.0,0.0,0.028333333333333332,0.01,9.765625e-12,-39.28683001832484,8.5273877643909,0.006675142687024676,0.0016409044513676365
0520-3.tif,0.0,172.94307027329992,0.0,0.08439393939393938,9.862258953168042e-05,0.0,0.0,0.03152777777777778,0.011145833333333332,1.096378279320988e-08,-43.685498176541756,6.437773020406943,0.01076249359383887,0.0026779007768921136
0520-4.tif,0.0,140.57115635862147,0.0,0.11,0.002549206349206349,0.0,0.0,0.026944444444444448,0.0121875,6.060082706404321e-09,17.24173490988617,10.472557314469334,0.006812770011096125,0.001728814579253535
0520-6.tif,0.0,164.10201423011284,0.0,0.08783333333333333,0.0006800277777777778,0.0,0.0,0.031145833333333334,0.012890625,1.0708804660373263e-08,-44.2851002984676,6.160579438638359,0.008166982406567875,0.00217890716158816
0522-1.tif,0.0,174.78013237938748,0.0,0.07972222222222222,0.0003707561728395062,0.0,0.0,0.02283333333333333,0.011000000000000001,1.611284722222222e-09,14.013623669391885,9.64235407624484,0.01764036275777241,0.00490913367300203
0522-2.tif,0.0,162.44041642672826,0.0,0.0787878787878788,0.00023994490358126723,0.0,0.0,0.023333333333333334,0.010535714285714285,7.920564058956915e-10,-24.41991650771388,12.724042648725101,0.00852255524886871,0.0023649928200435463
0522-3.tif,0.0,164.14562170209396,0.0,0.09033333333333333,0.0009376666666666667,0.0,0.0,0.023333333333333334,0.01125,1.16124574829932e-09,42.19272693497004,12.727462336704523,0.012624379348738302,0.0034327403173434546
0522-4.tif,0.0,146.49573372627614,0.0,0.11285714285714285,0.004202154195011337,0.0,0.0,0.024166666666666666,0.010625,8.7890625e-11,40.21332517378804,11.146826473533196,0.0072942623413733716,0.0019853346553301457
0522-6.tif,0.0,176.3775936890952,0.0,0.08303030303030304,0.0002110192837465565,0.0,0.0,0.026944444444444448,0.011666666666666667,4.416594328703704e-09,-18.50896802973325,15.669947131885284,0.00808108627550205,0.0022949461345475593
0524-1.tif,0.0,170.00365600643875,0.0,0.08060606060606061,0.000507208448117539,0.0,0.0,0.0,0.0,0.0,-2.4103979018354442,5.00288348184885,0.009414250070386302,0.002561576846598596
0524-2.tif,0.0,143.9190444591149,0.0,0.10041666666666667,0.002238715277777778,0.0,0.0,0.0,0.0,0.0,-13.471861339437071,9.152142574071918,0.005298535689335526,0.0014154653758850528
0524-3.tif,0.0,162.91827287435757,0.0,0.08833333333333333,0.00029055555555555556,0.0,0.0,0.0,0.0,0.0,-43.46075890842063,6.814071406971889,0.00847588624511945,0.0022960168541272534
0524-4.tif,0.0,132.51276411373067,0.0,0.11861111111111113,0.0064874228395061725,0.0,0.0,0.0,0.0,0.0,-44.32730216349388,5.226884259005497,0.005149954569432279,0.0013595507919354768
0524-6.tif,0.0,156.22855052774443,0.0,0.09444444444444444,0.0012882716049382717,0.0,0.0,0.028333333333333332,0.0075,0.0,28.74129079721737,18.38274896508981,0.005460329002869015,0.001516635045861162
0525-1.tif,0.0,172.63181356735944,0.0,0.085,8.232323232323233e-05,0.0,0.0,0.025555555555555557,0.009583333333333334,5.883487654320987e-11,43.17698673084663,13.202219941146282,0.009397619920734757,0.002439576859792023
0525-2.tif,0.0,138.91724155050014,0.0,0.09145833333333334,0.002810720486111111,0.0,0.0,0.0225,0.013125,2.712673611111111e-11,-10.970057034672537,8.748049381643007,0.00554170381003577,0.0014592721710571862
0525-3.tif,0.0,177.83003355264074,0.0,0.08636363636363636,0.0002923324150596878,0.0,0.0,0.028888888888888888,0.010833333333333332,1.183449074074074e-09,-44.568062795158895,6.892310126348417,0.008941818071507516,0.0023367140338530733
0525-4.tif,0.0,136.45691552984175,0.0,0.1252777777777778,0.006537422839506173,0.0,0.0,0.018333333333333333,0.01125,0.0,-15.336588468495766,9.396516868349641,0.0055594265810984065,0.0014871124762252668
0525-6.tif,0.0,177.84721852223237,0.0,0.07666666666666666,0.00023842592592592592,0.0,0.0,0.027083333333333334,0.0121875,2.6334635416666665e-09,-38.524466155450504,10.846604808610206,0.005535771868396984,0.0015029178703590766
0527-1.tif,0.0,172.52928495379174,0.0,0.08409090909090909,5.422405876951332e-05,0.0,0.0,0.015,0.015,2.1484375e-10,13.012269463584836,8.491217536766351,0.009807675519005464,0.0025311344252614432
0527-2.tif,0.0,158.9608819284514,0.0,0.08433333333333333,0.0004317777777777778,0.0,0.0,0.023333333333333334,0.0125,2.396918402777778e-09,-18.049414036216735,10.484763911189129,0.006341788062377355,0.0017395629006323882
0527-3.tif,0.0,177.453025865689,0.0,0.08636363636363636,0.00020950413223140495,0.0,0.0,0.0225,0.009375,5.316840277777778e-11,9.908625557751877,9.003153246458385,0.01097951071571174,0.002948854286225564
0527-4.tif,0.0,140.7817459758189,0.0,0.1119047619047619,0.0033392290249433104,0.0,0.0,0.013333333333333334,0.013125,2.1809895833333332e-10,-8.334101946802248,6.388145868373894,0.006805673662136928,0.0018201313514368575
0527-6.tif,0.0,177.37927805700323,0.0,0.07708333333333334,0.0002824652777777778,0.0,0.0,0.025,0.01325,4.889930555555555e-09,39.583810836081554,9.700351073349808,0.006651351891463614,0.0017744782127225584
0528-1.tif,0.0,173.7446042327646,0.0,0.08424242424242424,3.30119375573921e-05,0.0,0.0,0.025833333333333333,0.014375,5.740017361111111e-10,-18.893347215283544,10.692882355003347,0.01262731507527511,0.0036809318248511203
0528-2.tif,0.0,152.42909203683382,0.0,0.085,0.0012,0.0,0.0,0.024166666666666666,0.0121875,3.797743055555556e-11,-16.36160416204865,5.548678752026964,0.007655234988587946,0.0022041415073413935
0528-3.tif,0.0,177.3209582148208,0.0,0.08666666666666667,0.00035202020202020203,0.0,0.0,0.022666666666666665,0.019,3.889930555555556e-09,14.7679606072975,10.422728005125265,0.012089240532174245,0.003474732464182193
0528-4.tif,0.0,135.19902185372527,0.0,0.12222222222222222,0.0074432098765432105,0.0,0.0,0.018333333333333333,0.015625,7.161458333333333e-10,1.0126422765763199,12.311088768604403,0.007802185939379535,0.0023053724489483984
0528-6.tif,0.0,172.3351869661755,0.0,0.08409090909090909,0.0005956382001836548,0.0,0.0,0.02388888888888889,0.011666666666666667,2.38233024691358e-10,39.737165931084746,11.886836197104088,0.0076437063207571475,0.0023121390475156177
0530-1.tif,0.0,171.4113595029999,0.0,0.08393939393939394,0.00033650137741046834,0.0,0.0,0.02181818181818182,0.015909090909090907,2.577551078971534e-09,-44.08579252225531,7.424607654850579,0.025139607365342417,0.008885658993192947
0530-2.tif,0.0,178.42852853711025,0.0,0.07461538461538461,0.00026630506245890864,0.0,0.0,0.024444444444444442,0.015416666666666667,1.984739368998628e-09,-7.630495041274382,5.477124637563186,0.015456481664574626,0.005774786236704796
0530-3.tif,0.0,177.38508239314066,0.0,0.07875,0.00015839120370370372,0.0,0.0,0.025,0.0275,7.785829260973936e-07,-1.8205302538928183,4.320639208050494,0.022683909637349238,0.007906044436463883
0530-4.tif,0.0,149.0678033647776,0.0,0.09222222222222222,0.0007975308641975308,0.0,0.0,0.021166666666666667,0.01425,1.0408420138888889e-09,32.532185513995685,13.669319342797696,0.015861515301133014,0.0057671016365835985
0530-6.tif,0.0,153.35097231533672,0.0,0.07083333333333333,0.00037430555555555557,0.0,0.0,0.023125,0.01296875,9.292941623263888e-10,43.876689775543085,6.858065203979011,0.009729857297738499,0.0031106531649970548
0534-1.tif,0.0,180.36921371020574,0.0,0.0788888888888889,9.182098765432097e-05,0.0,0.0,0.02119047619047619,0.009107142857142857,3.623910501700681e-10,-8.279343578388332,5.781920659913505,0.01153991500381628,0.0029254223295950618
0534-2.tif,0.0,170.45837958750408,0.0,0.0725,0.00030162037037037033,0.0,0.0,0.022261904761904764,0.008660714285714285,1.767378826530612e-09,24.48211201365614,8.995831930409489,0.0073508408879876894,0.0018951084846048
0534-3.tif,0.0,180.49232473969863,0.0,0.07930555555555556,0.00010206404320987654,0.0,0.0,0.02125,0.009765625,1.7271592881944444e-09,16.434717800461485,13.186039695215808,0.009809051743186359,0.0025362870870004246
0534-4.tif,0.0,166.52942558832316,0.0,0.0915,0.0004535833333333334,0.0,0.0,0.020277777777777777,0.00875,5.190248842592592e-10,41.52602135933783,10.912194975708564,0.006817793051769357,0.0017648746807596074
0534-6.tif,0.0,161.87003960653814,0.0,0.08272727272727272,0.0008779155188246096,0.0,0.0,0.026363636363636363,0.01,3.91514577594123e-09,-3.809309472927407,9.509710987322276,0.006818062403455352,0.0017549606259293965
0535-1.tif,0.0,181.87130504187056,0.0,0.08041666666666666,0.0003607060185185185,0.0,0.0,0.015,0.0275,0.0,17.06663068785159,10.016184506416439,0.008519469228196417,0.002146531251327016
0535-2.tif,0.0,148.1696558461963,0.0,0.10083333333333333,0.002525,0.0,0.0,0.0,0.0,0.0,14.664079522060952,8.16371199794356,0.005179307079153798,0.0013759774138851237
0535-3.tif,0.0,151.63693481470798,0.0,0.09314814814814815,0.0009780521262002743,0.0,0.0,0.0,0.0,0.0,21.884089031886163,12.341596760768722,0.007381526282984351,0.0019372395140478534
0535-4.tif,0.0,133.28257537262397,0.0,0.11972222222222222,0.006501311728395061,0.0,0.0,0.0,0.0,0.0,-26.627143375026602,10.422090314360833,0.005081835850167567,0.001342203352915495
0535-6.tif,0.0,168.75788047443066,0.0,0.08227272727272728,0.0005971074380165289,0.0,0.0,0.0,0.0,0.0,-1.7707375873789892,7.211577948218639,0.004993771347947059,0.0012871676923355505
0538-1.tif,0.0,173.54354193327268,0.0,0.07954545454545454,7.580348943985307e-05,0.0,0.0,0.019444444444444445,0.014166666666666668,3.6696759259259266e-09,-42.842148977442086,12.331237933121004,0.010627063749527486,0.0027472771969321813
0538-2.tif,0.0,148.33758795396398,0.0,0.09666666666666666,0.0008333333333333334,0.0,0.0,0.015,0.016875,1.2858072916666666e-09,14.220226853655682,10.537861787007383,0.006374258195321398,0.0016869555403807746
0538-3.tif,0.0,159.2949341098387,0.0,0.08383333333333333,0.000523361111111111,0.0,0.0,0.02,0.013125,1.932026427469136e-09,-34.57577885734904,14.870238256640377,0.009625721420130951,0.002603460510818109
0538-4.tif,0.0,133.8524724276694,0.0,0.10714285714285715,0.0032442176870748295,0.0,0.0,0.01388888888888889,0.010416666666666668,8.680555555555555e-12,-44.735175260218604,4.680278257837302,0.006101229552207736,0.001603349670815016
0538-6.tif,0.0,171.603932711993,0.0,0.08121212121212121,0.00026974288337924704,0.0,0.0,0.0175,0.010875,6.163194444444444e-10,44.60545108612522,7.531055340888208,0.0065066096049979675,0.0018287528185939672
0539-1.tif,0.0,175.05052841965374,0.0,0.08454545454545455,1.570247933884297e-05,0.0,0.0,0.015,0.01125,0.0,-36.88955322489977,11.800887438167347,0.009783811808879422,0.0024535660589017037
0539-2.tif,0.0,157.14009672900167,0.0,0.09555555555555556,0.0009580246913580248,0.0,0.0,0.018333333333333333,0.0075,0.0,-42.886077474841876,8.634559226924697,0.005705521623864889,0.0014547740693566873
0539-3.tif,0.0,174.1993390407157,0.0,0.0846969696969697,4.738292011019284e-05,0.0,0.0,0.013333333333333334,0.01125,0.0,42.00488202339889,9.63635234469503,0.008886940495546199,0.0022483714777727388
0539-4.tif,0.0,141.2684162581954,0.0,0.09958333333333333,0.001812326388888889,0.0,0.0,0.0,0.0,0.0,-37.54821536025428,14.828383488990475,0.005444639476609514,0.0013865187693989384
0539-6.tif,0.0,170.36780065493596,0.0,0.08196969696969697,0.00034586776859504137,0.0,0.0,0.021333333333333336,0.012,1.8524305555555557e-09,-31.47918470088634,16.336920294363196,0.0056776773794283385,0.0014574019465855104
0540-1.tif,0.0,174.40294977118043,0.0,0.08439393939393938,2.185491276400367e-05,0.0,0.0,0.0,0.0,0.0,-5.249628762016023,9.559267601041118,0.010486365874279925,0.003256299140931977
0540-2.tif,0.0,158.22923244457706,0.0,0.09777777777777777,0.0011432098765432098,0.0,0.0,0.0,0.0,0.0,0.972930981457018,7.631882909115905,0.0063074008845391,0.001981047634235805
0540-3.tif,0.0,172.86933087032978,0.0,0.08424242424242424,4.664830119375574e-05,0.0,0.0,0.0,0.0,0.0,-42.231576355414376,8.692668315110907,0.009947496190687619,0.003196059878903052
0540-4.tif,0.0,143.92961604548245,0.0,0.1130952380952381,0.003751133786848073,0.0,0.0,0.0,0.0,0.0,20.6998771554987,13.996049842668686,0.006384370275652589,0.002047448119775758
0540-6.tif,0.0,169.2396706322205,0.0,0.0925,0.00039347222222222225,0.0,0.0,0.0,0.0,0.0,-40.35025673148843,13.069934638711121,0.006402330891790375,0.0020322021666311003
0541-1.tif,0.0,170.23390770740514,0.0,0.08363636363636363,0.0004837465564738292,0.0,0.0,0.021666666666666667,0.0115,9.885416666666666e-10,40.447003643204965,11.613396597624398,0.011462740966527291,0.0036611025376059895
0541-2.tif,0.0,147.32823897678273,0.0,0.0911111111111111,0.002460493827160494,0.0,0.0,0.025,0.0121875,4.318576388888889e-10,30.414860449685218,15.54367553453417,0.007706991652805737,0.0025635751617509818
0541-3.tif,0.0,158.77475078740733,0.0,0.08716666666666666,0.0012894722222222222,0.0,0.0,0.019333333333333334,0.0125,2.7187500000000006e-10,-6.046650267370638,10.376066563674751,0.01172820860776995,0.003922717222152758
0541-4.tif,0.0,128.27616890991126,0.0,0.11666666666666667,0.004962962962962963,0.0,0.0,0.023333333333333334,0.01325,1.0954861111111111e-09,-5.819797831783941,7.050572059109903,0.007548414093913296,0.002495187442159359
0541-6.tif,0.0,173.1661653826559,0.0,0.08166666666666667,0.0005939393939393939,0.0,0.0,0.02181818181818182,0.011704545454545454,8.421573691460056e-09,-8.628593738225243,5.45904376508978,0.0077351972937891485,0.0026159089297336743
0547-1.tif,0.0,169.75576818869317,0.0,0.08196969696969697,0.00012566574839302112,0.0,0.0,0.011666666666666667,0.01375,0.0,13.638829772833445,8.712040239900498,0.00970978730938337,0.002509443658589231
0547-2.tif,0.0,151.47937153289223,0.0,0.104375,0.0009242621527777778,0.0,0.0,0.018333333333333333,0.01375,0.0,2.2537204944255977,7.533161462892995,0.005823158987533159,0.0015702048366289854
0547-3.tif,0.0,151.74982701802332,0.0,0.09277777777777778,0.0024456790123456792,0.0,0.0,0.016666666666666666,0.00875,0.0,23.083587503370993,11.57492476434675,0.008394810637176434,0.0022069372061679434
0547-4.tif,0.0,131.82869776932318,0.0,0.13599999999999998,0.011136222222222221,0.0,0.0,0.0,0.0,0.0,45.162215150940035,5.7706795211544755,0.005351756655840602,0.001372971968990002
0547-6.tif,0.0,169.69161162401502,0.0,0.08196969696969697,0.00033879706152433424,0.0,0.0,0.0175,0.01,1.736111111111111e-11,-43.20476281413247,8.319759133187912,0.005643797777839992,0.0015414856852794749
0548-1.tif,0.0,180.66609168958774,0.0,0.07958333333333334,9.172453703703704e-05,0.0,0.0,0.028434343434343437,0.014015151515151515,5.064478433323131e-09,41.47598453433161,10.448985589909851,0.01991576804395398,0.0062380632477388774
0548-2.tif,0.0,144.0967610434387,0.0,0.10928571428571428,0.002619727891156463,0.0,0.0,0.030833333333333334,0.014027777777777776,6.241547175068586e-09,37.35605478895881,15.074613788537414,0.011493072851089105,0.0036619116673779167
0548-3.tif,0.0,183.61366052492104,0.0,0.07916666666666666,9.791666666666667e-05,0.0,0.0,0.028771929824561403,0.017236842105263158,1.170223049399815e-08,8.07464278701833,6.393602777415031,0.01865097972585611,0.005769196414502512
0548-4.tif,0.0,143.42397812081492,0.0,0.1130952380952381,0.004285260770975057,0.0,0.0,0.031296296296296294,0.015277777777777777,9.741150655864198e-09,17.186968270269535,8.980233130316748,0.011180778645067483,0.0035823389928561827
0548-6.tif,0.0,170.51744294091276,0.0,0.09133333333333332,0.000221,0.0,0.0,0.031785714285714285,0.016339285714285712,1.2872478997385993e-08,44.23816330153943,10.945496622345653,0.011913630255296641,0.003725257644717934
0549-1.tif,0.0,180.27569288117292,0.0,0.08287878787878787,0.00023792470156106522,0.0,0.0,0.02,0.0075,0.0,-6.332671903541623,6.918914084246414,0.008850830800625887,0.002042954694668202
0549-2.tif,0.0,154.79653401206616,0.0,0.08399999999999999,0.0005467777777777778,0.0,0.0,0.0325,0.01625,1.0494900173611111e-07,17.027847931068695,8.817691682708752,0.00515945262663428,0.0012236486649934782
0549-3.tif,0.0,186.27815497370634,0.0,0.07538461538461538,8.681788297172913e-05,0.0,0.0,0.022916666666666665,0.0125,5.556640625e-09,30.785540491491933,11.728822395003817,0.009350002676149891,0.002225866016316775
0549-4.tif,0.0,150.33459349065336,0.0,0.09240740740740741,0.0006506858710562414,0.0,0.0,0.014444444444444444,0.0125,8.680555555555555e-12,43.292953616421556,6.6854200552170315,0.00570207414709801,0.0013353493942018452
0549-6.tif,0.0,162.42078806819717,0.0,0.08783333333333333,0.00051225,0.0,0.0,0.01875,0.01390625,5.347649468315972e-08,3.3205141616838234,4.054057141060502,0.0058688116906504125,0.0013413419670497114
0550-1.tif,0.0,163.9762127477868,0.0,0.08933333333333333,0.0003417777777777778,0.0,0.0,0.0,0.0,0.0,-34.32747822161452,17.321847183951103,0.010288334953353082,0.0029779855725829336
0550-2.tif,0.0,151.8125875163027,0.0,0.10354166666666667,0.001794748263888889,0.0,0.0,0.0,0.0,0.0,10.114154524299016,6.06775717011466,0.006663473363048963,0.0018815037231703937
0550-3.tif,0.0,152.98575097047438,0.0,0.09444444444444444,0.001178395061728395,0.0,0.0,0.0,0.0,0.0,-44.97389862222995,5.86780605391472,0.009883407157438405,0.002815869020751177
0550-4.tif,0.0,130.88597667011118,0.0,0.135,0.011391111111111112,0.0,0.0,0.0,0.0,0.0,-34.5709317211206,14.067465228675438,0.0060278319045718835,0.0016833255957248794
0550-6.tif,0.0,161.32652582227232,0.0,0.08866666666666667,0.0005804444444444444,0.0,0.0,0.021666666666666667,0.006875,3.90625e-11,-44.563263099829726,5.595344042023614,0.005619911159319559,0.001616429768492001
0556-1.tif,0.0,181.40966748114968,0.0,0.07958333333333334,9.635416666666667e-05,0.0,0.0,0.0,0.0,0.0,-30.59028429821886,13.179576455762296,0.010528935774283729,0.0030408546522350116
0556-2.tif,0.0,168.3593657420277,0.0,0.08933333333333333,0.00028511111111111114,0.0,0.0,0.025,0.03,0.0,-5.135683207155748,5.733211955479801,0.006378236596927661,0.0018544767002232753
0556-3.tif,0.0,189.55884630641154,0.0,0.08236111111111111,0.00034604552469135797,0.0,0.0,0.029166666666666667,0.01125,5.740017361111111e-10,-45.79615488278141,8.014760097612855,0.009543443082687564,0.0027401340810362367
0556-4.tif,0.0,149.61537354162505,0.0,0.09240740740740741,0.0027111796982167355,0.0,0.0,0.03166666666666667,0.00875,0.0,-16.87691093814887,11.178922699710869,0.00536381783544558,0.0015294650617489137
0556-6.tif,0.0,165.91514310256252,0.0,0.09066666666666666,0.0008123333333333332,0.0,0.0,0.029166666666666667,0.008125,4.340277777777778e-12,26.64949078972442,13.798664837940807,0.006134263192949759,0.001768896992706703
0558-1.tif,0.0,174.97730011505936,0.0,0.08393939393939394,0.0005314508723599632,0.0,0.0,0.016666666666666666,0.015,0.0,-40.192249508144606,10.043323982851499,0.006943118046704264,0.0016727841889325821
0558-2.tif,0.0,154.39433279754797,0.0,0.09314814814814815,0.0012780521262002742,0.0,0.0,0.0,0.0,0.0,-7.7752939280348805,10.943232172169719,0.004188548786792936,0.001058195443267433
0558-3.tif,0.0,175.79413070091076,0.0,0.08484848484848484,0.0003118457300275483,0.0,0.0,0.02,0.01,0.0,38.473195047281436,12.80668425152194,0.006625655732992133,0.0016435531818899424
0558-4.tif,0.0,148.18311096410415,0.0,0.11714285714285716,0.0028164399092970517,0.0,0.0,0.0,0.0,0.0,40.630993737756604,13.505477535339924,0.004124957339865465,0.0010044861606824985
0558-6.tif,0.0,181.7303405231682,0.0,0.08606060606060606,0.0006107438016528925,0.0,0.0,0.025,0.01,1.591796875e-09,1.3143045807004394,4.90192940068036,0.004732910135164313,0.0011559608594063856
0560-1.tif,0.0,168.184670327986,0.0,0.08166666666666667,1.919191919191919e-05,0.0,0.0,0.019414414414414414,0.01304054054054054,5.953592951059166e-09,43.45942379558384,11.85969215050473,0.013705161738931262,0.0038669686123699388
0560-2.tif,0.0,154.45309967753965,0.0,0.09351851851851853,0.0014095336076817557,0.0,0.0,0.02314814814814815,0.014027777777777776,5.2705439814814815e-09,11.852863641622458,8.509716552359691,0.007902245030910469,0.002178648718510623
0560-3.tif,0.0,168.43734410423625,0.0,0.08242424242424243,0.0001143250688705234,0.0,0.0,0.020416666666666666,0.013159722222222224,4.884858726637518e-09,-19.420963407976373,9.251573209365382,0.012443535657817797,0.003570016765809781
0560-4.tif,0.0,141.44949628754426,0.0,0.0874074074074074,0.0017204389574759947,0.0,0.0,0.02129032258064516,0.012661290322580645,3.076656260839403e-09,-34.85964559770859,15.343987401363448,0.007430707303344543,0.002059158720647934
0560-6.tif,0.0,174.68782652118,0.0,0.0708974358974359,0.000126758711374096,0.0,0.0,0.024,0.013071428571428572,7.532773526077098e-09,-20.53226005142246,14.626374410609209,0.00835087337911473,0.002426651110515505
0561-1.tif,0.0,177.19767987047487,0.0,0.07541666666666667,0.00032829861111111113,0.0,0.0,0.017083333333333332,0.012465277777777777,9.985016664523318e-10,-40.37338199443277,9.49131844526235,0.01657265256312884,0.005152635962936173
0561-2.tif,0.0,160.74293141535028,0.0,0.0974074074074074,0.0013377229080932787,0.0,0.0,0.016904761904761905,0.012708333333333332,1.915610138731419e-09,0.30697652125154395,4.11577992850535,0.009139973197731747,0.002902348981117879
0561-3.tif,0.0,181.88269189086535,0.0,0.07958333333333334,0.00012135416666666666,0.0,0.0,0.01685763888888889,0.0135546875,2.6119161535192422e-09,-45.33104546867999,5.3742519812718355,0.01549834823837496,0.004851560098336492
0561-4.tif,0.0,139.77601129426083,0.0,0.09833333333333333,0.0016534722222222222,0.0,0.0,0.017083333333333332,0.01296875,1.8266756572420637e-09,35.221756897127754,16.307888830793452,0.00894552002667369,0.0028283473725836455
0561-6.tif,0.0,172.3920555980853,0.0,0.08166666666666667,0.00017727272727272728,0.0,0.0,0.01847457627118644,0.013283898305084745,6.1050539236809366e-09,44.67494197200413,5.774824953621771,0.00961931455201421,0.003024600484340917
0562-1.tif,0.0,185.95189470090685,0.0,0.07551282051282052,0.00014930966469428006,0.0,0.0,0.0,0.0,0.0,32.67595765125257,16.415725567807502,0.009730104855046903,0.0025476049235933986
0562-2.tif,0.0,154.35530441160745,0.0,0.0961111111111111,0.0018802469135802474,0.0,0.0,0.0,0.0,0.0,8.830751899114283,4.649858742857138,0.0055331732204132,0.0014546108158271574
0562-3.tif,0.0,186.1118820845709,0.0,0.07551282051282052,0.00011811308349769891,0.0,0.0,0.021666666666666667,0.01125,0.0,-44.58530491701516,3.1332486590542215,0.00913561172353957,0.0023895225897345804
0562-4.tif,0.0,148.37273717163293,0.0,0.1025,0.00276875,0.0,0.0,0.0,0.0,0.0,9.776392655299269,10.480055981112303,0.005199339289577622,0.0013354376179740667
0562-6.tif,0.0,176.26983733910788,0.0,0.08287878787878787,0.00044651056014692375,0.0,0.0,0.034166666666666665,0.0125,9.125434027777777e-10,44.243218688944125,9.629666298131502,0.00588909281547271,0.001562782760501333
0564-1.tif,0.0,176.63118747517066,0.0,0.08560606060606062,3.0945821854912754e-05,0.0,0.0,0.02,0.01,1.0850694444444444e-10,47.444066360293505,9.173307082073753,0.010104651932497708,0.0026724030834694287
0564-2.tif,0.0,166.7158715245247,0.0,0.088,0.0003876666666666667,0.0,0.0,0.022083333333333333,0.009375,4.782443576388889e-10,2.959201393044067,5.151321976883126,0.005891015211252279,0.0016151190423879483
0564-3.tif,0.0,165.4294686291082,0.0,0.08950000000000001,0.00027613888888888886,0.0,0.0,0.019166666666666665,0.0115625,1.2269422743055556e-09,12.514335572700164,8.921301444473103,0.009401518306437621,0.0025108015199819533
0564-4.tif,0.0,155.40283137703767,0.0,0.0937037037037037,0.0011714677640603567,0.0,0.0,0.017222222222222222,0.011666666666666667,1.1265432098765428e-09,-29.96037476283844,16.39132404235935,0.005514515357276445,0.001470848520345995
0564-6.tif,0.0,167.60801377318367,0.0,0.09133333333333332,0.0008232222222222223,0.0,0.0,0.02766666666666667,0.01225,8.294097222222221e-09,-44.50293432269083,8.413870398197222,0.005812120651546417,0.0015522225097588586
0565-1.tif,0.0,179.78094309464504,0.0,0.08742424242424242,2.9476584022038562e-05,0.0,0.0,0.0,0.0,0.0,-41.99344636370439,10.981549335696103,0.010183114768185047,0.0029534472183784842
0565-2.tif,0.0,165.9534934355739,0.0,0.088,0.0004676666666666667,0.0,0.0,0.025,0.0125,0.0,-10.08639841510104,6.851352996459452,0.006217994334512183,0.0019109450813771408
0565-3.tif,0.0,170.84287885714858,0.0,0.091,0.0002984444444444445,0.0,0.0,0.015555555555555557,0.010416666666666668,1.6300154320987655e-10,-22.354579517453132,11.135121372606143,0.010973017855215718,0.0033688054209919894
0565-4.tif,0.0,157.90848615574782,0.0,0.09518518518518519,0.0008632373113854595,0.0,0.0,0.0,0.0,0.0,-7.2646545339060244,9.085869434235654,0.006362778391176043,0.0018890913039196664
0565-6.tif,0.0,167.58459070368704,0.0,0.092,0.0007598888888888889,0.0,0.0,0.02375,0.0121875,9.57675509982639e-09,-44.29850597800764,4.8666694873245495,0.007171118976373056,0.002213515918921714
0566-1.tif,0.0,183.8550689824258,0.0,0.08027777777777777,0.00013557098765432102,0.0,0.0,0.01611111111111111,0.010833333333333332,3.761574074074074e-11,-17.33161423633458,10.807591144830875,0.010145284803989607,0.002621778994182622
0566-2.tif,0.0,145.92655687022838,0.0,0.09354166666666666,0.0011489149305555556,0.0,0.0,0.016999999999999998,0.0105,3.6458333333333337e-11,44.663756583080804,11.942218558913424,0.005752878691071625,0.0014772607321360347
0566-3.tif,0.0,174.98497951411588,0.0,0.08545454545454545,9.752066115702479e-05,0.0,0.0,0.0162962962962963,0.013194444444444444,1.5452460562414268e-09,45.59434705199961,4.596017001537881,0.009131297557429266,0.0023124641182112196
0566-4.tif,0.0,137.29797658742098,0.0,0.10833333333333334,0.0036809523809523807,0.0,0.0,0.015384615384615384,0.011057692307692308,2.3478591387245235e-10,11.403432899213598,8.391732574488138,0.005513788685286747,0.0013692493529268413
0566-6.tif,0.0,164.96946875053794,0.0,0.08916666666666667,0.0007479166666666667,0.0,0.0,0.018518518518518517,0.01125,6.254286694101507e-10,44.62458550556661,7.1695152734735155,0.006338616276634278,0.0016365632247654536
0567-1.tif,0.0,175.93344306552092,0.0,0.08454545454545455,2.1763085399449033e-05,0.0,0.0,0.0,0.0,0.0,43.99630927209876,8.771901703654292,0.011107729514745857,0.002775267233507671
0567-2.tif,0.0,158.41010068805588,0.0,0.09518518518518519,0.0012021262002743483,0.0,0.0,0.021666666666666667,0.0175,0.0,38.62699650501543,9.39515170366836,0.00635931937767082,0.001650085349821804
0567-3.tif,0.0,173.94497453696863,0.0,0.08409090909090909,2.796143250688705e-05,0.0,0.0,0.0,0.0,0.0,11.951488347043703,13.931662817811567,0.010365226146380049,0.002569097157704113
0567-4.tif,0.0,145.9320829684349,0.0,0.10083333333333333,0.002002083333333333,0.0,0.0,0.0,0.0,0.0,23.398828107692793,11.63080622675843,0.007040345314845699,0.0017483736202079875
0567-6.tif,0.0,174.2645657868773,0.0,0.0846969696969697,0.0006337465564738292,0.0,0.0,0.026,0.01575,1.5149305555555555e-09,23.725135382170837,13.496655249061378,0.007255964856338827,0.001867616365648821
0568-1.tif,0.0,182.54687328668646,0.0,0.0801388888888889,5.9008487654320985e-05,0.0,0.0,0.0175,0.0103125,2.587619357638889e-09,28.08796398663165,15.77944895625344,0.01091911202862677,0.0028551329898908093
0568-2.tif,0.0,145.10354923295296,0.0,0.09479166666666666,0.0011461371527777778,0.0,0.0,0.01904761904761905,0.011785714285714287,1.0818806689342405e-09,-36.980670368260924,11.517681321107391,0.006734476771752279,0.001790517024514931
0568-3.tif,0.0,187.37271024452494,0.0,0.08236111111111111,0.000146971450617284,0.0,0.0,0.020416666666666666,0.0121875,1.330295138888889e-09,-11.992693991967158,9.842510072432221,0.011246403083133998,0.003078005414648181
0568-4.tif,0.0,140.17288432503628,0.0,0.11142857142857143,0.004297959183673469,0.0,0.0,0.021666666666666667,0.00625,0.0,-6.076173347979298,6.12140930324289,0.006031763992491304,0.001585824797037355
0568-6.tif,0.0,173.1870760582598,0.0,0.07597222222222223,8.493441358024691e-05,0.0,0.0,0.020392156862745096,0.00963235294117647,1.1044730392156863e-09,-22.204824279517542,16.35659403503323,0.006388974049353942,0.0016829308795752447
0570-1.tif,0.0,180.46537473789797,0.0,0.07847222222222222,9.234182098765434e-05,0.0,0.0,0.02638888888888889,0.011041666666666667,1.4752121913580248e-09,13.903601075148883,7.7642567910914275,0.013328800236185262,0.004070763675993677
0570-2.tif,0.0,160.90559343913438,0.0,0.0962962962962963,0.0012486282578875172,0.0,0.0,0.03666666666666667,0.01375,0.0,-44.779693842713044,7.746654346608914,0.007627407591893934,0.002394226050329188
0570-3.tif,0.0,178.40892089678573,0.0,0.08636363636363636,0.0001519283746556474,0.0,0.0,0.0,0.0,0.0,44.12575179486323,9.062997453993486,0.012854960198428985,0.004134829058685448
0570-4.tif,0.0,147.1639710493027,0.0,0.11452380952380951,0.004300566893424037,0.0,0.0,0.024166666666666666,0.01125,5.941840277777778e-09,44.87122164654919,4.858765035523126,0.007146135485471985,0.002282664143442387
0570-6.tif,0.0,163.29302364230978,0.0,0.08833333333333333,0.0001822222222222222,0.0,0.0,0.031111111111111114,0.015416666666666667,1.893325617283951e-09,-14.943379503139509,8.277579535524463,0.0061752458936421735,0.0015918530679773352
0571-1.tif,0.0,179.76255558065725,0.0,0.08863636363636364,0.0002867768595041323,0.0,0.0,0.02022222222222222,0.011083333333333334,2.1156635802469138e-09,43.11984716535971,6.958312368157337,0.01079026930757978,0.002739965684639239
0571-2.tif,0.0,148.7892469232908,0.0,0.09240740740740741,0.0008969821673525377,0.0,0.0,0.020833333333333332,0.009791666666666666,8.488859953703704e-10,45.046577178253024,6.5738386107349,0.006530535451188833,0.0017558875183049845
0571-3.tif,0.0,161.47942068816423,0.0,0.088,0.0006771111111111111,0.0,0.0,0.026862745098039216,0.00963235294117647,2.7527873894655897e-09,10.833204291299195,7.397247390901262,0.011081243206429817,0.003025077856661936
0571-4.tif,0.0,135.75523700763813,0.0,0.1080952380952381,0.003222562358276644,0.0,0.0,0.022,0.00775,3.7222222222222216e-10,-21.68780439079846,8.871297436853455,0.006474826143750933,0.0017027752661129508
0571-6.tif,0.0,177.1931424243676,0.0,0.08439393939393938,0.000309228650137741,0.0,0.0,0.02378787878787879,0.012159090909090908,6.6691058310376495e-09,45.2258615106829,4.076380713382556,0.0065019910283242,0.001750450189596298
0573-1.tif,0.0,184.53119875405747,0.0,0.08125,0.00037598379629629624,0.0,0.0,0.03074074074074074,0.02263888888888889,2.763985339506173e-08,-0.7058617476225273,6.438232459385467,0.00961714406470227,0.002379978067597789
0573-2.tif,0.0,154.48287931029768,0.0,0.09222222222222222,0.0007944444444444444,0.0,0.0,0.029583333333333333,0.020625,3.0533854166666667e-09,22.984607109327193,9.277009979670062,0.005300535413704891,0.0013247671233963805
0573-3.tif,0.0,180.44112613259762,0.0,0.08712121212121213,0.0003788337924701561,0.0,0.0,0.022291666666666668,0.01765625,5.010308159722223e-10,-43.94057232607407,7.524970457646329,0.00855400783985862,0.0020950836393792086
0573-4.tif,0.0,140.68754164815022,0.0,0.10857142857142857,0.002905895691609977,0.0,0.0,0.02666666666666667,0.0175,0.0,1.6112359735145592,5.719505268867818,0.005089488963211837,0.001263917263764157
0573-6.tif,0.0,174.18307338991224,0.0,0.08257575757575758,0.001006749311294766,0.0,0.0,0.028333333333333332,0.026875,8.273172260802468e-09,-7.09476258931297,8.447250570773804,0.0058486115440772035,0.0014070006869558685
0575-1.tif,0.0,181.6473597760492,0.0,0.08097222222222222,0.00010854552469135804,0.0,0.0,0.0,0.0,0.0,43.2174335660997,6.987539640842103,0.009185394612822011,0.0023997490521544254
0575-2.tif,0.0,150.49556000177188,0.0,0.10541666666666667,0.0017609375,0.0,0.0,0.02,0.01125,0.0,33.1892950073861,15.232313305844018,0.005750327507245214,0.0015386737962450573
0575-3.tif,0.0,182.4334846769116,0.0,0.0801388888888889,6.039737654320988e-05,0.0,0.0,0.0,0.0,0.0,-28.550637455103903,10.712182957409153,0.008073193005431432,0.002119011921732096
0575-4.tif,0.0,137.19671096640764,0.0,0.10785714285714285,0.002779138321995465,0.0,0.0,0.0,0.0,0.0,-44.53466114494191,6.869249674456389,0.005660581182720774,0.0015468984077324516
0575-6.tif,0.0,168.49400999726572,0.0,0.09033333333333333,0.00044211111111111117,0.0,0.0,0.018571428571428572,0.010892857142857142,3.867276077097505e-10,11.620900350144325,6.051237486930445,0.005468791324264113,0.0014887884016408952
0577-1.tif,0.0,167.96310102455575,0.0,0.09216666666666666,0.0003911388888888889,0.0,0.0,0.02,0.0115625,1.9395345052083335e-08,-1.4300266880287358,4.917751373729665,0.010295473568112378,0.0026940674039284502
0577-2.tif,0.0,143.9896176812759,0.0,0.09291666666666666,0.0007553819444444445,0.0,0.0,0.019583333333333335,0.01046875,6.352403428819444e-10,14.5155386832152,9.585330155527119,0.006175307459977815,0.0016424900976694141
0577-3.tif,0.0,164.74407901423328,0.0,0.09083333333333334,0.00029958333333333334,0.0,0.0,0.0225,0.009375,2.460575810185185e-09,44.53684923907348,4.770954331303741,0.011066408288262485,0.0029955215564604603
0577-4.tif,0.0,136.7305173507363,0.0,0.1080952380952381,0.0033233560090702953,0.0,0.0,0.017222222222222222,0.010833333333333332,3.0478395061728397e-10,-5.649994974921051,4.294426793633303,0.0062683747215756536,0.0016683165538799833
0577-6.tif,0.0,171.87372221747245,0.0,0.08272727272727272,0.0005698347107438016,0.0,0.0,0.023636363636363636,0.011022727272727273,1.1196481864095503e-09,43.71007123726922,13.836168770271522,0.006791234808552095,0.0018497051829369396
0578-1.tif,0.0,172.0433569384958,0.0,0.08378787878787879,0.00024550045913682275,0.0,0.0,0.02893939393939394,0.01693181818181818,6.589976469237834e-09,-37.443163640287594,13.904622196346455,0.011463081693535665,0.0026512636778605815
0578-2.tif,0.0,178.2888089821793,0.0,0.07791666666666666,0.0002060763888888889,0.0,0.0,0.026041666666666668,0.016875,3.231309678819444e-08,3.4960081498286355,10.763292514269006,0.007454026851443465,0.0017835104437367564
0578-3.tif,0.0,183.76554396275978,0.0,0.08069444444444444,9.095293209876543e-05,0.0,0.0,0.024444444444444442,0.016666666666666666,4.3233453360768175e-09,24.908511702694717,15.700107339232554,0.011921725435577518,0.0028442599479648768
0578-4.tif,0.0,188.06683943394847,0.0,0.08166666666666667,0.0003398148148148148,0.0,0.0,0.0290625,0.019921875,3.5873192681206595e-08,-21.88390169387988,11.851070448946599,0.007369205237609594,0.001767365591224089
0578-6.tif,0.0,185.2982882309002,0.0,0.0811111111111111,0.00016080246913580245,0.0,0.0,0.029656862745098038,0.01871323529411765,3.652402696679162e-08,-29.49451835443652,15.000492098967927,0.008133986635249134,0.0019590517711215606
0580-1.tif,0.0,181.10914032720484,0.0,0.07930555555555556,8.586033950617284e-05,0.0,0.0,0.020555555555555556,0.013020833333333332,5.4929530767746915e-09,4.872141606697879,7.193047930144889,0.01305059954552478,0.003518730484912398
0580-2.tif,0.0,162.11861793449802,0.0,0.08833333333333333,0.0009199999999999999,0.0,0.0,0.02638888888888889,0.011666666666666667,5.578342013888889e-09,33.82196742174081,12.11595618249207,0.007271839613100616,0.0019476776962609897
0580-3.tif,0.0,174.15962904441685,0.0,0.08409090909090909,9.715335169880624e-05,0.0,0.0,0.023472222222222224,0.013958333333333333,9.812162422839507e-09,-17.125953307276962,6.979161534187236,0.011881517778781192,0.003248848795628933
0580-4.tif,0.0,149.8276375961869,0.0,0.10520833333333333,0.002172526041666667,0.0,0.0,0.022,0.010249999999999999,5.440972222222223e-10,-14.596101201336893,9.388728856595545,0.007171096716694931,0.001998215421636435
0580-6.tif,0.0,180.12063676042857,0.0,0.07805555555555556,0.0001888117283950617,0.0,0.0,0.021041666666666667,0.01234375,6.662258572048611e-09,-34.653691254544555,12.628689486210224,0.008010277008624276,0.0022803621115244817
0582-1.tif,0.0,168.77549190171737,0.0,0.08196969696969697,7.26354453627181e-05,0.0,0.0,0.020666666666666667,0.01,5.4513888888888884e-11,11.976873312609921,5.18718119302034,0.010684071693728052,0.0027252715845875767
0582-2.tif,0.0,151.387685777142,0.0,0.0825,0.0010390277777777778,0.0,0.0,0.02,0.0075,0.0,46.25067680391322,6.085727542147712,0.006962489639509071,0.0019208033666012628
0582-3.tif,0.0,179.38748513339834,0.0,0.0788888888888889,7.098765432098765e-05,0.0,0.0,0.01875,0.0165625,1.8977864583333335e-09,17.753339508739263,8.64116757571947,0.011123675502516984,0.0030640409860653497
0582-4.tif,0.0,136.8226498062364,0.0,0.10833333333333334,0.003704761904761905,0.0,0.0,0.024166666666666666,0.01,1.042751736111111e-09,44.97892782877739,4.84824908093707,0.006708365721995399,0.0018340027029230435
0582-6.tif,0.0,167.63742289702367,0.0,0.08090909090909092,0.0004885674931129477,0.0,0.0,0.019333333333333334,0.0105,9.868055555555558e-10,35.70814699422672,14.031889958921267,0.006938340526523685,0.0019239211690419795
0585-1.tif,0.0,184.4734069448019,0.0,0.08069444444444444,0.0001062307098765432,0.0,0.0,0.0,0.0,0.0,-40.751279600923915,10.113960270907862,0.015426661909097753,0.005507618919420635
0585-2.tif,0.0,157.7680576035593,0.0,0.095,0.001271604938271605,0.0,0.0,0.023333333333333334,0.01875,0.0,9.631426895556306,6.626574323570623,0.00805817367257936,0.0029070758821250512
0585-3.tif,0.0,170.03618895857304,0.0,0.08287878787878787,7.226813590449953e-05,0.0,0.0,0.0,0.0,0.0,13.149913669318943,9.097376225724204,0.012388507114592506,0.004421347677788049
0585-4.tif,0.0,149.35251199596937,0.0,0.10333333333333333,0.0022125,0.0,0.0,0.0,0.0,0.0,21.572853432937727,12.153310652343265,0.007282927649449919,0.0025900556043993985
0585-6.tif,0.0,164.54801605238774,0.0,0.09016666666666667,0.000684138888888889,0.0,0.0,0.025833333333333333,0.017291666666666667,5.806929976851852e-09,-1.5577036009778051,4.305417756748716,0.00825720578634426,0.0028743014984162615
0592-1.tif,0.0,155.38520516275375,0.0,0.08549999999999999,0.0009789166666666668,0.0,0.0,0.015,0.01,0.0,35.32713955872585,13.285531192009547,0.007979779720190722,0.0019387360591347814
0592-2.tif,0.0,150.98331033594408,0.0,0.09148148148148148,0.0015045953360768175,0.0,0.0,0.01888888888888889,0.010416666666666668,1.6493055555555555e-10,15.584553200207262,10.313214093596306,0.004465617731231822,0.0011564141244770178
0592-3.tif,0.0,160.30096693407685,0.0,0.09666666666666666,0.0012518518518518519,0.0,0.0,0.02,0.012083333333333333,3.421103395061728e-09,45.13422256330522,6.651425819940799,0.00711472149878711,0.0018500946889532474
0592-4.tif,0.0,129.86788158227063,0.0,0.135,0.009237777777777777,0.0,0.0,0.0,0.0,0.0,44.4581360845851,3.9400275366113755,0.004371772239417879,0.001103054199630027
0592-6.tif,0.0,182.80765589344017,0.0,0.07805555555555556,0.0002628858024691358,0.0,0.0,0.021944444444444444,0.014583333333333332,1.0162278163580248e-09,8.219878404470473,8.264169203808972,0.004940421007209246,0.0012411000955141111
0598-1.tif,0.0,172.91761043919152,0.0,0.0846969696969697,9.687786960514233e-05,0.0,0.0,0.0,0.0,0.0,-1.9550494013981834,4.188750957978071,0.013063474379380557,0.0038792071516277385
0598-2.tif,0.0,154.13837938683537,0.0,0.09277777777777778,0.0012506172839506172,0.0,0.0,0.0,0.0,0.0,43.1294754347951,8.435826666315181,0.007693047736522473,0.0023716800028913848
0598-3.tif,0.0,161.78048590554644,0.0,0.08816666666666667,0.00035580555555555555,0.0,0.0,0.0,0.0,0.0,44.759386704611444,9.816417699440793,0.011527966246762503,0.0035114147362736046
0598-4.tif,0.0,142.83726535816905,0.0,0.11261904761904762,0.0044157596371882085,0.0,0.0,0.0,0.0,0.0,-33.60206845919341,16.73271441710966,0.007619332406784849,0.002354053125375441
0598-6.tif,0.0,166.23820408037307,0.0,0.09116666666666667,0.0004766944444444444,0.0,0.0,0.01625,0.0121875,3.5888671875e-10,-44.40928834597953,4.852061096843453,0.0075115614301888775,0.002374708414502347
0599-1.tif,0.0,138.5609461661876,0.0,0.09625,0.003018576388888889,0.0,0.0,0.0,0.0,0.0,-40.197812732184694,13.064694983348941,0.007723386143573429,0.002182770082370173
0599-2.tif,0.0,125.15333804853691,0.0,0.09229166666666666,0.006118012152777778,0.0,0.0,0.0,0.0,0.0,-11.777275840286302,9.404531403431585,0.0058039354838654925,0.0016222606346277262
0599-3.tif,0.0,129.81242354305866,0.0,0.1175,0.009108101851851852,0.0,0.0,0.0,0.0,0.0,-45.352697707607035,6.250547837046598,0.006875381411236489,0.0019978554369468817
0599-4.tif,0.0,132.40936522769073,0.0,0.15875,0.022522743055555555,0.0,0.0,0.0,0.0,0.0,20.597560405166114,8.884419946620314,0.004552042380292138,0.0013007778748396178
0599-6.tif,0.0,141.75979683958354,0.0,0.09037037037037036,0.003977640603566529,0.0,0.0,0.021666666666666667,0.01125,1.736111111111111e-11,-12.442650237291708,11.184583965222433,0.006217131174126587,0.0016672882930596476
0600-1.tif,0.0,177.87423381579347,0.0,0.08590909090909091,0.0002476584022038567,0.0,0.0,0.02666666666666667,0.009583333333333334,2.722439236111111e-09,36.18702633539708,12.75141085445432,0.011723478765033874,0.0033986795138435475
0600-2.tif,0.0,179.23603308362846,0.0,0.08833333333333333,0.00016212121212121213,0.0,0.0,0.024,0.009250000000000001,9.836805555555555e-10,-31.792444502542452,16.041022727138316,0.006810745899519741,0.002014490790669995
0600-3.tif,0.0,177.54342191888347,0.0,0.08575757575757575,0.0003400826446280992,0.0,0.0,0.03,0.01125,0.0,-16.050266377900833,7.79241955722682,0.010570263570365362,0.0031617689030776657
0600-4.tif,0.0,136.9748494249948,0.0,0.10857142857142857,0.0038860544217687075,0.0,0.0,0.02,0.011666666666666667,5.758101851851852e-10,-44.52748742456411,8.67654861738934,0.006400797693272612,0.0018759461716952564
0600-6.tif,0.0,183.0863604548831,0.0,0.07875,0.00037876157407407406,0.0,0.0,0.025,0.009250000000000001,5.9243055555555555e-09,43.59323534848682,6.1420845373002795,0.006541092416897503,0.0019488165498614456
0602-1.tif,0.0,182.28260132432314,0.0,0.0798611111111111,0.00013354552469135804,0.0,0.0,0.013333333333333334,0.028125,2.2960069444444446e-09,34.08034483080744,16.501336087769698,0.011186406581545995,0.003116789932656666
0602-2.tif,0.0,156.16387874535323,0.0,0.088,0.0012004444444444445,0.0,0.0,0.021666666666666667,0.00625,0.0,-11.696166318961176,6.191634219409901,0.006962834182162601,0.00197021811932908
0602-3.tif,0.0,171.91155671836995,0.0,0.08363636363636363,7.011019283746556e-05,0.0,0.0,0.0,0.0,0.0,23.837074390663354,16.404356704843245,0.01024387946175824,0.0029231408069195627
0602-4.tif,0.0,144.59204464630827,0.0,0.11357142857142856,0.004666213151927437,0.0,0.0,0.0,0.0,0.0,-42.12571918412467,9.003627115944239,0.006198053728959306,0.0017646975816539082
0602-6.tif,0.0,170.56881018599051,0.0,0.09316666666666666,0.00035136111111111105,0.0,0.0,0.021666666666666667,0.00625,0.0,35.21726509145583,13.129375524327974,0.006614255313011872,0.0018889899840535984
0603-1.tif,0.0,160.29873970313434,0.0,0.0845,0.0006683611111111111,0.0,0.0,0.0,0.0,0.0,-43.205398608068194,8.352295140255489,0.00951137410391506,0.002332728568729055
0603-2.tif,0.0,145.6773027729779,0.0,0.101875,0.0019641927083333334,0.0,0.0,0.0,0.0,0.0,26.342511470682748,21.132954244800814,0.006541798566884823,0.0017091615831983191
0603-3.tif,0.0,152.77421248365184,0.0,0.09407407407407407,0.0010463648834019203,0.0,0.0,0.0,0.0,0.0,41.981623258672755,9.161659727624485,0.00929644131305817,0.002431711877574573
0603-4.tif,0.0,132.59011610557133,0.0,0.13733333333333334,0.010276222222222223,0.0,0.0,0.0,0.0,0.0,18.26085973189299,8.759019928731966,0.006327435452823105,0.0016674661302019931
0603-6.tif,0.0,163.57387695821268,0.0,0.08950000000000001,0.00050225,0.0,0.0,0.0,0.0,0.0,39.2655096123,12.202549169342669,0.005916437340564844,0.001590272062191323
0604-1.tif,0.0,168.09395107763066,0.0,0.08075757575757575,6.988062442607897e-05,0.0,0.0,0.013333333333333334,0.01125,0.0,-43.15057881561512,7.702546574944272,0.010300010285967325,0.0028641253322805663
0604-2.tif,0.0,147.10367092632325,0.0,0.09277777777777778,0.0029691358024691358,0.0,0.0,0.018055555555555557,0.009583333333333334,2.879050925925926e-10,-16.422234181434856,8.253140085696563,0.006218310773328432,0.0017711367504736203
0604-3.tif,0.0,153.68282272264523,0.0,0.09444444444444444,0.0008648148148148148,0.0,0.0,0.013333333333333334,0.00875,0.0,14.604920421155795,7.754524011517625,0.009711188038432997,0.002699215122475497
0604-4.tif,0.0,135.83122781223614,0.0,0.12416666666666666,0.006110879629629629,0.0,0.0,0.014166666666666666,0.01,1.736111111111111e-11,36.8822153385253,15.054891539646684,0.006345301860793806,0.001767308137922533
0604-6.tif,0.0,171.1069150820296,0.0,0.08136363636363636,0.00015798898071625345,0.0,0.0,0.016666666666666666,0.0115625,1.584201388888889e-09,11.49341579494105,7.268666738903867,0.006139414021149343,0.0017215916091106905
0606-1.tif,0.0,169.81711976908178,0.0,0.08303030303030304,3.37465564738292e-05,0.0,0.0,0.0,0.0,0.0,40.920421801229836,11.361024763740255,0.009271726491758604,0.002520606418554104
0606-2.tif,0.0,148.67952111841092,0.0,0.09129629629629629,0.0020430727023319616,0.0,0.0,0.0,0.0,0.0,-20.38218459188637,8.6903393557124,0.005671797053566588,0.001560790888052132
0606-3.tif,0.0,159.93412900264505,0.0,0.08733333333333333,0.00026844444444444447,0.0,0.0,0.0,0.0,0.0,46.02894691594865,9.302217791456378,0.008737144559915885,0.002454750691371971
0606-4.tif,0.0,130.11737244597626,0.0,0.1175,0.005193287037037037,0.0,0.0,0.0,0.0,0.0,-42.74460765348056,6.771551353066751,0.004896013315614327,0.0013214368536758555
0606-6.tif,0.0,183.0056745652356,0.0,0.08,0.00015972222222222223,0.0,0.0,0.0,0.0,0.0,-20.78766004187673,25.888543383726983,0.005943229669664985,0.001551972077693945
0607-1.tif,0.0,170.51661698106338,0.0,0.08060606060606061,0.0002652892561983471,0.0,0.0,0.0,0.0,0.0,-37.68969335657229,13.011658625762458,0.00819751394293288,0.0021389253249770156
0607-2.tif,0.0,145.53867586603744,0.0,0.10166666666666667,0.0019284722222222223,0.0,0.0,0.0,0.0,0.0,43.952920113973576,10.381789173243765,0.004978363171027462,0.0013102440764703276
0607-3.tif,0.0,168.71243077355226,0.0,0.09166666666666666,0.0005416666666666666,0.0,0.0,0.015555555555555557,0.0125,5.33371913580247e-10,41.9314506795499,6.36069303888895,0.007437186913128313,0.001980770434266306
0607-4.tif,0.0,136.89561046017985,0.0,0.1252777777777778,0.006149459876543209,0.0,0.0,0.018333333333333333,0.0075,0.0,-34.78675098047383,12.506186559486817,0.004730741718130377,0.001231891457543812
0607-6.tif,0.0,171.9144449686788,0.0,0.08136363636363636,0.00019031221303948575,0.0,0.0,0.016666666666666666,0.01125,0.0,0.20717404458015398,13.216441260631916,0.0047220576560343995,0.0012483079780336859
0609-1.tif,0.0,164.9497293818347,0.0,0.0905,0.00028725,0.0,0.0,0.0,0.0,0.0,-15.061133614359415,8.304336196275985,0.00976830443376573,0.0029436618712412516
0609-2.tif,0.0,161.65645672227262,0.0,0.09685185185185186,0.0009941015089163236,0.0,0.0,0.0,0.0,0.0,27.501534985062634,11.814255875066571,0.006018707332415602,0.001814066286267231
0609-3.tif,0.0,146.50630964375594,0.0,0.103125,0.0011586371527777777,0.0,0.0,0.0,0.0,0.0,-17.180056920344725,9.20056268187271,0.008760996267318672,0.0026125949053511003
0609-4.tif,0.0,145.24698792057617,0.0,0.11357142857142856,0.003663038548752835,0.0,0.0,0.0,0.0,0.0,-30.789660490097262,13.873153388234531,0.005657415891389519,0.0016552195784800485
0609-6.tif,0.0,171.12882980050114,0.0,0.08333333333333333,0.0004282828282828283,0.0,0.0,0.016666666666666666,0.00875,0.0,29.812966532372528,17.593871653860173,0.005442144077005698,0.0015861555270037314
0612-1.tif,0.0,170.39040139893117,0.0,0.08378787878787879,6.115702479338842e-05,0.0,0.0,0.0,0.0,0.0,-43.77726075366132,13.155560162506962,0.008204789737666566,0.0024659843463970942
0612-2.tif,0.0,149.26154896690574,0.0,0.09018518518518519,0.0007126200274348422,0.0,0.0,0.018333333333333333,0.00875,0.0,-33.06452562011767,13.668163400418523,0.005107882995865161,0.0015608499811131562
0612-3.tif,0.0,171.6947185818157,0.0,0.08333333333333333,4.242424242424243e-05,0.0,0.0,0.0,0.0,0.0,44.3983206935309,4.125376505818923,0.007578950553724931,0.002253875664977597
0612-4.tif,0.0,131.28781282327148,0.0,0.11833333333333333,0.006732407407407407,0.0,0.0,0.0,0.0,0.0,-32.64032656737501,17.230418817595986,0.004439845382626975,0.0012482304385680518
0612-6.tif,0.0,163.38971310063386,0.0,0.08866666666666667,0.0006160000000000001,0.0,0.0,0.0,0.0,0.0,43.147739845146745,8.48181893345217,0.004717875325626305,0.001407866801775156
0704-1.tif,0.0,145.5833520588608,0.0,0.08483333333333333,0.0019252499999999999,0.0,0.0,0.028333333333333332,0.01625,0.0,45.14776699548627,5.82633153143478,0.01036652849286498,0.0027299973506156963
0704-2.tif,0.0,133.49516845189567,0.0,0.0851851851851852,0.0016762002743484225,0.0,0.0,0.02,0.00875,0.0,32.97727813814809,13.172092350530164,0.005604648270303332,0.0014995620828851472
0704-3.tif,0.0,145.6735283416453,0.0,0.0845,0.0013955833333333333,0.0,0.0,0.028333333333333332,0.01125,0.0,45.040542528243236,11.266722093451612,0.009163961585534128,0.0024272720792169666
0704-4.tif,0.0,129.25996630391364,0.0,0.13533333333333333,0.01448377777777778,0.0,0.0,0.021666666666666667,0.00875,0.0,39.229228484715144,12.944402067121963,0.005285949491719525,0.0014106460593645996
0704-6.tif,0.0,156.9518680643492,0.0,0.07848484848484849,0.00043962350780532604,0.0,0.0,0.0,0.0,0.0,38.28563775660206,13.190745341115477,0.0059165399470298965,0.0015766294738192687
0705-1.tif,0.0,158.56421412159807,0.0,0.09703703703703703,0.0007313443072702332,0.0,0.0,0.0,0.0,0.0,-31.699978880374896,16.976890146668865,0.013057634567902519,0.004672966767576174
0705-2.tif,0.0,124.38659369625822,0.0,0.09229166666666666,0.005436067708333333,0.0,0.0,0.0,0.0,0.0,-17.344750233918784,8.806433676122506,0.006049342802442955,0.001956943792843507
0705-3.tif,0.0,122.08689477803591,0.0,0.09,0.006525,0.0,0.0,0.0,0.0,0.0,28.266473953286354,17.496016340178535,0.009136404971020896,0.002910335601675382
0705-4.tif,0.0,125.33743344357353,0.0,0.13099999999999998,0.015650666666666667,0.0,0.0,0.0,0.0,0.0,-10.519714326177688,9.469071029868381,0.005885818833507134,0.0018362863604656943
0705-6.tif,0.0,138.95830309844746,0.0,0.08796296296296297,0.0031924554183813446,0.0,0.0,0.0,0.0,0.0,-44.22041444140502,7.791607296015116,0.005980540516630497,0.0018964258281834925
0706-1.tif,0.0,173.8440392995975,0.0,0.0834848484848485,2.6997245179063364e-05,0.0,0.0,0.0,0.0,0.0,40.52979804051044,10.865350762157535,0.01501818026580766,0.0052857876997009
0706-2.tif,0.0,159.47354012500003,0.0,0.09555555555555556,0.0011888888888888889,0.0,0.0,0.0,0.0,0.0,42.72020710563963,9.355747155901003,0.009267640468687883,0.003344129361006575
0706-3.tif,0.0,177.36818266595117,0.0,0.088,0.00033600000000000004,0.0,0.0,0.0,0.0,0.0,34.77289415446912,14.836635042297129,0.014511582115220387,0.0052202521158784985
0706-4.tif,0.0,147.52663954350754,0.0,0.11476190476190477,0.003882086167800454,0.0,0.0,0.0,0.0,0.0,8.692377189993893,6.795828500719369,0.008974497459563493,0.0032535960290262893
0706-6.tif,0.0,169.11954791686057,0.0,0.09066666666666666,0.0005206666666666667,0.0,0.0,0.0,0.0,0.0,-5.994936892165875,7.883332603909022,0.00888439491357661,0.0032101390780757606
0707-1.tif,0.0,159.03133114488568,0.0,0.06782051282051282,0.0003877712031558186,0.0,0.0,0.016833333333333332,0.011125000000000001,1.2712239583333334e-09,-27.818226036074307,16.8992625398563,0.00975127502651177,0.0023268689698002845
0707-2.tif,0.0,130.88349781389553,0.0,0.08611111111111111,0.002705555555555556,0.0,0.0,0.02020833333333333,0.01359375,4.144965277777778e-09,24.105243742509497,14.49635938598743,0.005379788378674733,0.0012523901385914627
0707-3.tif,0.0,170.49921472611604,0.0,0.06690476190476191,8.684807256235828e-05,0.0,0.0,0.016666666666666666,0.012,1.2186342592592595e-09,38.67264300745351,14.404864606679483,0.009100049479101067,0.002073967458128369
0707-4.tif,0.0,130.58879009610828,0.0,0.09541666666666666,0.004617881944444444,0.0,0.0,0.018833333333333334,0.010125,7.402777777777778e-10,42.082426064395705,8.900038997159138,0.0052873665789683584,0.00120260069330837
0707-6.tif,0.0,135.84946223260837,0.0,0.07287878787878788,0.0016439853076216716,0.0,0.0,0.02611111111111111,0.016458333333333332,9.416956018518518e-09,15.855555084495759,13.838732666553591,0.005132727779439255,0.0011905280977414247
0709-1.tif,0.0,176.78918707507728,0.0,0.08439393939393938,0.000594077134986226,0.0,0.0,0.0,0.0,0.0,43.38879653355995,7.983432234633493,0.010690646016107518,0.003069823984996737
0709-2.tif,0.0,145.784298634644,0.0,0.101875,0.002158637152777778,0.0,0.0,0.0,0.0,0.0,-6.571192905847047,5.252588133484626,0.006226238803229518,0.0018181692681114136
0709-3.tif,0.0,154.84317873254864,0.0,0.095,0.0007679012345679013,0.0,0.0,0.0,0.0,0.0,-44.60137626495101,5.186917624669127,0.009525609608685617,0.0028081615450781202
0709-4.tif,0.0,134.11021967176163,0.0,0.12055555555555554,0.006328395061728395,0.0,0.0,0.0,0.0,0.0,-17.730555091237203,10.751147821568196,0.006285571791981183,0.0018464140324885513
0709-6.tif,0.0,175.0280136308344,0.0,0.08272727272727272,0.00022589531680440773,0.0,0.0,0.02388888888888889,0.00875,1.870177469135802e-09,-36.451555989429856,12.785232884377598,0.0065563341815041525,0.001967907362477714
0710-1.tif,0.0,174.04459438124854,0.0,0.08393939393939394,4.054178145087235e-05,0.0,0.0,0.0,0.0,0.0,-20.651227752411177,11.448245440037812,0.008946371384578038,0.002255459501133301
0710-2.tif,0.0,167.6057948859133,0.0,0.09016666666666667,0.0006580277777777778,0.0,0.0,0.0,0.0,0.0,43.39317328892293,9.662884814696621,0.0053202270062432345,0.0013466809738845711
0710-3.tif,0.0,175.44483146815378,0.0,0.08409090909090909,2.796143250688705e-05,0.0,0.0,0.015833333333333335,0.019375,4.78515625e-10,44.46070508626373,3.507220825629134,0.007938961510130937,0.002036677241263888
0710-4.tif,0.0,150.42318904500442,0.0,0.10333333333333333,0.0021381944444444443,0.0,0.0,0.0,0.0,0.0,-6.019892690952271,7.4330283806058075,0.004576539073143285,0.001137317560101226
0710-6.tif,0.0,168.4816491956987,0.0,0.09,0.00041944444444444445,0.0,0.0,0.022777777777777775,0.010208333333333333,2.496262538580247e-09,-14.026712217952666,8.943570356015512,0.005541766283781768,0.0014545353053091736
0717-1.tif,0.0,169.0066361287496,0.0,0.07863636363636363,0.0002963728191000919,0.0,0.0,0.0175,0.0125,1.3292100694444445e-09,44.19470482755454,8.421653534705964,0.012617722503757055,0.0037350028031872874
0717-2.tif,0.0,150.9947350075492,0.0,0.0925925925925926,0.0020852537722908094,0.0,0.0,0.025833333333333333,0.011875,3.2100694444444447e-08,8.371380992625133,8.306771400672986,0.007449881559320697,0.002252522696138439
0717-3.tif,0.0,181.1080621549322,0.0,0.07972222222222222,7.538580246913579e-05,0.0,0.0,0.015303030303030303,0.011590909090909091,3.545397153351699e-10,5.903897414293507,11.183589247442672,0.012521413653162384,0.0037591699244397506
0717-4.tif,0.0,147.45131399889254,0.0,0.09092592592592592,0.000813031550068587,0.0,0.0,0.016666666666666666,0.01125,0.0,32.03308229257921,16.75523261483194,0.0076566460992388025,0.002289378760905391
0717-6.tif,0.0,178.92191943537233,0.0,0.07708333333333334,0.00021487268518518519,0.0,0.0,0.025357142857142856,0.0125,1.504803093112245e-08,13.788507032058622,9.659933155446623,0.008313386794875236,0.002476315420363877
0718-1.tif,0.0,150.99350979429548,0.0,0.0898148148148148,0.0014922496570644718,0.0,0.0,0.0,0.0,0.0,-29.28871458328905,15.54593521293516,0.008841384534270589,0.0024293203437062254
0718-2.tif,0.0,147.20054347725758,0.0,0.10291666666666667,0.0021776041666666667,0.0,0.0,0.0,0.0,0.0,-7.042675730708606,7.680778168533892,0.0057118446344216044,0.0016060306495915895
0718-3.tif,0.0,162.7699283859794,0.0,0.08883333333333333,0.0004133611111111111,0.0,0.0,0.0,0.0,0.0,23.091800371828022,13.746929636845886,0.008932393912891856,0.0024907404589166364
0718-4.tif,0.0,137.60487651539216,0.0,0.12666666666666668,0.006749074074074074,0.0,0.0,0.0,0.0,0.0,30.54387920279113,14.928010831168287,0.00603733905735629,0.0016595707035273175
0718-6.tif,0.0,172.9562656352328,0.0,0.08363636363636363,0.0006185950413223141,0.0,0.0,0.02,0.0075,0.0,44.91014771444926,7.513821743206608,0.005772682592414266,0.001603433410563409
0894-1.tif,0.0,168.93629634339158,0.0,0.08212121212121212,5.863177226813592e-05,0.0,0.0,0.022738095238095238,0.009464285714285713,1.55984268707483e-09,40.192582776023976,12.068974348864456,0.014131817975171905,0.004276178785584094
0894-2.tif,0.0,153.64265721375193,0.0,0.08366666666666667,0.0009621111111111112,0.0,0.0,0.02382352941176471,0.010294117647058822,1.3245806901191851e-09,22.493999007116717,12.930509423691895,0.00953129363967743,0.00301817483284905
0894-3.tif,0.0,172.53502059968386,0.0,0.08439393939393938,0.00010417814508723599,0.0,0.0,0.02181818181818182,0.010965909090909092,2.8475809228650134e-09,39.2064760908197,11.943275090091108,0.014820587619348461,0.004653178544643205
0894-4.tif,0.0,136.35248439247448,0.0,0.10857142857142857,0.0031368480725623583,0.0,0.0,0.025277777777777777,0.010416666666666668,7.781756365740742e-09,17.287221922023736,11.536145918441038,0.00877190454075115,0.0028122341636289206
0894-6.tif,0.0,177.01475142547363,0.0,0.08333333333333333,0.00013383838383838382,0.0,0.0,0.024285714285714285,0.009702380952380952,3.283041225749559e-09,-3.7746512778547987,6.983770403739705,0.009198249235903825,0.0027750033745443424
0895-1.tif,0.0,173.96806858986764,0.0,0.08575757575757575,0.00023099173553719007,0.0,0.0,0.029666666666666668,0.01625,5.25733024691358e-10,20.99019341798774,7.303678360381881,0.02006045687660846,0.0072186159841396615
0895-2.tif,0.0,154.28786018884603,0.0,0.08616666666666667,0.0019555833333333335,0.0,0.0,0.03222222222222222,0.017083333333333332,7.98852237654321e-09,44.738778215476096,8.762320364508115,0.011397970314744628,0.004160904521089283
0895-3.tif,0.0,183.1441053203992,0.0,0.08041666666666666,0.00013385416666666667,0.0,0.0,0.024499999999999997,0.025249999999999998,1.0948958333333335e-08,40.814051248625375,12.84260818924643,0.017392797209730457,0.006221053477776083
0895-4.tif,0.0,142.53299379788405,0.0,0.09958333333333333,0.0019435763888888888,0.0,0.0,0.026,0.01625,1.34375e-10,10.286441254657788,7.383655001317398,0.011014856198422244,0.004041825702879364
0895-6.tif,0.0,171.27880707217142,0.0,0.0925,0.0010984722222222223,0.0,0.0,0.0375,0.012916666666666667,2.2868441358024697e-09,-5.481756955210362,4.443621196420349,0.010238623425098537,0.0036530121556184202
0901-1.tif,0.0,179.33463057151627,0.0,0.08651515151515152,0.0003578053259871443,0.0,0.0,0.013333333333333334,0.0125,0.0,38.44107960136734,13.254470567052515,0.013974995606113975,0.005002084437778934
0901-2.tif,0.0,173.16343837221785,0.0,0.08181818181818182,0.0002805325987144169,0.0,0.0,0.014166666666666666,0.0125,3.90625e-11,-42.559118436921764,10.739227593216636,0.008029205147282717,0.002865716462238078
0901-3.tif,0.0,173.9180841660809,0.0,0.08393939393939394,7.640036730945821e-05,0.0,0.0,0.0,0.0,0.0,-28.276719101048144,13.13814802622957,0.013050689207824848,0.004643610626123
0901-4.tif,0.0,154.90629425559183,0.0,0.09351851851851853,0.0007706447187928669,0.0,0.0,0.0,0.0,0.0,-40.91149598798881,9.546708073012944,0.008473498325285137,0.0031076468792280536
0901-6.tif,0.0,173.91976119272167,0.0,0.08212121212121212,0.00016873278236914605,0.0,0.0,0.01888888888888889,0.012222222222222223,6.356095679012346e-10,-44.68794795959588,7.362239973713011,0.00894102086463421,0.0032484333376538374
0907-1.tif,0.0,170.7835496566731,0.0,0.08409090909090909,6.634527089072542e-05,0.0,0.0,0.0,0.0,0.0,-21.68292500154638,12.192767021675923,0.009054384826676056,0.0023988799647791576
0907-2.tif,0.0,141.6096181430389,0.0,0.09979166666666667,0.0024503038194444446,0.0,0.0,0.0,0.0,0.0,-43.38562614178703,7.069385738852879,0.005270506241246311,0.0014105948737000956
0907-3.tif,0.0,159.19191598728398,0.0,0.08666666666666667,0.00032833333333333336,0.0,0.0,0.023333333333333334,0.0075,0.0,-27.580275963961544,12.001427660850082,0.008660121700510288,0.0022777777838725137
0907-4.tif,0.0,132.02968126407742,0.0,0.11861111111111113,0.006834645061728395,0.0,0.0,0.0,0.0,0.0,-43.59302228322132,9.84411077748008,0.005327644396307025,0.001381457482321273
0907-6.tif,0.0,162.36200752516982,0.0,0.08866666666666667,0.0005304444444444444,0.0,0.0,0.020555555555555556,0.009583333333333334,1.5446566358024693e-09,-41.888419310430905,8.701963099048363,0.006049463475922098,0.0016118783844282177
0909-1.tif,0.0,155.52928984599652,0.0,0.09555555555555556,0.0012351851851851853,0.0,0.0,0.02357142857142857,0.007678571428571429,7.709750566893425e-10,44.93527958359498,9.039805901828933,0.010506638504694655,0.0029124942876984886
0909-2.tif,0.0,152.2578076815767,0.0,0.09407407407407407,0.002586488340192044,0.0,0.0,0.028205128205128206,0.007884615384615384,6.094777284681131e-09,45.30327408162444,6.275055822307621,0.006964014827987461,0.0019754635464221456
0909-3.tif,0.0,162.92791084473959,0.0,0.089,0.0004101111111111111,0.0,0.0,0.026805555555555555,0.0078125,2.464162567515432e-09,9.3001231384182,10.527074895378977,0.011634270170367573,0.0033143236046505498
0909-4.tif,0.0,139.7205666131292,0.0,0.12666666666666668,0.00629074074074074,0.0,0.0,0.02666666666666667,0.006875,3.515625e-10,-41.26605296035621,12.60539199965877,0.006866322297075256,0.0019342780246043884
0909-6.tif,0.0,169.58716211893977,0.0,0.08409090909090909,0.0005471533516988062,0.0,0.0,0.030833333333333334,0.0088125,2.6165256076388894e-09,-14.54016165173166,8.356746880065174,0.00700425511767898,0.001979592063809195
0918-1.tif,0.0,143.92050274756238,0.0,0.09979166666666667,0.0014850260416666666,0.0,0.0,0.0,0.0,0.0,18.40782654306605,9.576351376201778,0.01062901267454767,0.0033488821289507902
0918-2.tif,0.0,146.32974769925764,0.0,0.10229166666666667,0.0015846788194444445,0.0,0.0,0.0,0.0,0.0,-45.00107439797793,7.6424338840262225,0.0064459312632241085,0.0020871396693819553
0918-3.tif,0.0,138.5009025241352,0.0,0.10928571428571428,0.003526077097505669,0.0,0.0,0.02,0.015,0.0,38.10149031371804,10.008819553529937,0.01047493156210614,0.0034017954476415523
0918-4.tif,0.0,120.89481194640055,0.0,0.12733333333333335,0.01047288888888889,0.0,0.0,0.0,0.0,0.0,-9.041367420777918,11.250148937354561,0.006436207648060753,0.0020735787878645878
0918-6.tif,0.0,170.77492904079594,0.0,0.08181818181818182,0.0002552800734618917,0.0,0.0,0.0,0.0,0.0,43.734458045506905,11.470995881382754,0.006525721679343062,0.0020860286484552697
0920-1.tif,0.0,177.48433029425442,0.0,0.08545454545454545,6.822773186409551e-05,0.0,0.0,0.02210144927536232,0.01201086956521739,1.638652593992859e-08,11.52321568126593,9.26670165998555,0.011597851492346427,0.0028875627434222484
0920-2.tif,0.0,154.8541571931474,0.0,0.09222222222222222,0.0008222222222222222,0.0,0.0,0.017833333333333333,0.0105,8.078450520833333e-10,41.33259239971358,9.060143752802686,0.007603578789154672,0.002008645735623737
0920-3.tif,0.0,177.1677445875017,0.0,0.08484848484848484,9.012855831037649e-05,0.0,0.0,0.022238095238095237,0.012892857142857143,1.6839781746031746e-08,31.485393918199673,17.29422902486195,0.011229185163590102,0.0027865491677232916
0920-4.tif,0.0,161.5744101025902,0.0,0.09759259259259259,0.000925377229080933,0.0,0.0,0.019629629629629632,0.011319444444444444,3.93352409122085e-09,41.052142030519065,13.394925917549772,0.007111026662332203,0.0018565729206946803
0920-6.tif,0.0,178.42505429451325,0.0,0.08681818181818182,0.00027245179063360876,0.0,0.0,0.020238095238095236,0.011845238095238096,9.775191326530612e-09,-20.51070378989669,11.756671102063589,0.008099545512422401,0.0021818890376419657
0921-1.tif,0.0,170.00549334828872,0.0,0.09266666666666667,0.0006490000000000001,0.0,0.0,0.0,0.0,0.0,-20.378053379315656,13.215547833787651,0.00888311517364107,0.002269357980362977
0921-2.tif,0.0,150.5943779384432,0.0,0.1025,0.0024444444444444444,0.0,0.0,0.0,0.0,0.0,-41.81396053000507,9.014870815795103,0.005713657615295132,0.0015163865728304372
0921-3.tif,0.0,166.9132005831942,0.0,0.09133333333333332,0.0008059999999999999,0.0,0.0,0.023333333333333334,0.01,0.0,45.24890696250573,6.147595133014522,0.009245198318642482,0.002426432713699196
0921-4.tif,0.0,133.5148084731902,0.0,0.12027777777777779,0.006001311728395062,0.0,0.0,0.0,0.0,0.0,-11.791150844301981,8.734737881402511,0.005779424163465242,0.0014928748865861068
0921-6.tif,0.0,178.75097124833258,0.0,0.08439393939393938,0.00015670339761248851,0.0,0.0,0.024444444444444442,0.007083333333333334,3.2503858024691355e-10,-31.4058741655228,21.216673790661435,0.005669914017101833,0.0014945975716245106
0922-1.tif,0.0,167.2121431787963,0.0,0.08833333333333333,0.00038388888888888885,0.0,0.0,0.020925925925925924,0.010833333333333332,8.21866426611797e-10,1.5393883856487234,4.080580397044259,0.009323304520456297,0.0022633448138914356
0922-2.tif,0.0,163.67560135627681,0.0,0.08700000000000001,0.00044488888888888887,0.0,0.0,0.01875,0.01375,1.1857096354166668e-09,18.345837083887798,8.630092762280574,0.005517952812184366,0.0013918740050395681
0922-3.tif,0.0,155.3056663486558,0.0,0.09555555555555556,0.0011259259259259258,0.0,0.0,0.01611111111111111,0.011666666666666667,1.3406635802469135e-10,6.961197130549995,9.819745405226843,0.008740517722523997,0.0022100369730194314
0922-4.tif,0.0,141.75618620198065,0.0,0.1252777777777778,0.007056867283950617,0.0,0.0,0.016666666666666666,0.01175,9.618055555555557e-11,42.04842720604746,10.354023579649787,0.005223729206514808,0.0013110351059660876
0922-6.tif,0.0,174.1146652831595,0.0,0.08257575757575758,0.00017998163452708909,0.0,0.0,0.019102564102564102,0.010961538461538462,1.0449026134122288e-09,5.8690004300117575,2.9063319345364826,0.006254124496303334,0.0016597093339663898
0923-1.tif,0.0,189.84452554011406,0.0,0.07615384615384616,0.00013264299802761341,0.0,0.0,0.022142857142857145,0.009285714285714286,3.195861678004535e-10,24.74576029240745,10.855591171633831,0.013231076996133715,0.003768986175155761
0923-2.tif,0.0,153.38564804046496,0.0,0.08600000000000001,0.0012856666666666667,0.0,0.0,0.025238095238095237,0.011964285714285714,4.592899659863946e-09,37.65246773556507,12.822742775775415,0.008240010775033503,0.002417127816723983
0923-3.tif,0.0,176.03496156249102,0.0,0.07666666666666666,0.00015416666666666666,0.0,0.0,0.025512820512820514,0.0125,2.3692266600920446e-09,31.72121040696727,15.823827623067732,0.01314814790083854,0.00384099699369452
0923-4.tif,0.0,157.4391628534654,0.0,0.09425925925925926,0.0008210562414266118,0.0,0.0,0.02666666666666667,0.012678571428571428,4.367205215419501e-09,-42.23981009962687,9.34884781020428,0.007964939813901369,0.002327939976404032
0923-6.tif,0.0,178.86457367037698,0.0,0.07217948717948718,0.00022537804076265612,0.0,0.0,0.027857142857142858,0.012142857142857143,8.314997874149661e-09,9.3686624624201,5.350440492812708,0.008775392554311139,0.00263721726538049
0925-1.tif,0.0,159.34971157335804,0.0,0.0875,0.0004129166666666667,0.0,0.0,0.0,0.0,0.0,44.72800873314024,7.9237831722398235,0.009059924282871088,0.0023401542842862435
0925-2.tif,0.0,145.9909586241559,0.0,0.09458333333333334,0.0015387152777777777,0.0,0.0,0.03,0.01125,0.0,0.5033565709067556,8.419674392687222,0.00534100955765519,0.0014325926401266144
0925-3.tif,0.0,158.26721832614047,0.0,0.08666666666666667,0.0005044444444444444,0.0,0.0,0.015,0.01125,0.0,4.309595100140732,7.034998357874164,0.008745444079180037,0.0022852604734727956
0925-4.tif,0.0,143.7019484906172,0.0,0.11214285714285716,0.004721201814058957,0.0,0.0,0.015,0.01125,0.0,20.34154762276171,9.657002638854587,0.005066959257819468,0.0012806619947743191
0925-6.tif,0.0,168.4398178051206,0.0,0.08303030303030304,0.0006887970615243342,0.0,0.0,0.03208333333333333,0.01125,1.0316297743055556e-09,19.104108087183548,9.319002948356331,0.005740891300262291,0.001487550897332289
0926-1.tif,0.0,172.37837902578025,0.0,0.08303030303030304,0.00011000918273645545,0.0,0.0,0.0,0.0,0.0,44.217103188317,5.41623216636682,0.00922260589581497,0.002447093405477637
0926-2.tif,0.0,145.55475773742333,0.0,0.11214285714285716,0.004187074829931973,0.0,0.0,0.021666666666666667,0.0075,0.0,-41.69244250616351,8.6597898687307,0.005291909901312665,0.0014496973274109506
0926-3.tif,0.0,153.6535388463279,0.0,0.09407407407407407,0.000803772290809328,0.0,0.0,0.0,0.0,0.0,11.810166403533676,6.947375079893846,0.008346261617010913,0.002268495987650837
0926-4.tif,0.0,140.44622763585664,0.0,0.125,0.006562037037037037,0.0,0.0,0.0,0.0,0.0,39.387966738303376,11.869679031365973,0.005108647122460848,0.001356751896242113
0926-6.tif,0.0,171.74421791981496,0.0,0.0803030303030303,0.00015647382920110192,0.0,0.0,0.0,0.0,0.0,-22.670484900488287,14.260992798894922,0.005411946110855392,0.0014865463183129388
0927-1.tif,0.0,145.01846146841672,0.0,0.07136363636363637,0.0007887970615243343,0.0,0.0,0.024393939393939395,0.010568181818181819,2.739325068870524e-09,-2.0101523389241476,6.28329614216098,0.008583786874738672,0.002140273027361478
0927-2.tif,0.0,162.30834852218786,0.0,0.08766666666666667,0.0006117777777777778,0.0,0.0,0.025,0.015714285714285715,2.0586557539682538e-08,-38.2100618246328,11.730743579621434,0.005499622010225608,0.0013520512247135231
0927-3.tif,0.0,170.92207044927426,0.0,0.0834848484848485,0.00013911845730027545,0.0,0.0,0.028452380952380955,0.01625,1.1555502409297053e-08,-1.9958742896931327,5.079284033600155,0.009192843721946875,0.0022452291407940635
0927-4.tif,0.0,150.69850696008902,0.0,0.0925925925925926,0.001866735253772291,0.0,0.0,0.026458333333333334,0.01390625,1.037868923611111e-08,-45.25239821528973,8.754466316048427,0.005299522140264755,0.0012521466285398475
0927-6.tif,0.0,178.45096122501045,0.0,0.0776388888888889,0.00023586033950617283,0.0,0.0,0.02547619047619048,0.014285714285714285,8.575259530895693e-09,42.65166827567967,11.17672629394325,0.005811877880513404,0.0014188022776584072
0928-1.tif,0.0,177.78076386381065,0.0,0.08575757575757575,0.0002910927456382002,0.0,0.0,0.0,0.0,0.0,42.061282611028744,11.980256309630258,0.011242485490175032,0.0030495949753091625
0928-2.tif,0.0,169.14881706370159,0.0,0.0905,0.0007583611111111112,0.0,0.0,0.021666666666666667,0.01,0.0,44.264119795104975,6.187849468036143,0.007518799449604402,0.00211934292548152
0928-3.tif,0.0,178.6301268605669,0.0,0.08606060606060606,0.0005051882460973369,0.0,0.0,0.021666666666666667,0.012916666666666667,1.3030478395061728e-09,43.781225337122045,9.02809459799685,0.0111529328998683,0.003071307121990216
0928-4.tif,0.0,141.3797523516009,0.0,0.11404761904761905,0.003644331065759637,0.0,0.0,0.028333333333333332,0.01625,0.0,-43.889023468339616,7.901317767876096,0.007121221892008164,0.002001476053518155
0928-6.tif,0.0,180.75265097179994,0.0,0.0853030303030303,0.0007872819100091827,0.0,0.0,0.0,0.0,0.0,30.099473316429453,13.155522447346746,0.00825909438441492,0.002385638683737063
0932-1.tif,0.0,141.36722165348192,0.0,0.09458333333333334,0.002293576388888889,0.0,0.0,0.016666666666666666,0.01125,0.0,-42.30474949962731,9.221659860606497,0.00943688174003913,0.0025868165000974244
0932-2.tif,0.0,159.53670424074832,0.0,0.09537037037037037,0.000989368998628258,0.0,0.0,0.014166666666666666,0.011875,4.340277777777778e-12,29.901995435826407,21.119570660117773,0.006323977819928428,0.0017940324445949952
0932-3.tif,0.0,145.44168573905242,0.0,0.10125,0.0020977430555555554,0.0,0.0,0.015,0.010625,3.515625e-10,-27.037474880106053,11.48808494794532,0.009611198032949346,0.0026570934457681044
0932-4.tif,0.0,138.70420737258527,0.0,0.12416666666666666,0.006392361111111111,0.0,0.0,0.015833333333333335,0.009375,4.340277777777778e-12,-21.517407539572247,11.44209919408173,0.005698291552462522,0.0015610355279658602
0932-6.tif,0.0,171.45618163898968,0.0,0.08318181818181818,0.0004825528007346188,0.0,0.0,0.0,0.0,0.0,-43.36355233526121,9.305985499281348,0.005695143527217367,0.0016066182767657138
0934-1.tif,0.0,174.12128595384948,0.0,0.08424242424242424,5.169880624426078e-05,0.0,0.0,0.013333333333333334,0.01375,2.7777777777777777e-10,15.390662232334659,7.86157150076037,0.010826219741021043,0.003046389047773165
0934-2.tif,0.0,146.96636047446745,0.0,0.10145833333333333,0.002447526041666667,0.0,0.0,0.02666666666666667,0.01,0.0,-36.020804232601485,11.455476534751558,0.004896632200070577,0.001281197072000698
0934-3.tif,0.0,169.85579688529089,0.0,0.092,0.0005482222222222222,0.0,0.0,0.02,0.0125,0.0,41.9681214492784,7.962487076950614,0.007802952507883796,0.002062240356550773
0934-4.tif,0.0,132.97932170078172,0.0,0.10547619047619047,0.003372789115646259,0.0,0.0,0.0,0.0,0.0,33.504004201806644,12.555932158798758,0.004781984174201832,0.001238115782592106
0934-6.tif,0.0,166.08172836247752,0.0,0.08966666666666666,0.0005343333333333334,0.0,0.0,0.0275,0.00875,1.3129340277777777e-10,14.87871493855486,9.37886337339482,0.005881979066772099,0.0015621646552208756
0935-1.tif,0.0,171.5019233776176,0.0,0.08,0.00037222222222222225,0.0,0.0,0.02666666666666667,0.01,0.0,46.343149248821746,7.218323737653825,0.012920055832164979,0.0035084126336734304
0935-2.tif,0.0,159.15162581638933,0.0,0.0961111111111111,0.0015777777777777778,0.0,0.0,0.016666666666666666,0.0125,0.0,31.464318603024886,12.479436415922986,0.007543187026777632,0.002051947861793831
0935-3.tif,0.0,176.5495484433635,0.0,0.08560606060606062,4.6602387511478417e-05,0.0,0.0,0.022916666666666665,0.010625,4.2805989583333334e-09,1.5578024750504378,4.363530003691731,0.01236250319780796,0.0033467636884308787
0935-4.tif,0.0,151.69812453571836,0.0,0.10375,0.0018845486111111111,0.0,0.0,0.0,0.0,0.0,44.01642707965939,5.383071637765653,0.007156472198594447,0.001956591834808413
0935-6.tif,0.0,174.9797408908306,0.0,0.09333333333333334,0.0006583333333333334,0.0,0.0,0.032857142857142856,0.013392857142857142,1.0880987811791383e-08,9.127658384518806,9.257762064422652,0.007888329349191035,0.0021853518947037446
0936-1.tif,0.0,174.805765224021,0.0,0.08484848484848484,3.760330578512396e-05,0.0,0.0,0.0,0.0,0.0,39.52436544556356,11.451682554631441,0.010874365161986357,0.0029912764736159192
0936-2.tif,0.0,158.19532230758279,0.0,0.09555555555555556,0.001312962962962963,0.0,0.0,0.0,0.0,0.0,13.92289603352167,11.95773971176046,0.006361387423379885,0.001797807095121556
0936-3.tif,0.0,171.80334364874534,0.0,0.08378787878787879,3.287419651056015e-05,0.0,0.0,0.013333333333333334,0.01,0.0,-24.628506345131772,10.174945981394835,0.009655968158145869,0.002701206844207945
0936-4.tif,0.0,151.6347951860361,0.0,0.105,0.002295138888888889,0.0,0.0,0.0,0.0,0.0,-32.92207520730562,14.54245801887081,0.006082088102104922,0.0016985094298396807
0936-6.tif,0.0,169.41342653670958,0.0,0.09233333333333334,0.0004073333333333334,0.0,0.0,0.029444444444444447,0.007916666666666666,1.068672839506173e-09,-32.88273698024437,16.187390212708326,0.0069123814229113964,0.0019380160947315684
0937-1.tif,0.0,166.48137909921596,0.0,0.09116666666666667,0.0006666944444444444,0.0,0.0,0.018333333333333333,0.01125,0.0,-45.497701618993894,2.750333924271115,0.008949295384870416,0.0024247190138125697
0937-2.tif,0.0,156.74514346543563,0.0,0.09685185185185186,0.0012008916323731139,0.0,0.0,0.0,0.0,0.0,-12.893171167803619,7.029668854817163,0.005478064511742659,0.001552153189890129
0937-3.tif,0.0,151.38216539605978,0.0,0.0925925925925926,0.000814883401920439,0.0,0.0,0.0175,0.01375,6.781684027777778e-10,-35.28313095808779,12.90948539952874,0.00886654626762986,0.002499627678004081
0937-4.tif,0.0,147.72647396831454,0.0,0.10145833333333333,0.0018190538194444445,0.0,0.0,0.0,0.0,0.0,-1.1015252508126634,10.463805331037774,0.005436205580293756,0.0014934800055900154
0937-6.tif,0.0,175.09794385094418,0.0,0.07597222222222223,0.0002266010802469136,0.0,0.0,0.0175,0.01125,8.905707465277777e-10,16.90234957351055,8.726598858911823,0.005982569285110174,0.0017054697128396144
0938-1.tif,0.0,175.67415780991303,0.0,0.08515151515151516,7.346189164370981e-05,0.0,0.0,0.0,0.0,0.0,-35.070074805681834,14.408099116561536,0.011183571588792395,0.0028214029195708116
0938-2.tif,0.0,154.98712849782075,0.0,0.09296296296296297,0.00065480109739369,0.0,0.0,0.023333333333333334,0.0075,0.0,-44.28864678849582,8.710350692652048,0.006535389920546411,0.0016578311982346418
0938-3.tif,0.0,179.25282811963913,0.0,0.08621212121212121,0.00032933884297520677,0.0,0.0,0.02,0.01,0.0,25.32537569026226,16.091697282703983,0.010485026446372567,0.0026541984979244204
0938-4.tif,0.0,153.45800084938995,0.0,0.10541666666666667,0.002315798611111111,0.0,0.0,0.0,0.0,0.0,-19.08089295576187,9.24825363372385,0.006613352367405698,0.001649456912352213
0938-6.tif,0.0,175.56353709001067,0.0,0.08257575757575758,0.00016584022038567493,0.0,0.0,0.023333333333333334,0.007916666666666666,6.780478395061727e-10,-4.93646491367113,6.346009227956616,0.0071073847785260175,0.0018728743862671212
0939-1.tif,0.0,156.9464876956474,0.0,0.0962962962962963,0.0008998628257887518,0.0,0.0,0.0,0.0,0.0,42.43244920467078,8.274184688996876,0.008891536322404376,0.002533620775928067
0939-2.tif,0.0,144.73688345442142,0.0,0.09895833333333333,0.0022582899305555555,0.0,0.0,0.0,0.0,0.0,26.814790304232346,23.07592178419916,0.006268862453621895,0.0019782979260241375
0939-3.tif,0.0,148.396449326928,0.0,0.10270833333333333,0.0019812065972222223,0.0,0.0,0.02,0.00875,0.0,-44.56527150012783,9.432366481088833,0.00976468902010344,0.0031380354089597354
0939-4.tif,0.0,133.62218711310217,0.0,0.13833333333333334,0.010857777777777779,0.0,0.0,0.0,0.0,0.0,-43.993905683386366,6.829016061436,0.006584661856892243,0.0021581806659392187
0939-6.tif,0.0,166.47214543764244,0.0,0.09016666666666667,0.0004469166666666667,0.0,0.0,0.023333333333333334,0.00875,0.0,32.66560121519939,15.460894567749737,0.006957251530573817,0.0024029658792415936
0941-1.tif,0.0,171.50364427614943,0.0,0.08318181818181818,6.083562901744719e-05,0.0,0.0,0.018636363636363635,0.012272727272727274,4.774305555555556e-10,-44.45174957457812,9.27741414446375,0.009388025028402832,0.0023769327360927527
0941-2.tif,0.0,154.39168821031058,0.0,0.0835,0.0007558055555555557,0.0,0.0,0.015,0.01,0.0,11.243493606489338,6.639692353862549,0.005579680283540403,0.0014282387405845122
0941-3.tif,0.0,176.8626860652699,0.0,0.08606060606060606,0.0003683195592286502,0.0,0.0,0.022698412698412697,0.012976190476190476,4.4573176492819354e-09,44.40299321874928,6.62363685691651,0.009161187929663599,0.0023371975338982217
0941-4.tif,0.0,132.636191799222,0.0,0.10738095238095238,0.003692743764172336,0.0,0.0,0.021904761904761903,0.010714285714285714,9.541524943310658e-10,44.897192355894724,4.59378437329282,0.005703305991313689,0.0014191143710662667
0941-6.tif,0.0,175.03169619973465,0.0,0.07777777777777778,0.000228858024691358,0.0,0.0,0.019833333333333335,0.0155,5.947439236111111e-09,39.04746707658233,12.34708906592009,0.006127163441256427,0.0015670197760389983
0944-1.tif,0.0,185.97855701300367,0.0,0.08236111111111111,0.00035206404320987656,0.0,0.0,0.020416666666666666,0.031875,1.17119140625e-07,32.41220963245272,12.509707499069041,0.008966730974223722,0.001998079334203473
0944-2.tif,0.0,163.41758031361118,0.0,0.08393939393939394,0.0008375114784205694,0.0,0.0,0.018333333333333333,0.011666666666666667,4.505449459876543e-10,-44.43098883115984,7.687923426904464,0.0056941182678685205,0.0013282164485688315
0944-3.tif,0.0,180.745628573752,0.0,0.08,7.361111111111111e-05,0.0,0.0,0.018958333333333334,0.01171875,5.663384331597223e-10,-42.88008342506024,8.414465179186411,0.008526153626516299,0.0019137601772418198
0944-4.tif,0.0,159.07737111229866,0.0,0.09833333333333333,0.001854320987654321,0.0,0.0,0.019814814814814816,0.01125,6.800840192043895e-10,38.12195172534679,12.856312198289265,0.005376758874294572,0.0011530143703686016
0944-6.tif,0.0,170.04354017590776,0.0,0.08287878787878787,5.509641873278237e-05,0.0,0.0,0.025606060606060604,0.012159090909090908,1.0846246556473831e-08,-33.565205759167014,12.980281799763791,0.00568688951220096,0.0012814536627909956
0945-1.tif,0.0,181.50671475182398,0.0,0.08621212121212121,9.196510560146924e-05,0.0,0.0,0.022666666666666665,0.016,2.8168402777777777e-08,11.385269207862748,5.94606717417246,0.008025575979403106,0.0018930829328581574
0945-2.tif,0.0,183.5833654528806,0.0,0.0788888888888889,0.000541820987654321,0.0,0.0,0.01875,0.016875,7.555067274305555e-09,29.146734873112983,15.05808255259427,0.0048401264045508,0.0011795382660554842
0945-3.tif,0.0,189.69310009123214,0.0,0.09,0.0005343434343434343,0.0,0.0,0.025555555555555557,0.025,2.3697916666666666e-09,44.13289513247303,8.761594908238013,0.00786465407770816,0.0018959479833610866
0945-4.tif,0.0,167.71594703214387,0.0,0.08303030303030304,0.0004110192837465565,0.0,0.0,0.02388888888888889,0.02125,7.702751253858026e-08,-45.21984737202199,8.55868644797822,0.004763432468816263,0.001128222014144051
0945-6.tif,0.0,180.5964462244174,0.0,0.08287878787878787,0.0004894398530762168,0.0,0.0,0.021333333333333336,0.023,1.425347222222222e-09,-44.51432999620655,6.956339431574552,0.005461033555903715,0.0013505629936469991
0946-1.tif,0.0,185.48088786533668,0.0,0.08097222222222222,8.493441358024691e-05,0.0,0.0,0.017291666666666667,0.01328125,4.871961805555556e-10,11.965367578196277,9.684396030413549,0.010672801516749798,0.0026472388648355
0946-2.tif,0.0,158.00392400190572,0.0,0.09666666666666666,0.0012049382716049382,0.0,0.0,0.029166666666666667,0.01375,1.6416015625e-08,-37.574189251692076,14.687501080079489,0.006652546508442677,0.001712522675308059
0946-3.tif,0.0,175.82690519859577,0.0,0.07924242424242424,0.00014866850321395777,0.0,0.0,0.019,0.013000000000000001,9.442013888888887e-09,-16.730165606698503,7.677696202892691,0.010392335398395696,0.002712192066001992
0946-4.tif,0.0,144.93071993282484,0.0,0.10041666666666667,0.0014789930555555557,0.0,0.0,0.015,0.01125,0.0,35.75201972302406,14.382753508319707,0.006231908781479929,0.0016286590984968304
0946-6.tif,0.0,176.867240701418,0.0,0.08318181818181818,0.0001219467401285583,0.0,0.0,0.018000000000000002,0.01175,4.142361111111112e-10,20.717399335409684,8.227743709941732,0.006793241905982054,0.0018170859620040023
0948-1.tif,0.0,169.88450135798993,0.0,0.0925,0.0004101388888888889,0.0,0.0,0.022083333333333333,0.00875,2.1158854166666667e-10,-16.40548038544804,9.17833253838482,0.009515202345517669,0.002569830315157993
0948-2.tif,0.0,162.8511970993588,0.0,0.08600000000000001,0.0004673333333333334,0.0,0.0,0.02666666666666667,0.01,0.0,20.515101879785053,8.582594792568027,0.005358497682231024,0.0014794317758911027
0948-3.tif,0.0,150.60601860319585,0.0,0.10354166666666667,0.0028787760416666666,0.0,0.0,0.016666666666666666,0.015,0.0,13.175472535760775,11.084585040037773,0.0073771145005294405,0.002053495049941623
0948-4.tif,0.0,141.4040382761975,0.0,0.1252777777777778,0.007539274691358024,0.0,0.0,0.0,0.0,0.0,42.53235694758619,9.647119988357975,0.004362780055676003,0.0011871635273781331
0948-6.tif,0.0,175.56409086142872,0.0,0.08287878787878787,0.00015509641873278238,0.0,0.0,0.024583333333333332,0.009375,5.5067274305555555e-11,43.108839652903484,7.344053856557566,0.005036039544501673,0.0014019721100920217
0950-1.tif,0.0,178.0226265269546,0.0,0.08590909090909091,0.00029917355371900827,0.0,0.0,0.0,0.0,0.0,-44.673993917740226,4.682853463673834,0.010256122851748593,0.002620507369387081
0950-2.tif,0.0,159.1573121160319,0.0,0.09796296296296296,0.0012078875171467763,0.0,0.0,0.0,0.0,0.0,-34.955464519879925,15.20663426446827,0.00629284799781408,0.0016325299122502083
0950-3.tif,0.0,173.78746598455635,0.0,0.0846969696969697,4.0817263544536284e-05,0.0,0.0,0.02666666666666667,0.01,2.712673611111111e-11,40.57269141018386,8.995806124969734,0.009972774825651317,0.0026034251694351794
0950-4.tif,0.0,152.44671200127604,0.0,0.105,0.0023888888888888887,0.0,0.0,0.0,0.0,0.0,-19.553598959647225,11.247071773119547,0.006147179419939361,0.0016185445761980669
0950-6.tif,0.0,168.20019487371457,0.0,0.0796969696969697,0.000212534435261708,0.0,0.0,0.03222222222222222,0.009583333333333334,1.9921875e-09,23.540130291990874,11.38487631207273,0.0064642687585902405,0.0017294530005580813
0952-1.tif,0.0,169.96688811517245,0.0,0.07924242424242424,0.00029260789715335173,0.0,0.0,0.016666666666666666,0.01625,0.0,10.130276987296531,8.734589653884424,0.01670533595994005,0.006726088884763372
0952-2.tif,0.0,151.6687179348464,0.0,0.09296296296296297,0.002303566529492456,0.0,0.0,0.02,0.0075,0.0,24.487251039981984,10.224231344980817,0.009772278288083186,0.00392362624195389
0952-3.tif,0.0,177.61709752536024,0.0,0.08666666666666667,0.00037878787878787884,0.0,0.0,0.0,0.0,0.0,16.42764670797679,11.974368974492199,0.015305771518553717,0.006296073929505488
0952-4.tif,0.0,133.86881404942676,0.0,0.10738095238095238,0.003336394557823129,0.0,0.0,0.0,0.0,0.0,-43.37727421839798,8.77209783157666,0.00984621494253254,0.0040818759240152614
0952-6.tif,0.0,169.4091857669537,0.0,0.08287878787878787,0.000574793388429752,0.0,0.0,0.0,0.0,0.0,44.53667234559946,7.842821239007056,0.009007130599749155,0.003615969047418627
0953-1.tif,0.0,172.27035841632446,0.0,0.08439393939393938,5.8218549127640044e-05,0.0,0.0,0.0,0.0,0.0,43.137825092726075,7.665575132987107,0.007768823913203585,0.001993533720471333
0953-2.tif,0.0,155.58499284956758,0.0,0.0937037037037037,0.0011406035665294926,0.0,0.0,0.0,0.0,0.0,-19.21623858226679,9.562572258796878,0.004779218930700116,0.0012640595923438848
0953-3.tif,0.0,170.15603541716905,0.0,0.08303030303030304,6.0009182736455465e-05,0.0,0.0,0.0,0.0,0.0,35.332375498477695,13.072451742804903,0.007101929938196053,0.0018568618613031536
0953-4.tif,0.0,142.13544376755573,0.0,0.11214285714285716,0.003786281179138322,0.0,0.0,0.0,0.0,0.0,36.671290732869714,12.705658513669063,0.004360343083162053,0.0011058000261709472
0953-6.tif,0.0,169.27098589736715,0.0,0.08287878787878787,0.000566712580348944,0.0,0.0,0.0,0.0,0.0,-39.38505122421696,10.715190298516154,0.004596549297888247,0.001188424620272743
0956-1.tif,0.0,179.54641925325794,0.0,0.08621212121212121,0.000460651974288338,0.0,0.0,0.015378787878787877,0.012528409090909092,1.5296318117252068e-09,17.727922409173804,11.054914419219294,0.01438673302761953,0.004592451842544149
0956-2.tif,0.0,165.3323724756581,0.0,0.08983333333333333,0.0008858055555555555,0.0,0.0,0.017115384615384616,0.012067307692307691,1.8843739727153187e-09,9.691182081126712,10.365130765668,0.008881345647753272,0.0029124288981278407
0956-3.tif,0.0,173.4899004614683,0.0,0.0773611111111111,0.00016965663580246912,0.0,0.0,0.016,0.0128125,2.0292860243055555e-09,2.6826338379182006,4.86360437920335,0.013981677750032765,0.004528242153474253
0956-4.tif,0.0,149.7337971200891,0.0,0.09074074074074073,0.0008488340192043897,0.0,0.0,0.01641025641025641,0.013701923076923077,3.3226238905325447e-09,44.044790818336075,6.718365216292443,0.008721588686713393,0.00279724280295117
0956-6.tif,0.0,179.15052252846547,0.0,0.08681818181818182,0.00022851239669421485,0.0,0.0,0.02017361111111111,0.014505208333333332,1.0001800913869597e-08,-20.33395199673758,11.297090350773717,0.009874205324680736,0.0032567447414623752
0957-1.tif,0.0,149.98333240730452,0.0,0.09333333333333334,0.002362962962962963,0.0,0.0,0.018333333333333333,0.0103125,1.3753255208333334e-10,-3.6110633683058597,5.165280769776919,0.011673289532173623,0.003609771141750738
0957-2.tif,0.0,162.2864442891026,0.0,0.09759259259259259,0.001247599451303155,0.0,0.0,0.018000000000000002,0.01075,2.0250000000000003e-09,14.808750899506602,8.292200955926997,0.008039681515881206,0.002660771953616711
0957-3.tif,0.0,180.26939716866966,0.0,0.08666666666666667,0.00046868686868686865,0.0,0.0,0.026,0.01,4.493750000000001e-09,-42.86866046125542,9.376736181655941,0.012187718955862688,0.003913823203447676
0957-4.tif,0.0,142.13043913389933,0.0,0.09979166666666667,0.001994748263888889,0.0,0.0,0.019444444444444445,0.009583333333333334,2.6716820987654325e-10,43.259443339931444,8.034166630563256,0.0075975824735721965,0.0024046241932629718
0957-6.tif,0.0,168.80758276807353,0.0,0.09116666666666667,0.0005222499999999999,0.0,0.0,0.021458333333333333,0.01125,5.972629123263889e-10,-43.772929262806265,8.792959554278024,0.007592392561053308,0.002368747825033589
0960-1.tif,0.0,139.86218966813524,0.0,0.09875,0.004600520833333333,0.0,0.0,0.023666666666666666,0.009000000000000001,2.440972222222222e-10,-42.68209404641406,7.2206565664277464,0.010307634458185595,0.003041515001651136
0960-2.tif,0.0,153.8897007599924,0.0,0.09314814814814815,0.0014496570644718793,0.0,0.0,0.025238095238095237,0.010535714285714285,1.6990194515306125e-09,-43.5766533079985,6.787616123608806,0.007272066138418172,0.0021051545997533604
0960-3.tif,0.0,136.01372862692943,0.0,0.10642857142857143,0.004532879818594104,0.0,0.0,0.02972222222222222,0.010833333333333332,1.3713831018518518e-08,-22.129417484436257,10.808511018376887,0.00878325940868214,0.002491122231669978
0960-4.tif,0.0,133.05337274943466,0.0,0.16,0.017895833333333333,0.0,0.0,0.02611111111111111,0.009166666666666667,7.040895061728397e-11,30.685152335103027,12.782494912813915,0.0058496467563229695,0.00164430236140297
0960-6.tif,0.0,164.92978303912648,0.0,0.07984848484848485,0.00021538108356290177,0.0,0.0,0.02547619047619048,0.009107142857142857,3.192318594104308e-10,-16.996644464693194,8.959941794733556,0.006093592887243014,0.0016207986568705906
0962-1.tif,0.0,165.11143244477935,0.0,0.08866666666666667,0.00046877777777777776,0.0,0.0,0.0,0.0,0.0,17.00175964216442,11.304449730080908,0.007008899948273753,0.001848519480528289
0962-2.tif,0.0,142.5850075393623,0.0,0.11023809523809523,0.004367800453514739,0.0,0.0,0.0,0.0,0.0,43.80792445017768,5.634548455078315,0.004350890300711538,0.001155184736808942
0962-3.tif,0.0,147.02724237364993,0.0,0.08722222222222223,0.0013419753086419753,0.0,0.0,0.013333333333333334,0.01375,0.0,-19.837645606953693,9.306587339483306,0.006647381038341876,0.0017720996829207185
0962-4.tif,0.0,129.56133253748547,0.0,0.13366666666666668,0.01082711111111111,0.0,0.0,0.0,0.0,0.0,44.523596697265496,5.626554728874404,0.00422027792502884,0.0011082449861974908
0962-6.tif,0.0,144.21443224981266,0.0,0.099375,0.004006901041666667,0.0,0.0,0.015,0.0125,0.0,-40.62078081373881,10.750742406238425,0.004160005150335638,0.0010870380901597744
0963-1.tif,0.0,172.27793677659366,0.0,0.08136363636363636,0.00043930211202938477,0.0,0.0,0.015,0.0125,0.0,-5.103153975306093,3.7276070810032294,0.010756338610251005,0.0028997036041854703
0963-2.tif,0.0,145.71482422869678,0.0,0.09055555555555556,0.002504938271604938,0.0,0.0,0.02,0.010625,3.1358506944444447e-10,0.13562884261959673,3.593599840605401,0.00653646172115855,0.0018102206497932457
0963-3.tif,0.0,166.36721307630557,0.0,0.091,0.0006828888888888889,0.0,0.0,0.014444444444444444,0.01125,1.253858024691358e-11,-21.849106118242,8.542134962437874,0.010030759666319415,0.0027639989244888897
0963-4.tif,0.0,137.11696184094,0.0,0.1252777777777778,0.007055941358024691,0.0,0.0,0.020833333333333332,0.0125,1.0850694444444444e-10,-26.047225440972483,10.697647130389026,0.00638617161761764,0.0017107812952819599
0963-6.tif,0.0,167.1136100911172,0.0,0.092,0.0004976666666666668,0.0,0.0,0.025833333333333333,0.00859375,1.7369249131944445e-09,37.39668699710175,13.380121690122696,0.00662891225113281,0.001786212734110877
0964-1.tif,0.0,161.3874246230055,0.0,0.08866666666666667,0.0003515555555555556,0.0,0.0,0.0,0.0,0.0,-1.8174534516021175,8.700837602536192,0.009290596964273926,0.0026245100389185043
0964-2.tif,0.0,152.52724346817521,0.0,0.09333333333333334,0.0017530864197530863,0.0,0.0,0.0,0.0,0.0,42.754555739650584,8.736862305260345,0.00613718840402892,0.0017128402600451215
0964-3.tif,0.0,157.26843294189715,0.0,0.09592592592592593,0.0007327846364883402,0.0,0.0,0.0,0.0,0.0,1.067046630855069,4.72297485713208,0.009592641136667137,0.0027307285826131695
0964-4.tif,0.0,127.30326959265263,0.0,0.11444444444444445,0.006069135802469136,0.0,0.0,0.0,0.0,0.0,32.841659248332476,14.926295406531377,0.005758830500718196,0.001604677612711243
0964-6.tif,0.0,171.6533247721274,0.0,0.07777777777777778,0.0005737654320987654,0.0,0.0,0.018666666666666665,0.01225,1.4399305555555555e-09,45.0304008090382,4.931454880683844,0.00637453514420492,0.0018451340211465012
0965-1.tif,0.0,173.24933862307623,0.0,0.08378787878787879,3.0853994490358124e-05,0.0,0.0,0.0,0.0,0.0,-34.10254847968667,13.519902046067521,0.02051978242301258,0.009052491992315989
0965-2.tif,0.0,158.5306279556099,0.0,0.09574074074074074,0.0013309327846364885,0.0,0.0,0.0225,0.011875,1.042751736111111e-09,-28.01178201408543,20.664275546277562,0.011484810511980418,0.005057697200615164
0965-3.tif,0.0,171.8531349728599,0.0,0.08060606060606061,0.0003890266299357209,0.0,0.0,0.020833333333333332,0.0103125,9.754774305555555e-10,44.83104584266999,6.100935639009378,0.01845183154691578,0.008159978292514618
0965-4.tif,0.0,137.59137965403954,0.0,0.12555555555555556,0.007147839506172839,0.0,0.0,0.0,0.0,0.0,43.54093991743167,7.110990038333876,0.011359954120781252,0.005035944253235757
0965-6.tif,0.0,165.16823379374574,0.0,0.08950000000000001,0.00039669444444444447,0.0,0.0,0.0175,0.01,4.340277777777778e-12,-35.37680203785782,16.0960665697534,0.011823609660974984,0.005137018972970111
0966-1.tif,0.0,173.6218430345048,0.0,0.07680555555555556,0.00020113811728395063,0.0,0.0,0.020833333333333332,0.01375,4.4487847222222224e-10,6.433329719339987,5.154069143712826,0.012348008673424914,0.0029575501844239104
0966-2.tif,0.0,173.28254452392596,0.0,0.07694444444444444,0.00010640432098765431,0.0,0.0,0.026851851851851852,0.010833333333333332,1.3919753086419751e-08,44.854999173251066,5.442315703357409,0.007436512256708417,0.0018505989769998007
0966-3.tif,0.0,183.8177335941053,0.0,0.07371794871794872,0.00019451019066403687,0.0,0.0,0.021944444444444444,0.014791666666666668,9.70112364969136e-09,2.93560995494701,6.1228017873629135,0.010812441986837649,0.002654862608812741
0966-4.tif,0.0,163.7444592463644,0.0,0.08766666666666667,0.00033066666666666666,0.0,0.0,0.019166666666666665,0.01125,5.316840277777778e-11,-33.432697344247046,14.250444616742639,0.006663322906647207,0.0016289306002958777
0966-6.tif,0.0,172.4067360767209,0.0,0.092,0.0006937777777777778,0.0,0.0,0.03333333333333333,0.01225,1.937417534722222e-08,-19.5679079546542,12.447647966545572,0.00731559042780906,0.0018466302516717515
0968-1.tif,0.0,179.72407478007935,0.0,0.08696969696969696,0.0003024334251606979,0.0,0.0,0.014285714285714285,0.010357142857142858,2.7777777777777777e-10,14.318380307133907,10.464046424404408,0.014943742574243576,0.004871095026327681
0968-2.tif,0.0,163.17389193208717,0.0,0.08916666666666667,0.0009718055555555556,0.0,0.0,0.014375,0.010625,6.340874565972222e-11,-43.24357791676573,8.20818636005368,0.009071258272925634,0.0030051134275581445
0968-3.tif,0.0,176.1073693959329,0.0,0.0853030303030303,4.33425160697888e-05,0.0,0.0,0.015,0.012083333333333333,7.432725694444444e-10,33.15861272061311,13.169685173813129,0.014463008233691017,0.004867059073246156
0968-4.tif,0.0,142.87143491118243,0.0,0.09875,0.0017491319444444444,0.0,0.0,0.014074074074074074,0.011805555555555555,2.5795181755829907e-10,-40.71420740661555,11.353025474673936,0.008182059223318336,0.002714789893411753
0968-6.tif,0.0,172.72344626277257,0.0,0.08151515151515151,0.00015932047750229566,0.0,0.0,0.015740740740740743,0.010972222222222223,2.373354981138546e-10,-14.014578554299355,10.197045449235787,0.008867038167805373,0.002920212814222731
0972-1.tif,0.0,169.2044292827138,0.0,0.08333333333333333,0.00014444444444444444,0.0,0.0,0.0,0.0,0.0,43.75988477251459,9.515329901241362,0.013908976737911957,0.00512070472927905
0972-2.tif,0.0,147.3499236511509,0.0,0.103125,0.0019878038194444444,0.0,0.0,0.019166666666666665,0.01,5.316840277777778e-11,37.28566628083979,12.61906391417631,0.00974550832373797,0.0036666698762374246
0972-3.tif,0.0,170.35869021958737,0.0,0.08363636363636363,7.970615243342516e-05,0.0,0.0,0.015,0.0103125,1.0633680555555556e-10,-40.32609009344707,10.995358688897044,0.015478301031382527,0.00584631767089319
0972-4.tif,0.0,135.39086933763295,0.0,0.10690476190476189,0.003599546485260771,0.0,0.0,0.015,0.01,0.0,43.83046330686607,5.876315816691828,0.00998122021689825,0.003783842451992486
0972-6.tif,0.0,163.3962463869147,0.0,0.09083333333333334,0.0008895833333333334,0.0,0.0,0.024285714285714285,0.010714285714285714,3.535289115646259e-09,44.66003576511048,5.568120562941752,0.010209732060812327,0.003932153948334648
0976-1.tif,0.0,179.0773226849229,0.0,0.08621212121212121,0.0003333792470156107,0.0,0.0,0.019583333333333335,0.010625,1.050075954861111e-09,44.27458601667609,5.841054387113624,0.01469739987710304,0.004440848582704723
0976-2.tif,0.0,169.95191347131689,0.0,0.0915,0.0005552500000000001,0.0,0.0,0.018333333333333333,0.01375,0.0,39.87311756675714,11.535682616739138,0.008013313108419762,0.002482400853374624
0976-3.tif,0.0,180.57583763088206,0.0,0.07958333333333334,8.246527777777778e-05,0.0,0.0,0.020555555555555556,0.009166666666666667,5.362654320987654e-10,18.96075936842787,10.087602977525593,0.013319974122244343,0.00409877142300874
0976-4.tif,0.0,143.29620535497722,0.0,0.10020833333333333,0.0015898871527777777,0.0,0.0,0.0,0.0,0.0,-25.625111027227018,10.613484625908736,0.007263820721858947,0.002205335246319284
0976-6.tif,0.0,161.90952478120622,0.0,0.08850000000000001,0.0006369166666666667,0.0,0.0,0.020833333333333332,0.011666666666666667,6.955295138888889e-10,19.661987926205327,11.512117342031061,0.008052813901563385,0.0024882186589377507
0992-1.tif,0.0,147.73343110706753,0.0,0.07742424242424242,0.0006653351698806245,0.0,0.0,0.025,0.016727941176470588,3.574921604671281e-08,30.90636164329172,13.873029118582819,0.008252407776537981,0.0021789623633378663
0992-2.tif,0.0,138.83333129170035,0.0,0.12611111111111112,0.007639506172839507,0.0,0.0,0.02,0.0075,0.0,8.152755221927796,10.269605436102896,0.0037532282920791477,0.0010017578379806448
0992-3.tif,0.0,137.93688170077405,0.0,0.14133333333333334,0.006434888888888888,0.0,0.0,0.0,0.0,0.0,-1.8734717303277297,8.699186815391544,0.006155693078364961,0.0016608370309934035
0992-4.tif,0.0,147.04149074325926,0.0,0.1775,0.007514583333333333,0.0,0.0,0.0,0.0,0.0,-44.83938132780578,4.875384322507118,0.0036262907332026634,0.0009341573930133412
0992-6.tif,0.0,153.37318322749036,0.0,0.10354166666666667,0.0011940538194444444,0.0,0.0,0.0,0.0,0.0,-22.706137348539894,11.596530900846815,0.004169890725980574,0.0011306486591875242
1101-1.tif,0.0,176.67395818286292,0.0,0.085,5.505050505050505e-05,0.0,0.0,0.018000000000000002,0.011000000000000001,3.413194444444445e-10,43.82699435087524,11.062394146708426,0.018304004080251995,0.006632453363580282
1101-2.tif,0.0,143.51005470861315,0.0,0.10571428571428572,0.0027236961451247168,0.0,0.0,0.0,0.0,0.0,-5.455319147869197,4.602578237570311,0.0094493158220144,0.0034608068014310637
1101-3.tif,0.0,174.79845537074976,0.0,0.08439393939393938,6.831955922865013e-05,0.0,0.0,0.019444444444444445,0.026666666666666665,3.0559413580246916e-08,8.946600366952845,6.881610846317175,0.017198141117469437,0.006200563820389614
1101-4.tif,0.0,135.77094681852964,0.0,0.10690476190476189,0.0032328798185941045,0.0,0.0,0.021111111111111112,0.014166666666666668,1.577932098765432e-09,-18.85059176553066,9.372236300170938,0.010433687871366849,0.0037534628508401825
1101-6.tif,0.0,168.13655410542432,0.0,0.0905,0.00043558333333333334,0.0,0.0,0.020277777777777777,0.015416666666666667,4.496527777777778e-09,-16.529665770691828,9.465584289955373,0.009750278816662069,0.0034794010015481067
1105-1.tif,0.0,176.5604043631779,0.0,0.08545454545454545,3.994490358126722e-05,0.0,0.0,0.017916666666666668,0.01140625,8.138020833333333e-10,35.30806722694511,11.859192459938267,0.013934143103044925,0.00451248073681766
1105-2.tif,0.0,154.46439719236275,0.0,0.09875,0.0013491319444444445,0.0,0.0,0.025,0.011666666666666667,4.890046296296297e-10,30.5096249260489,9.382568316669962,0.008851916337206804,0.003031906993400438
1105-3.tif,0.0,180.94863835415347,0.0,0.08636363636363636,0.0003898071625344353,0.0,0.0,0.02095238095238095,0.014642857142857141,2.9896541950113383e-09,20.63281719976934,13.761974912567068,0.015025019041238402,0.0050623021372433125
1105-4.tif,0.0,143.60052615192993,0.0,0.10020833333333333,0.0016662760416666666,0.0,0.0,0.0,0.0,0.0,-44.42883194957015,8.901055757498785,0.009124257976809326,0.0030671692444788263
1105-6.tif,0.0,173.2096513862127,0.0,0.08287878787878787,0.00034196510560146926,0.0,0.0,0.02210526315789474,0.014736842105263158,7.011147660818714e-09,15.22280441998574,10.122869802763667,0.009961458858977444,0.0033350790616588476
1117-1.tif,0.0,165.22121409424656,0.0,0.0915,0.0006830277777777778,0.0,0.0,0.0,0.0,0.0,20.05477600092679,10.025607201405258,0.010513572643588414,0.0030140125186562698
1117-2.tif,0.0,145.10226278961562,0.0,0.09916666666666667,0.0023340277777777777,0.0,0.0,0.0,0.0,0.0,9.993325039105935,5.130665167190279,0.006517850713232606,0.002019081092525339
1117-3.tif,0.0,156.42327192588704,0.0,0.0962962962962963,0.0010097393689986283,0.0,0.0,0.018333333333333333,0.00875,0.0,-19.04744709394513,9.217648839586943,0.010054464284417166,0.003000511916350864
1117-4.tif,0.0,132.22599701160996,0.0,0.11944444444444445,0.007417283950617284,0.0,0.0,0.013333333333333334,0.01375,0.0,45.32425188383626,6.848049303711693,0.005896795799040957,0.0016810559884471979
1117-6.tif,0.0,160.2599128585233,0.0,0.08883333333333333,0.0012083611111111112,0.0,0.0,0.0,0.0,0.0,-43.844919277739265,5.865239717059856,0.006428143118836318,0.0019017637767048921
1120-1.tif,0.0,177.03913173834385,0.0,0.08484848484848484,5.376492194674011e-05,0.0,0.0,0.0,0.0,0.0,43.485546668364925,11.299646441873948,0.013060946721421746,0.004010160317440579
1120-2.tif,0.0,149.51411015620724,0.0,0.10291666666666667,0.0024164930555555554,0.0,0.0,0.0,0.0,0.0,-15.385391251201353,9.782423475820904,0.007863512373847133,0.0024877807240927512
1120-3.tif,0.0,174.9635477908343,0.0,0.08136363636363636,0.00032465564738292014,0.0,0.0,0.01611111111111111,0.012916666666666667,1.687885802469136e-10,22.950398544239118,11.418305888750771,0.013909704181879399,0.0046012504143537625
1120-4.tif,0.0,145.97716716436625,0.0,0.10104166666666667,0.0017867621527777777,0.0,0.0,0.0,0.0,0.0,-14.660936155677065,9.902058833308532,0.0077331103926561295,0.0024711289725023447
1120-6.tif,0.0,167.25232088965225,0.0,0.091,0.0004623333333333333,0.0,0.0,0.011666666666666667,0.015,0.0,43.901513222736455,9.658085901136662,0.008064820736984597,0.0025507880426402325
1121-1.tif,0.0,176.57078766193337,0.0,0.08545454545454545,0.00011267217630853993,0.0,0.0,0.019791666666666666,0.0134375,3.2552083333333333e-09,-43.23946173276556,6.643047102415809,0.011764644657861355,0.003287191829669139
1121-2.tif,0.0,149.31441118803554,0.0,0.0874074074074074,0.0017013031550068584,0.0,0.0,0.020555555555555556,0.010833333333333332,1.9627700617283952e-09,-39.76947635483651,10.903915794105005,0.007165399735825918,0.002103006081446482
1121-3.tif,0.0,165.98690578645648,0.0,0.09033333333333333,0.00041544444444444447,0.0,0.0,0.021666666666666667,0.010625,2.7777777777777777e-10,41.58711200255747,8.251343953698568,0.010997471518337349,0.0032899420217593965
1121-4.tif,0.0,145.96296619348348,0.0,0.11333333333333333,0.004348412698412698,0.0,0.0,0.019166666666666665,0.010625,1.042751736111111e-09,-43.26093244882441,7.832975956310597,0.006289287280527945,0.0018002210766093238
1121-6.tif,0.0,156.01907132554004,0.0,0.1075,0.001563888888888889,0.0,0.0,0.024166666666666666,0.01203125,8.695746527777778e-09,44.87319419458817,8.677834922403655,0.0062990894893152835,0.0018653826745680146
1122-1.tif,0.0,176.31269570472418,0.0,0.0846969696969697,3.8797061524334247e-05,0.0,0.0,0.0,0.0,0.0,-39.16248719152319,13.05587446067654,0.00948710600817412,0.002858134642503514
1122-2.tif,0.0,147.16338446908273,0.0,0.103125,0.002398220486111111,0.0,0.0,0.0,0.0,0.0,40.724744745127595,14.084091019342893,0.005865572487290309,0.0018239233766047015
1122-3.tif,0.0,171.74342943925265,0.0,0.08075757575757575,0.0002617998163452709,0.0,0.0,0.0,0.0,0.0,-6.918447848060853,6.639787553161353,0.009209950173653362,0.002880585805601471
1122-4.tif,0.0,135.4858227390058,0.0,0.12222222222222222,0.007183024691358024,0.0,0.0,0.0,0.0,0.0,44.07031162273402,6.962575214562507,0.005734797167608619,0.0017694735315035575
1122-6.tif,0.0,145.0134093416498,0.0,0.09958333333333333,0.0025519097222222223,0.0,0.0,0.02,0.00875,0.0,-43.414491776647544,5.790333283670383,0.0060798993394149065,0.0019398439739381848
1124-1.tif,0.0,180.80844091936723,0.0,0.07777777777777778,0.00010339506172839506,0.0,0.0,0.0,0.0,0.0,42.93614508171493,8.474449817854923,0.008185803956254411,0.0022476715696145666
1124-2.tif,0.0,147.39725444282857,0.0,0.10208333333333333,0.0019803819444444443,0.0,0.0,0.024166666666666666,0.011875,2.712673611111111e-11,-9.814240347222821,7.148356195158732,0.0051387773466045035,0.001460597390524696
1124-3.tif,0.0,153.759585067078,0.0,0.09462962962962963,0.0011998628257887517,0.0,0.0,0.020833333333333332,0.01125,1.3292100694444445e-09,-41.48740019388076,9.259673336846811,0.007657739852735345,0.0021169560025905993
1124-4.tif,0.0,132.91434167245544,0.0,0.137,0.010998222222222222,0.0,0.0,0.0,0.0,0.0,-29.426223484717646,17.682638848673225,0.004739583294176784,0.001296234055286575
1124-6.tif,0.0,158.37188163484697,0.0,0.08833333333333333,0.0014416666666666666,0.0,0.0,0.035333333333333335,0.0105,5.666666666666667e-10,-43.040197553131016,9.08006368673969,0.0055273822428660545,0.0015518779891887419
1130-1.tif,0.0,180.15358339335762,0.0,0.08027777777777777,0.00023325617283950615,0.0,0.0,0.02,0.009375,5.392795138888888e-10,-15.905230364807293,10.014559000260885,0.009941206249409274,0.0027900309614006923
1130-2.tif,0.0,159.05860555153876,0.0,0.0937037037037037,0.0008189986282578875,0.0,0.0,0.02777777777777778,0.012083333333333333,5.112847222222222e-09,-23.592051756369703,10.967236340410787,0.006499858776919461,0.0019290624947611267
1130-3.tif,0.0,176.6149490747779,0.0,0.08090909090909092,0.00014664830119375576,0.0,0.0,0.02611111111111111,0.010833333333333332,8.024691358024692e-10,36.59666493678201,15.04761081862787,0.010238031882464723,0.0030052562847553365
1130-4.tif,0.0,147.0096595465754,0.0,0.08944444444444444,0.0015555555555555555,0.0,0.0,0.0,0.0,0.0,-14.404172386316233,10.863229356250924,0.005803518860924057,0.0015805547188303595
1130-6.tif,0.0,168.00452622871006,0.0,0.08466666666666667,0.0005415555555555555,0.0,0.0,0.025,0.014375,1.3023003472222223e-08,17.694846605596563,6.8029761748320805,0.006844026033781063,0.002016039560135759
1133-1.tif,0.0,185.93521808803138,0.0,0.08166666666666667,4.2129629629629625e-05,0.0,0.0,0.019444444444444445,0.012708333333333332,1.5432098765432103e-10,17.84099872844875,8.70956417457168,0.014138075162299422,0.0041387128383657285
1133-2.tif,0.0,137.43634890377436,0.0,0.11023809523809523,0.005604308390022676,0.0,0.0,0.0225,0.010625,5.251736111111111e-10,16.481984071472464,7.657339450827087,0.007915943729140769,0.002438921843173277
1133-3.tif,0.0,187.49605124047076,0.0,0.08152777777777777,0.00012289737654320987,0.0,0.0,0.0125,0.016875,1.0381401909722223e-09,-28.25093532100974,14.35577252699877,0.01190883267627189,0.003548119768067439
1133-4.tif,0.0,141.46770342064337,0.0,0.09729166666666667,0.001715234375,0.0,0.0,0.016666666666666666,0.01,0.0,-18.431741597299272,9.758828673189983,0.006940790445314266,0.002011812019395991
1133-6.tif,0.0,173.90392861832908,0.0,0.08227272727272728,0.00011579430670339763,0.0,0.0,0.022916666666666665,0.01125,6.974283854166667e-10,-38.79787973575339,11.452610891826112,0.007403917214862627,0.0021202806970037815
1139-1.tif,0.0,177.49616584278345,0.0,0.08606060606060606,2.286501377410468e-05,0.0,0.0,0.023333333333333334,0.01625,0.0,-6.914276691654375,7.791447767962241,0.014441745344752432,0.0038689419348284194
1139-2.tif,0.0,166.88012226329283,0.0,0.08766666666666667,0.0007190000000000001,0.0,0.0,0.015,0.0125,0.0,10.277554783002827,4.854120210147518,0.008192325108656855,0.0022082582056862734
1139-3.tif,0.0,172.4702872961021,0.0,0.08136363636363636,0.0003559687786960514,0.0,0.0,0.02,0.01875,0.0,25.890989423364623,9.849684435324688,0.012209822444367323,0.0033363883978299994
1139-4.tif,0.0,142.21718741088128,0.0,0.098125,0.0017968315972222222,0.0,0.0,0.017222222222222222,0.01583333333333333,7.619598765432099e-11,17.261136841603054,9.971589767971201,0.007697615582512266,0.0020669890994020825
1139-6.tif,0.0,174.20826855615474,0.0,0.08333333333333333,0.0003611111111111111,0.0,0.0,0.017222222222222222,0.012916666666666667,1.0706018518518519e-10,-16.503055951958896,10.379432717892374,0.008152282673130869,0.002249101398952064
0052-1.tif,0.0,187.7433115197667,0.0,0.07538461538461538,7.357001972386588e-05,0.0,0.0,0.019166666666666665,0.0153125,7.465277777777778e-10,-24.18950457249757,10.827088095603475,0.017629021871482905,0.00537742624348302
0052-2.tif,0.0,145.63305824681768,0.0,0.100625,0.002355512152777778,0.0,0.0,0.025416666666666667,0.015625,2.83203125e-10,-14.639782851251152,9.426852082035985,0.010470951086797794,0.003401992725261693
0052-3.tif,0.0,175.21145954404795,0.0,0.08590909090909091,0.0003032139577594123,0.0,0.0,0.024583333333333332,0.01375,2.7265082465277776e-09,1.1891542917079176,3.2393024236100127,0.016039302378714117,0.0049561901196289405
0052-4.tif,0.0,147.27835407909376,0.0,0.1,0.0016715277777777779,0.0,0.0,0.024333333333333332,0.014750000000000001,3.5173611111111114e-10,-39.42335792144957,13.849699021428089,0.009720686744593835,0.0031521301639617773
0052-6.tif,0.0,173.46397320481276,0.0,0.08181818181818182,0.00017093663911845727,0.0,0.0,0.027083333333333334,0.0140625,7.425371334876544e-09,-20.155356118553158,9.21086837841736,0.010244719324914492,0.0032748001105929363
0053-1.tif,0.0,165.42628015725515,0.0,0.07787878787878788,0.0003909550045913682,0.0,0.0,0.024814814814814814,0.010416666666666668,7.196287722908092e-10,9.585858709651017,7.773455200819915,0.012772145775134932,0.0038034568720719305
0053-2.tif,0.0,166.54719133671622,0.0,0.0915,0.000612472222222222,0.0,0.0,0.02638888888888889,0.010833333333333332,1.131317515432099e-08,-15.393201165272004,8.766172663675995,0.007817831340535411,0.0023436817904716935
0053-3.tif,0.0,188.16692828286344,0.0,0.08263888888888889,0.0002886381172839506,0.0,0.0,0.023666666666666666,0.013999999999999999,6.538194444444445e-09,6.29249093944167,6.4473228866346295,0.012458022611318948,0.0036981315150320347
0053-4.tif,0.0,159.07557952118233,0.0,0.0962962962962963,0.0010165294924554184,0.0,0.0,0.024444444444444442,0.012916666666666667,1.2770061728395061e-09,44.400371447443476,6.643394643859294,0.007203982449032038,0.002154131456830824
0053-6.tif,0.0,171.30568843120443,0.0,0.08303030303030304,0.0004216253443526171,0.0,0.0,0.024166666666666666,0.01125,5.381855867346938e-09,14.417076036967755,11.75549006522622,0.008047471543428998,0.0024570305643033244
0057-1.tif,0.0,173.13552414863398,0.0,0.08303030303030304,9.435261707988981e-05,0.0,0.0,0.0,0.0,0.0,35.380149012137764,14.315132651353682,0.00790241404199695,0.0020085398263513326
0057-2.tif,0.0,164.39918159495474,0.0,0.08683333333333333,0.0004480277777777778,0.0,0.0,0.02666666666666667,0.01125,0.0,20.314782263384608,9.512409035512094,0.00481728203155118,0.0012480130828011519
0057-3.tif,0.0,151.94818195687634,0.0,0.0898148148148148,0.0014373113854595336,0.0,0.0,0.03333333333333333,0.01625,0.0,-1.103689322986642,7.742048565844155,0.007572413314536537,0.001970746847824784
0057-4.tif,0.0,142.21598980108405,0.0,0.12583333333333332,0.008473842592592594,0.0,0.0,0.021666666666666667,0.01625,0.0,22.800416150795787,10.933454092564416,0.004694613041275963,0.001183129007536564
0057-6.tif,0.0,177.06213598621247,0.0,0.08393939393939394,0.0001248852157943067,0.0,0.0,0.024583333333333332,0.013125,2.961154513888889e-09,-13.473212207336427,9.945718658644699,0.005225098371564944,0.0013546245463845303
0058-1.tif,0.0,156.6697162823754,0.0,0.09666666666666666,0.0010611111111111112,0.0,0.0,0.0,0.0,0.0,40.44769364611697,11.014336017782108,0.008201492562051329,0.0022160792251227704
0058-2.tif,0.0,151.35838265520678,0.0,0.09277777777777778,0.0006283950617283951,0.0,0.0,0.0,0.0,0.0,-17.569003696912112,9.868252455703725,0.004926217905532367,0.001318164863789497
0058-3.tif,0.0,158.58887020237617,0.0,0.09055555555555556,0.0009839506172839507,0.0,0.0,0.018333333333333333,0.01125,0.0,-9.25873273524607,7.263343254175307,0.007360488907534358,0.0019626263869266065
0058-4.tif,0.0,140.58521999709876,0.0,0.125,0.0077537037037037045,0.0,0.0,0.0,0.0,0.0,-19.015772009063767,7.276521664518326,0.004230144706897125,0.0010960924062727328
0058-6.tif,0.0,164.8662367892767,0.0,0.088,0.0004976666666666667,0.0,0.0,0.016666666666666666,0.00875,0.0,42.245489645818814,7.930373928505185,0.005154114120825955,0.0014044682292012468
0059-1.tif,0.0,149.16370201895634,0.0,0.09203703703703704,0.0009856652949245541,0.0,0.0,0.0,0.0,0.0,30.27353316123311,9.62128405897381,0.0070193677774484835,0.0017906427021964113
0059-2.tif,0.0,151.13980283168297,0.0,0.09166666666666666,0.0012259259259259259,0.0,0.0,0.0,0.0,0.0,-40.222501787629646,13.121354675313599,0.004660176608592518,0.0012032329815397848
0059-3.tif,0.0,153.32282935036125,0.0,0.09407407407407407,0.00121920438957476,0.0,0.0,0.0,0.0,0.0,44.081613812438995,6.751011774163141,0.006630091875613811,0.0017318247873464238
0059-4.tif,0.0,136.68569636884737,0.0,0.12194444444444445,0.006401311728395062,0.0,0.0,0.0,0.0,0.0,-44.763062721920114,5.678770991029349,0.004161852977685488,0.0010481260994790599
0059-6.tif,0.0,166.3181355782412,0.0,0.08136363636363636,0.0005372819100091828,0.0,0.0,0.0,0.0,0.0,36.477264486660744,10.766067667105556,0.004441817794265909,0.0011822923269259903
0073-1.tif,0.0,165.39017420095493,0.0,0.08015151515151515,0.00011689623507805324,0.0,0.0,0.025833333333333333,0.00875,0.0,44.47454920612675,6.179103105532348,0.01370483402773218,0.0039769304532984474
0073-2.tif,0.0,155.3087567310851,0.0,0.08648148148148148,0.0006280521262002742,0.0,0.0,0.025833333333333333,0.009375,4.78515625e-10,-44.00527387832944,10.762998198689054,0.00855053715828119,0.0026344515505114323
0073-3.tif,0.0,149.37566736252595,0.0,0.09148148148148148,0.001014471879286694,0.0,0.0,0.02666666666666667,0.015,0.0,8.684973623705567,10.657643096393823,0.011232545605796177,0.0032315600756268035
0073-4.tif,0.0,137.41582650844845,0.0,0.10761904761904761,0.003600680272108844,0.0,0.0,0.023333333333333334,0.01,0.0,27.427119331780304,23.101787936992174,0.0074033506505607445,0.0021304606322068457
0073-6.tif,0.0,169.9437437302646,0.0,0.0905,0.001091138888888889,0.0,0.0,0.029166666666666667,0.008125,9.765625e-12,-9.009769407345953,11.055188057125681,0.006827408785735741,0.0019212422290515554
0074-1.tif,0.0,181.2924343307302,0.0,0.0798611111111111,6.363811728395061e-05,0.0,0.0,0.019166666666666665,0.00875,8.7890625e-11,-41.201329580048764,10.800194144463564,0.014262290995767452,0.003865027536283091
0074-2.tif,0.0,155.45656564343912,0.0,0.08383333333333333,0.00047891666666666666,0.0,0.0,0.017962962962962965,0.009166666666666667,3.296467764060356e-10,33.096240777606205,16.162052996090484,0.008084117176541407,0.0020948028521755474
0074-3.tif,0.0,171.08451046842967,0.0,0.08333333333333333,9.141414141414141e-05,0.0,0.0,0.018421052631578946,0.010263157894736842,3.3464623730378575e-10,-44.13061658466915,5.7158947541130845,0.012245317705244669,0.0030488584864391695
0074-4.tif,0.0,138.3265058556104,0.0,0.0975,0.00188125,0.0,0.0,0.017435897435897435,0.010192307692307691,1.9554363905325445e-10,2.3636678759685945,7.253214676839619,0.007390924383638901,0.00184665913532603
0074-6.tif,0.0,170.54957351102755,0.0,0.09133333333333332,0.0009404444444444446,0.0,0.0,0.022291666666666668,0.010625,1.4265950520833333e-09,2.957175701963331,9.809643140916503,0.007296457718106227,0.001777116159553802
0075-1.tif,0.0,144.63423428910275,0.0,0.10083333333333333,0.002115972222222222,0.0,0.0,0.0,0.0,0.0,-40.74264197933402,10.314787613433046,0.0080103478190365,0.002262233841607596
0075-2.tif,0.0,151.33634725339448,0.0,0.09296296296296297,0.0019856652949245546,0.0,0.0,0.0,0.0,0.0,27.307605814210717,14.067164035940422,0.004955696242729835,0.0014088417116915367
0075-3.tif,0.0,138.11679839903616,0.0,0.10880952380952381,0.0035965986394557816,0.0,0.0,0.0,0.0,0.0,-43.43147505368109,6.767976633774336,0.007343864760944394,0.002095507473111964
0075-4.tif,0.0,120.65377463359086,0.0,0.126,0.00951288888888889,0.0,0.0,0.0,0.0,0.0,44.200948923507106,4.27477968970026,0.004569648918941556,0.0012535472130938
0075-6.tif,0.0,162.12534687448954,0.0,0.08883333333333333,0.0005578055555555555,0.0,0.0,0.0,0.0,0.0,36.43045148176838,14.426071324781573,0.004720596120351508,0.0013492307969437364
0076-1.tif,0.0,160.93579644849805,0.0,0.08816666666666667,0.00025747222222222225,0.0,0.0,0.0,0.0,0.0,22.887922220262787,12.435946379159118,0.009106331360268748,0.0027627097112003732
0076-2.tif,0.0,156.97391503049164,0.0,0.09444444444444444,0.0010808641975308642,0.0,0.0,0.0,0.0,0.0,43.68262739695075,13.26420563855745,0.005829282904271281,0.0018107095189278503
0076-3.tif,0.0,160.86825367772946,0.0,0.08816666666666667,0.0002874722222222223,0.0,0.0,0.0,0.0,0.0,39.58919744840858,10.741035166870676,0.00907571111079287,0.002830934678906681
0076-4.tif,0.0,130.28131954436992,0.0,0.13433333333333333,0.011276222222222222,0.0,0.0,0.0,0.0,0.0,40.46140804389765,9.854282157211054,0.0054340668282356775,0.0016621127675006814
0076-6.tif,0.0,165.91389781330346,0.0,0.08933333333333333,0.00042288888888888893,0.0,0.0,0.0,0.0,0.0,8.325464203623694,8.129093708346568,0.00583925951863337,0.0018382532153110311
0077-1.tif,0.0,172.53910587329344,0.0,0.0846969696969697,6.808999081726354e-05,0.0,0.0,0.0,0.0,0.0,-10.841076561101366,6.886753326811755,0.009073506723948795,0.002560715821528919
0077-2.tif,0.0,147.69187143810214,0.0,0.10354166666666667,0.001999609375,0.0,0.0,0.018333333333333333,0.00875,0.0,41.063234535921794,10.201529840606199,0.0053865795274219115,0.0015713211973462625
0077-3.tif,0.0,158.28189101976696,0.0,0.0835,0.0006308055555555556,0.0,0.0,0.023333333333333334,0.00875,0.0,0.27462201284838894,3.0557491408026154,0.008943402987794925,0.0026173248686061075
0077-4.tif,0.0,136.2421313960808,0.0,0.12472222222222222,0.006526311728395061,0.0,0.0,0.0,0.0,0.0,12.908241347436288,7.991696852571165,0.005438051482781697,0.0015617401135562404
0077-6.tif,0.0,166.50093688466464,0.0,0.08966666666666666,0.0004815555555555555,0.0,0.0,0.025,0.01125,1.0850694444444444e-12,43.596723807792564,7.264666604643295,0.005851130664132429,0.0017073842815267222
0078-1.tif,0.0,181.88776694245715,0.0,0.07847222222222222,0.00015067515432098765,0.0,0.0,0.028253968253968254,0.011071428571428572,7.714769935752079e-09,-27.97337087371595,12.32598041407914,0.011529440854938743,0.0028921388185448723
0078-2.tif,0.0,152.76768945738743,0.0,0.08549999999999999,0.00159725,0.0,0.0,0.027916666666666666,0.0096875,4.8578559027777775e-09,-9.984262547344368,9.364142351373605,0.006518879238195343,0.0016773016236381793
0078-3.tif,0.0,172.94578068156375,0.0,0.08393939393939394,9.710743801652892e-05,0.0,0.0,0.030333333333333334,0.0125,6.019487847222222e-09,43.66111947761153,6.431570178797033,0.01012759469064126,0.0026191630644538224
0078-4.tif,0.0,142.05104716263094,0.0,0.11071428571428572,0.0035371882086167802,0.0,0.0,0.025666666666666667,0.010625,5.243098958333332e-09,2.107026400326367,4.88051107931835,0.006473560759791687,0.0016602836199893821
0078-6.tif,0.0,178.58103902710388,0.0,0.0846969696969697,0.0002741505968778696,0.0,0.0,0.023645833333333335,0.01109375,6.483832465277778e-09,7.204063221332839,6.954019234374163,0.007072647676019142,0.0018359392651433734
0079-1.tif,0.0,176.337192774399,0.0,0.08636363636363636,9.28374655647383e-05,0.0,0.0,0.0,0.0,0.0,38.5850342665119,12.699209638630537,0.009689474532915347,0.002213953990417395
0079-2.tif,0.0,142.5154962334506,0.0,0.09729166666666667,0.0019194010416666667,0.0,0.0,0.02,0.01125,0.0,12.072928222602005,8.773514752406914,0.005451025829302929,0.0012672498292535318
0079-3.tif,0.0,170.63580043147127,0.0,0.088,0.000246,0.0,0.0,0.02125,0.018125,2.1058485243055555e-09,6.4484378229036325,8.03203553186062,0.009583992348367317,0.002196594374769554
0079-4.tif,0.0,137.813982881096,0.0,0.12444444444444445,0.007819135802469136,0.0,0.0,0.0,0.0,0.0,-31.440252045619935,23.732804575900076,0.005886247827888966,0.0013097312552972883
0079-6.tif,0.0,167.9290975923524,0.0,0.08916666666666667,0.0005190277777777778,0.0,0.0,0.024333333333333332,0.014499999999999999,1.879340277777778e-09,-29.957426664509818,12.24046491414785,0.0067011542463965845,0.0015857357341929345
0080-1.tif,0.0,172.88089991539132,0.0,0.08484848484848484,4.164370982552801e-05,0.0,0.0,0.0,0.0,0.0,-19.76910369683265,9.504301160758247,0.009034158965526283,0.0024463930117621536
0080-2.tif,0.0,146.56090462818557,0.0,0.10104166666666667,0.002471484375,0.0,0.0,0.018333333333333333,0.00875,0.0,-44.053275264624276,7.531520041096878,0.0054399456927147535,0.0014917969500972982
0080-3.tif,0.0,170.18394868168056,0.0,0.0796969696969697,0.00032566574839302116,0.0,0.0,0.0,0.0,0.0,46.09925567434874,8.569715229987988,0.008611809674422797,0.0023486962556407294
0080-4.tif,0.0,136.56540328721618,0.0,0.10785714285714285,0.003538662131519275,0.0,0.0,0.02,0.01125,0.0,-45.15878788366915,5.83451005329768,0.005652250777464236,0.001547420017508441
0080-6.tif,0.0,163.15489775411902,0.0,0.08933333333333333,0.0005867777777777776,0.0,0.0,0.017222222222222222,0.010416666666666668,9.992283950617286e-10,-39.97323795035335,12.134554253266641,0.006315938754975371,0.0017984632472090542
0081-1.tif,0.0,170.17972525800153,0.0,0.08075757575757575,0.00029563820018365473,0.0,0.0,0.0,0.0,0.0,-8.699183410723078,11.99445673806572,0.010811769286813376,0.003453053350669598
0081-2.tif,0.0,139.64478746686777,0.0,0.105,0.002461904761904762,0.0,0.0,0.0,0.0,0.0,37.68860318574661,11.686601442895661,0.00677533099228459,0.0021960691219416917
0081-3.tif,0.0,178.86843395822157,0.0,0.08681818181818182,0.00043457300275482084,0.0,0.0,0.0,0.0,0.0,-44.44227620511778,4.650756732854087,0.010436021218820491,0.003376286365645148
0081-4.tif,0.0,130.90550026641355,0.0,0.10333333333333333,0.0034817460317460316,0.0,0.0,0.0,0.0,0.0,32.305924152226716,14.336509357071742,0.006256600485325086,0.002031630119976546
0081-6.tif,0.0,166.7851094290876,0.0,0.08950000000000001,0.00040225,0.0,0.0,0.0,0.0,0.0,-31.8346430533219,17.39818565892866,0.006178564632993488,0.0020263941340096883
0083-1.tif,0.0,169.90510014580363,0.0,0.0787878787878788,0.0003303489439853077,0.0,0.0,0.021666666666666667,0.009583333333333334,6.057098765432099e-10,-35.18076017507034,15.593946362616423,0.012656577752741911,0.003801705675822243
0083-2.tif,0.0,157.89075337080382,0.0,0.09518518518518519,0.0013255829903978053,0.0,0.0,0.01888888888888889,0.010833333333333332,1.945408950617284e-09,17.8398351583361,8.13953915270803,0.007219798515367873,0.0022024740452209
0083-3.tif,0.0,159.61399719063976,0.0,0.08399999999999999,0.0006462222222222221,0.0,0.0,0.018333333333333333,0.00875,0.0,-33.876702180885864,17.613191346978102,0.010766945677635286,0.003243811381528128
0083-4.tif,0.0,131.96442465679908,0.0,0.10476190476190475,0.00408922902494331,0.0,0.0,0.0,0.0,0.0,37.29405824939121,12.1261725341189,0.00640890527558761,0.001917090991643043
0083-6.tif,0.0,180.0841026400405,0.0,0.0773611111111111,0.0003187307098765432,0.0,0.0,0.028095238095238097,0.011071428571428572,6.6312358276643995e-09,-2.957776306851682,4.588899924649913,0.006918999585896773,0.0021209745136883612
0084-1.tif,0.0,183.2557979983171,0.0,0.08787878787878788,0.00038994490358126724,0.0,0.0,0.0,0.0,0.0,-44.879518776240964,6.9179107286106225,0.013999851204129268,0.004653338192368032
0084-2.tif,0.0,157.8291798115925,0.0,0.09481481481481481,0.0010965706447187927,0.0,0.0,0.0,0.0,0.0,20.838158186237003,9.666485240285095,0.007240649025754902,0.0022238850932280426
0084-3.tif,0.0,170.75917022191234,0.0,0.0935,0.0004008055555555556,0.0,0.0,0.0,0.0,0.0,38.28618341301873,12.175693138557302,0.012521874767688596,0.0041360927532317964
0084-4.tif,0.0,150.75439923560737,0.0,0.10291666666666667,0.0016053819444444444,0.0,0.0,0.0,0.0,0.0,43.339919149760284,8.66674975891978,0.006935064807534591,0.0021918136595945148
0084-6.tif,0.0,178.4689708428863,0.0,0.094,0.0005684444444444444,0.0,0.0,0.015833333333333335,0.010625,6.944444444444444e-11,-40.01327293050249,12.089550031992431,0.007222908954199541,0.0022953474011349053
0095-1.tif,0.0,166.47820198313408,0.0,0.09233333333333334,0.00037011111111111104,0.0,0.0,0.020454545454545454,0.010909090909090908,5.46875e-10,40.38596718471011,11.13956677370073,0.01078411465929644,0.0027209059843660115
0095-2.tif,0.0,161.51854382701697,0.0,0.09685185185185186,0.001107681755829904,0.0,0.0,0.018333333333333333,0.0125,0.0,43.344999614662854,4.827351114809716,0.005879331200652217,0.001445094281568904
0095-3.tif,0.0,174.15151449240975,0.0,0.08454545454545455,6.82277318640955e-05,0.0,0.0,0.022222222222222223,0.014583333333333332,2.0341435185185184e-09,42.603577795462826,11.869451388064855,0.009136433082251115,0.002169760656108871
0095-4.tif,0.0,144.94373908520507,0.0,0.11333333333333333,0.004336507936507936,0.0,0.0,0.0,0.0,0.0,-44.03730310504562,5.572392987731182,0.0048323138826853644,0.0010911520472658225
0095-6.tif,0.0,173.8794282126427,0.0,0.08409090909090909,0.0005173553719008264,0.0,0.0,0.0212962962962963,0.011805555555555555,2.285343792866941e-09,14.727432038811257,7.975677407810607,0.004972734342509158,0.001156472885841683
0096-1.tif,0.0,180.32173744194802,0.0,0.08097222222222222,0.00027752700617283954,0.0,0.0,0.027916666666666666,0.00875,4.797092013888889e-09,44.53780770117298,8.588244308256394,0.016393672184143837,0.005938987013370858
0096-2.tif,0.0,145.66331888686253,0.0,0.1025,0.0026027777777777776,0.0,0.0,0.02722222222222222,0.00875,1.0706018518518519e-10,0.06781420229540794,9.329666969272777,0.00850348987089897,0.002949694660268708
0096-3.tif,0.0,164.70889725006762,0.0,0.08121212121212121,0.0005525711662075298,0.0,0.0,0.02611111111111111,0.008541666666666666,3.348042052469135e-10,35.97309632047655,13.724250757558314,0.012684323506705371,0.0042711502733999394
0096-4.tif,0.0,132.99530066885822,0.0,0.105,0.003580952380952381,0.0,0.0,0.03166666666666667,0.0075,0.0,-10.032659695489487,7.481442286718794,0.007908579956745546,0.0027520116246616726
0096-6.tif,0.0,165.67398036081295,0.0,0.0905,0.0006233611111111112,0.0,0.0,0.028888888888888888,0.007916666666666666,4.1184413580246917e-10,22.102597170593913,9.72106986999332,0.008317802171881716,0.002818790460386704
0097-1.tif,0.0,187.25481799917813,0.0,0.08236111111111111,0.00032984182098765426,0.0,0.0,0.015416666666666667,0.0378125,4.3526475694444446e-08,-8.222923855494733,7.8157950080986,0.014531550558887156,0.004603586425492185
0097-2.tif,0.0,157.90490809344718,0.0,0.09537037037037037,0.0014183813443072704,0.0,0.0,0.024166666666666666,0.009375,2.197265625e-09,30.771922939216633,18.119617502881297,0.008337058543335352,0.002728200234569943
0097-3.tif,0.0,170.64330894848732,0.0,0.0834848484848485,8.053259871441689e-05,0.0,0.0,0.020555555555555556,0.008333333333333333,2.700617283950617e-11,23.10589379743597,12.699231994039508,0.012583515841200732,0.00411457320045127
0097-4.tif,0.0,140.45068551533808,0.0,0.09895833333333333,0.004391623263888889,0.0,0.0,0.0,0.0,0.0,44.44712577367716,4.4326238869930235,0.0072880189121045744,0.00235560670772539
0097-6.tif,0.0,172.05253961766707,0.0,0.08378787878787879,0.0005783287419651056,0.0,0.0,0.019166666666666665,0.009375,1.7225477430555556e-10,-43.10889528632452,10.745312017159645,0.007879988853719114,0.002515703750756894
0098-1.tif,0.0,171.42950851265044,0.0,0.08015151515151515,0.0003421487603305786,0.0,0.0,0.0,0.0,0.0,41.31877007605021,10.289264393351218,0.014972346631571102,0.004882633756184347
0098-2.tif,0.0,159.53209708394107,0.0,0.09759259259259259,0.001201920438957476,0.0,0.0,0.024166666666666666,0.011875,5.782335069444445e-09,-38.76496638170657,13.250644620992698,0.00911401724743649,0.0030109943786252795
0098-3.tif,0.0,175.88909068564266,0.0,0.08515151515151516,4.618916437098255e-05,0.0,0.0,0.013333333333333334,0.015,2.2960069444444446e-09,-18.966074919182688,8.305383936238389,0.013315955569676588,0.003997060056439351
0098-4.tif,0.0,150.49621626842023,0.0,0.10458333333333333,0.0018248263888888889,0.0,0.0,0.01388888888888889,0.012083333333333333,3.5686728395061725e-11,-6.626858182841839,8.139645163822175,0.006966498272087567,0.0019240781316488583
0098-6.tif,0.0,169.61253851982906,0.0,0.091,0.00038622222222222226,0.0,0.0,0.021666666666666667,0.01225,2.160763888888889e-09,44.2929347105376,7.24594361290523,0.008364988604445987,0.002434612331614202
0152-1.tif,0.0,177.04448593503272,0.0,0.08560606060606062,7.69054178145087e-05,0.0,0.0,0.0,0.0,0.0,-44.932603243555185,9.352476426912181,0.019026426696839006,0.006793472126005003
0152-2.tif,0.0,165.99825748363537,0.0,0.08716666666666666,0.0004528055555555555,0.0,0.0,0.013333333333333334,0.02625,0.0,25.596107599996373,21.83749835098121,0.011853130738387653,0.004294052765735642
0152-3.tif,0.0,183.03635036668413,0.0,0.08833333333333333,0.0005005050505050505,0.0,0.0,0.018333333333333333,0.01,0.0,32.544254457393095,12.931255896909596,0.016097736536937596,0.005500513318915571
0152-4.tif,0.0,152.11326189535365,0.0,0.10416666666666667,0.0020180555555555555,0.0,0.0,0.0,0.0,0.0,44.69689927615295,10.382564962234671,0.010277051505229654,0.0035722429549102127
0152-6.tif,0.0,177.20906651308184,0.0,0.085,0.0005101010101010101,0.0,0.0,0.015,0.0225,3.996913580246913e-09,24.396417356014872,13.794789754989848,0.011099105443262215,0.0038499299177494986
0153-1.tif,0.0,172.34951165195295,0.0,0.08783333333333333,0.00022447222222222218,0.0,0.0,0.0,0.0,0.0,34.33770350722504,14.331918799933016,0.013891544552757361,0.004019811362598005
0153-2.tif,0.0,167.94989332139116,0.0,0.0845,6.280555555555556e-05,0.0,0.0,0.0,0.0,0.0,-44.676441884210604,5.8193460644985,0.008507097130708028,0.002572363795155066
0153-3.tif,0.0,169.58961904812713,0.0,0.07893939393939395,0.00029104683195592287,0.0,0.0,0.0,0.0,0.0,17.007584923402547,10.2954229447897,0.012651127495275541,0.0037773263474465807
0153-4.tif,0.0,156.12123494259197,0.0,0.09722222222222222,0.0007648148148148147,0.0,0.0,0.0,0.0,0.0,44.26606123961574,8.18658553275925,0.007859834583819931,0.002302326244219108
0153-6.tif,0.0,180.4586530033597,0.0,0.08878787878787879,0.0005490358126721763,0.0,0.0,0.020555555555555556,0.013333333333333332,2.144097222222222e-09,-17.328574160924138,9.440180400311888,0.008329882610090964,0.002593725624885132
0155-1.tif,0.0,173.47374120854397,0.0,0.08816666666666667,0.00014302777777777775,0.0,0.0,0.018833333333333334,0.01375,1.1531684027777777e-09,19.05045705822681,9.517616749113083,0.01936028676472286,0.006139771264076699
0155-2.tif,0.0,157.27798204568762,0.0,0.0874074074074074,0.0006179698216735253,0.0,0.0,0.022666666666666665,0.014624999999999999,4.360937500000001e-09,43.09880890772715,8.49373774835301,0.011038595149288163,0.0036107894423276945
0155-3.tif,0.0,171.6348473746906,0.0,0.08060606060606061,0.0003546831955922865,0.0,0.0,0.01625,0.01203125,2.072482638888889e-10,30.763939887495816,12.874011482115442,0.016498196781888925,0.005260497308937159
0155-4.tif,0.0,162.8872753250232,0.0,0.08666666666666667,0.0006766666666666667,0.0,0.0,0.017222222222222222,0.012916666666666667,4.986496913580247e-10,19.774407150188797,10.687095233116416,0.010586621229621784,0.0034301217855941596
0155-6.tif,0.0,176.79620869318444,0.0,0.08575757575757575,0.0006082644628099174,0.0,0.0,0.024649122807017542,0.015986842105263157,8.979445598645739e-09,44.40328269930284,6.73971557970449,0.01113163394138021,0.00370542859509246
0156-1.tif,0.0,177.51564876245575,0.0,0.0853030303030303,3.273645546372819e-05,0.0,0.0,0.024814814814814814,0.016944444444444443,1.1182591735253773e-08,11.740653718690098,9.263810348243151,0.024822208580527496,0.008589536898177813
0156-2.tif,0.0,174.2672556416979,0.0,0.08196969696969697,0.0003029384756657484,0.0,0.0,0.02316666666666667,0.015,6.552951388888888e-09,45.246956302463246,9.83633107040802,0.013910588742932552,0.005183658822802796
0156-3.tif,0.0,166.54854147264896,0.0,0.0803030303030303,0.00015798898071625345,0.0,0.0,0.024074074074074074,0.013888888888888888,2.180855624142661e-09,3.101114279407967,8.251670378202407,0.019092894133768173,0.00691051869655693
0156-4.tif,0.0,145.53791241672147,0.0,0.101875,0.0018266927083333334,0.0,0.0,0.01888888888888889,0.012916666666666667,1.8325617283950618e-11,10.466600855355392,9.559341424757847,0.014002234265657294,0.005105743796567694
0156-6.tif,0.0,170.01020873577025,0.0,0.09083333333333334,0.0005656944444444445,0.0,0.0,0.021954022988505746,0.016551724137931035,3.7435282897344434e-09,20.447285516115485,13.566408181360137,0.014006979214888518,0.004927002256999981
0157-1.tif,0.0,182.17634923947242,0.0,0.08772727272727272,0.00037286501377410463,0.0,0.0,0.013333333333333334,0.0125,0.0,24.149784785979413,8.962203670028712,0.011377157973068177,0.0032868894345882286
0157-2.tif,0.0,141.96016166516577,0.0,0.1119047619047619,0.00388922902494331,0.0,0.0,0.0,0.0,0.0,-45.00141244675837,11.741500735995125,0.00647914238046673,0.0020052739262930966
0157-3.tif,0.0,177.17116385511255,0.0,0.07984848484848485,0.00023608815426997244,0.0,0.0,0.0,0.0,0.0,-42.46379060189317,7.951147737442364,0.010334606888316339,0.003108387352738413
0157-4.tif,0.0,145.7456773600363,0.0,0.10020833333333333,0.0017787760416666666,0.0,0.0,0.0,0.0,0.0,42.098639628137704,12.737903214760284,0.006059582409001447,0.001745849217534482
0157-6.tif,0.0,167.73447518821726,0.0,0.0925,0.0006718055555555556,0.0,0.0,0.0,0.0,0.0,42.94367141659143,8.014982369765688,0.006626932853296591,0.0021029557287242195
0161-1.tif,0.0,162.55796169087168,0.0,0.08850000000000001,0.0011458055555555555,0.0,0.0,0.0,0.0,0.0,-38.78093222606647,11.588129485972436,0.012294084970950936,0.003929239281028878
0161-2.tif,0.0,127.6313049373076,0.0,0.10333333333333333,0.005332539682539683,0.0,0.0,0.0,0.0,0.0,-43.158856896702595,7.233268079748171,0.0066580877620839056,0.0022056545017311298
0161-3.tif,0.0,123.38760067364954,0.0,0.11055555555555555,0.008737654320987654,0.0,0.0,0.0,0.0,0.0,12.398464000633176,10.651635393219001,0.01095169616648633,0.003613488416082161
0161-4.tif,0.0,131.78922565976325,0.0,0.15791666666666668,0.023571354166666666,0.0,0.0,0.0,0.0,0.0,31.933065655255596,13.056342949357719,0.00744092900316883,0.002382647831269896
0161-6.tif,0.0,133.03921263584445,0.0,0.09375,0.0022671875,0.0,0.0,0.02,0.00875,0.0,-38.99255168112647,10.141291726588873,0.007268773003222836,0.0024815115010365894
0162-1.tif,0.0,164.6474433820486,0.0,0.07347222222222223,0.0002891010802469136,0.0,0.0,0.016666666666666666,0.010416666666666668,4.3402777777777777e-10,-42.86283457754064,11.876301303969719,0.014582039829891778,0.004823032722529659
0162-2.tif,0.0,145.53197434088344,0.0,0.104375,0.002722873263888889,0.0,0.0,0.021111111111111112,0.01125,6.018518518518519e-10,18.581114585879238,8.722925428910626,0.009767818009177523,0.00338182143620721
0162-3.tif,0.0,178.6442698435329,0.0,0.07583333333333334,0.0003622685185185185,0.0,0.0,0.0175,0.01125,1.3400875557270233e-09,21.72233844792504,12.18423583609344,0.01645443342890502,0.005618054225576982
0162-4.tif,0.0,144.42999927770555,0.0,0.10041666666666667,0.0020609375,0.0,0.0,0.01852941176470588,0.012058823529411764,2.5479983660130716e-09,-4.255387268216971,10.96254108608708,0.011065407992675752,0.0037777084253087854
0162-6.tif,0.0,147.17325484662206,0.0,0.08483333333333333,0.002151916666666666,0.0,0.0,0.02486111111111111,0.014479166666666668,1.9847457320601854e-08,-44.72000116522642,3.9344610103593145,0.009563143308735644,0.003302839665595044
0163-1.tif,0.0,172.39586228599958,0.0,0.08196969696969697,0.00011354453627180899,0.0,0.0,0.03333333333333333,0.02,0.0,3.6050794176409062,7.710687929192343,0.01973412855306624,0.005320020087962558
0163-2.tif,0.0,149.7094304987061,0.0,0.105625,0.0027520399305555557,0.0,0.0,0.03166666666666667,0.01625,0.0,40.02645069704526,13.921866634906051,0.010605916198084816,0.003040983967417088
0163-3.tif,0.0,173.85983738504862,0.0,0.08833333333333333,0.00028166666666666666,0.0,0.0,0.0275,0.0215625,2.455593532986111e-08,-8.271313787965274,8.708951125044967,0.017202614623327023,0.004605681155251171
0163-4.tif,0.0,148.43318362145305,0.0,0.09,0.0005901234567901235,0.0,0.0,0.0,0.0,0.0,2.9929011765855718,8.65435672598016,0.01000945775121247,0.002747057494334042
0163-6.tif,0.0,173.4982315864815,0.0,0.0935,0.0005996944444444445,0.0,0.0,0.025714285714285714,0.016071428571428573,4.359941893424036e-09,-44.71324182970707,7.617276106883411,0.010487339746928984,0.003023911656946942
0164-1.tif,0.0,174.66497693203027,0.0,0.09066666666666666,0.00019622222222222225,0.0,0.0,0.026578947368421053,0.009473684210526315,1.3335743930824866e-09,-0.3151432415130487,3.947862393277233,0.027037313918984666,0.008986936091298508
0164-2.tif,0.0,145.90685384861123,0.0,0.09240740740740741,0.002917969821673526,0.0,0.0,0.031140350877192986,0.010328947368421054,5.212373037857803e-09,41.889053002537445,10.942780461376975,0.01336064884798529,0.004656024389277609
0164-3.tif,0.0,174.80081648489798,0.0,0.0803030303030303,0.00016202938475665747,0.0,0.0,0.028666666666666667,0.010625,7.710622829861112e-09,1.1482649333882045,6.118547798413144,0.022281660167950565,0.007199101640109063
0164-4.tif,0.0,148.88059678401828,0.0,0.10083333333333333,0.002195138888888889,0.0,0.0,0.019615384615384618,0.010384615384615386,1.793639053254438e-10,-7.4875946387033,7.857054023693931,0.013061605472435655,0.004149865209324334
0164-6.tif,0.0,183.49952694459157,0.0,0.08545454545454545,0.0006131772268135905,0.0,0.0,0.029603174603174603,0.010535714285714285,2.0701943972033253e-08,-39.306591335857874,14.068725322658064,0.013521521610842056,0.004393947310155529
0165-1.tif,0.0,175.76610089042262,0.0,0.08966666666666666,0.0002087777777777778,0.0,0.0,0.018333333333333333,0.015416666666666667,2.7816358024691356e-09,0.33523757081844174,2.514090974175833,0.017059758540215728,0.005238135114019045
0165-2.tif,0.0,161.14170782264907,0.0,0.09796296296296296,0.0011424554183813442,0.0,0.0,0.022222222222222223,0.014583333333333332,9.847608024691359e-10,3.2415550068246257,5.291658696078705,0.010765101791029543,0.0033335164924606173
0165-3.tif,0.0,181.244253122522,0.0,0.08151515151515151,0.0003153810835629017,0.0,0.0,0.021111111111111112,0.01125,3.1346450617283947e-10,-6.996104631627717,7.881074751042102,0.015554213622907266,0.00472342873338803
0165-4.tif,0.0,140.53003720921976,0.0,0.09791666666666667,0.0016567708333333332,0.0,0.0,0.02,0.013125,3.1358506944444447e-10,28.833155408746425,11.01047784765901,0.009324739410600079,0.002823608925580664
0165-6.tif,0.0,167.31181385531494,0.0,0.08060606060606061,0.0006774104683195591,0.0,0.0,0.023666666666666666,0.012,5.996527777777778e-10,-42.05448034518014,9.170875096781772,0.010322930763121779,0.003201639201522737
0166-1.tif,0.0,173.3560882499756,0.0,0.08166666666666667,0.00040151515151515147,0.0,0.0,0.03,0.008125,4.340277777777778e-12,44.32875900486673,7.498201818682979,0.014518949715256812,0.004441144185422874
0166-2.tif,0.0,148.33429046715753,0.0,0.10270833333333333,0.0017999565972222223,0.0,0.0,0.0,0.0,0.0,-42.83524088898918,9.39282669215184,0.008230787100248434,0.0025769984970662047
0166-3.tif,0.0,169.8637275889506,0.0,0.092,0.0006082222222222221,0.0,0.0,0.0,0.0,0.0,-16.084129253278533,8.399420790287348,0.012376769562811278,0.0037896425418415397
0166-4.tif,0.0,133.22698139426777,0.0,0.12027777777777779,0.00671057098765432,0.0,0.0,0.0,0.0,0.0,4.309528026128429,7.530458603792663,0.007879131917497813,0.0024207685771593596
0166-6.tif,0.0,167.96561041174988,0.0,0.093,0.0009371111111111111,0.0,0.0,0.0,0.0,0.0,-44.36516243958097,6.708972309676851,0.008606477363280289,0.0027012696328585772
0167-1.tif,0.0,158.794477077804,0.0,0.08416666666666667,0.0005845833333333333,0.0,0.0,0.0,0.0,0.0,-17.5223190826863,10.41192171464315,0.012179615843939949,0.003852319449416538
0167-2.tif,0.0,150.2704561781856,0.0,0.09666666666666666,0.0011972222222222221,0.0,0.0,0.016666666666666666,0.01375,0.0,-11.161273450615893,8.026633190704842,0.007905766174719185,0.0025399460466137905
0167-3.tif,0.0,152.64367002925474,0.0,0.09351851851851853,0.0008521262002743486,0.0,0.0,0.0,0.0,0.0,27.986590833192334,13.143645701154684,0.011631012483444936,0.0037043744622588777
0167-4.tif,0.0,131.87950591973208,0.0,0.11888888888888888,0.006455246913580247,0.0,0.0,0.0,0.0,0.0,12.5214994544474,6.3162947802835,0.007779971014757568,0.002458739597902252
0167-6.tif,0.0,171.11050685318992,0.0,0.08424242424242424,0.0006830119375573922,0.0,0.0,0.016904761904761905,0.014285714285714285,1.281887755102041e-09,-28.29224911921371,12.15322430571074,0.007785673643462369,0.002497221614289033
0168-1.tif,0.0,172.99976406731585,0.0,0.07597222222222223,0.00028632330246913584,0.0,0.0,0.0,0.0,0.0,44.49368466869674,4.633739242924948,0.013976783132500326,0.004413510720879988
0168-2.tif,0.0,142.1556267694748,0.0,0.10083333333333333,0.0031708333333333332,0.0,0.0,0.0,0.0,0.0,-15.278908199946777,7.148161339678717,0.008180053265582441,0.002717040589814912
0168-3.tif,0.0,156.24627806217984,0.0,0.07590909090909091,0.0005325068870523415,0.0,0.0,0.0,0.0,0.0,43.46816683517588,8.772313359331807,0.011696816111897223,0.0036884655879206845
0168-4.tif,0.0,138.76863613583583,0.0,0.10833333333333334,0.004046825396825397,0.0,0.0,0.0,0.0,0.0,41.07851090014313,9.726385885226776,0.007268836298126208,0.002191473628914387
0168-6.tif,0.0,178.62061875323067,0.0,0.0775,7.337962962962963e-05,0.0,0.0,0.0225,0.015,3.0078125e-09,-15.627559951835194,8.964673987552716,0.00810644090760751,0.0025342177435490054
0169-1.tif,0.0,160.07162652960926,0.0,0.0845,0.0005378055555555555,0.0,0.0,0.0,0.0,0.0,45.08368546752581,4.597583261824932,0.014104824204713713,0.004763868198219126
0169-2.tif,0.0,157.79242694121922,0.0,0.095,0.0011419753086419752,0.0,0.0,0.0,0.0,0.0,-43.96547537123487,10.663565552251182,0.008661382852963579,0.003036772244351742
0169-3.tif,0.0,151.397622174194,0.0,0.09916666666666667,0.0009173611111111111,0.0,0.0,0.0,0.0,0.0,-44.353752824778134,6.37643673483596,0.013543921078677652,0.004672328166550965
0169-4.tif,0.0,131.6342787169563,0.0,0.135,0.010530000000000001,0.0,0.0,0.0,0.0,0.0,11.459930105995273,8.755425799180578,0.007736658584224915,0.0026250057228366327
0169-6.tif,0.0,180.62557303199372,0.0,0.0775,0.0002826388888888889,0.0,0.0,0.0,0.0,0.0,-23.25183077938773,9.086579320358174,0.008222516462469385,0.0028836119557543827
0170-1.tif,0.0,176.84479873673607,0.0,0.08015151515151515,0.0010224517906336089,0.0,0.0,0.023333333333333334,0.009375,5.316840277777778e-11,1.2256394285198888,8.032118542365723,0.0209078080957216,0.006728155388599806
0170-2.tif,0.0,163.56776339835577,0.0,0.08700000000000001,0.00041877777777777784,0.0,0.0,0.023333333333333334,0.00875,0.0,-5.924703444453868,4.673189191762363,0.012150491117386105,0.003952890111933762
0170-3.tif,0.0,158.50911802122857,0.0,0.08483333333333333,0.0015296944444444446,0.0,0.0,0.022777777777777775,0.01375,3.6834490740740737e-09,28.951271883916373,10.469667729490428,0.01731159031800239,0.005317596869186565
0170-4.tif,0.0,143.40812389819482,0.0,0.08777777777777777,0.001971604938271605,0.0,0.0,0.02,0.0075,0.0,-44.38051809340807,8.511715335145526,0.009802553109779288,0.0029788630672685805
0170-6.tif,0.0,177.51379644690743,0.0,0.0773611111111111,0.00014974922839506173,0.0,0.0,0.024166666666666666,0.0128125,7.459581163194444e-09,13.591117034248034,7.170975447892764,0.011288375480632403,0.0034668734552655823
0171-1.tif,0.0,158.7893765832667,0.0,0.08466666666666667,0.0015087777777777777,0.0,0.0,0.0,0.0,0.0,-1.3522811956874259,2.8184703237443833,0.014655299163981023,0.004146514203729831
0171-2.tif,0.0,144.77047350893068,0.0,0.09291666666666666,0.0006685763888888889,0.0,0.0,0.0175,0.01125,1.111111111111111e-09,35.70579577689292,13.234652706047939,0.008697364674289207,0.0024461444344427517
0171-3.tif,0.0,141.69685952765502,0.0,0.095,0.0015847222222222222,0.0,0.0,0.021666666666666667,0.016875,7.335069444444444e-10,43.56105996272731,10.108862495125974,0.012093865837511607,0.0033703899587828024
0171-4.tif,0.0,132.87680346079665,0.0,0.11972222222222222,0.005927237654320986,0.0,0.0,0.0,0.0,0.0,-2.312670074058477,2.72725913161728,0.007795494557098769,0.0021208787503384386
0171-6.tif,0.0,162.21157493015815,0.0,0.09116666666666667,0.0011294722222222222,0.0,0.0,0.022857142857142857,0.012857142857142859,2.8279124149659865e-09,44.89140620354987,12.025976551090867,0.007444134501814162,0.0021720572648411753
0172-1.tif,0.0,162.09212548071895,0.0,0.07012820512820514,0.0002142998027613412,0.0,0.0,0.015,0.0105,1.0520833333333333e-10,-40.002140187124134,13.371024800933249,0.017146908485766436,0.006226200906306488
0172-2.tif,0.0,120.9361631421948,0.0,0.08458333333333333,0.005676909722222222,0.0,0.0,0.02,0.0075,0.0,18.079129018358735,9.194643601064946,0.009446119022669418,0.003458659341237313
0172-3.tif,0.0,141.77149581207567,0.0,0.08266666666666667,0.0021084444444444445,0.0,0.0,0.011666666666666667,0.015,0.0,-14.93257171656139,8.584374001654064,0.012318769256311446,0.004441898675062732
0172-4.tif,0.0,123.57260011831102,0.0,0.09952380952380953,0.007413265306122448,0.0,0.0,0.0,0.0,0.0,41.43741422147119,8.757953337093932,0.008371566439794854,0.0029728380101712113
0172-6.tif,0.0,132.37195070457085,0.0,0.07348484848484849,0.0022269972451790633,0.0,0.0,0.0175,0.01,2.3084852430555557e-10,44.51093684542841,5.4382344501509,0.008711567265795207,0.0031406134656953525
0173-1.tif,0.0,148.55071056534013,0.0,0.07303030303030303,0.0006499081726354455,0.0,0.0,0.02,0.00875,0.0,-39.38917771118616,12.521559871130632,0.01687757243443574,0.005574744237753
0173-2.tif,0.0,135.38591853946818,0.0,0.12361111111111112,0.006530941358024692,0.0,0.0,0.015,0.01125,0.0,-36.238621254991116,13.661415046367162,0.009158560273924485,0.0029740047181509273
0173-3.tif,0.0,133.29399557443818,0.0,0.07516666666666667,0.0025685833333333337,0.0,0.0,0.016999999999999998,0.01325,7.847222222222223e-10,42.87733765375641,7.574963790260646,0.014488323437987007,0.0044918509587072025
0173-4.tif,0.0,131.41209567193155,0.0,0.13333333333333333,0.011741111111111112,0.0,0.0,0.0,0.0,0.0,17.21972128548862,8.866826059251792,0.007941551412253866,0.002524191405015626
0173-6.tif,0.0,130.7853202771626,0.0,0.09833333333333333,0.004868055555555555,0.0,0.0,0.017333333333333333,0.014499999999999999,1.634375e-09,-11.003508084351935,9.446965079662894,0.007866697954586686,0.0024903808232406926
0175-1.tif,0.0,163.4238013355925,0.0,0.09083333333333334,0.0007545833333333332,0.0,0.0,0.0,0.0,0.0,33.54448522965343,18.4053748129876,0.018301175697279837,0.006391316675031061
0175-2.tif,0.0,147.98423339441717,0.0,0.10229166666666667,0.0017582899305555555,0.0,0.0,0.02,0.00875,0.0,-0.7191225398427156,2.763533339788182,0.009814249231815501,0.0033318599821438788
0175-3.tif,0.0,163.176120437372,0.0,0.0938888888888889,0.0003234567901234568,0.0,0.0,0.0,0.0,0.0,10.64202866738386,5.786680476128451,0.015286971468342918,0.0051177678851502175
0175-4.tif,0.0,126.10070481603995,0.0,0.11416666666666667,0.006188657407407407,0.0,0.0,0.0,0.0,0.0,-44.39494640189199,7.5078960955501035,0.009770230352682317,0.0032796204636220488
0175-6.tif,0.0,168.83942075238235,0.0,0.09283333333333334,0.0007455833333333332,0.0,0.0,0.019166666666666665,0.0096875,4.4487847222222224e-11,-21.813394127643996,10.14759985147506,0.009609663697404331,0.003217015171699967
0176-1.tif,0.0,164.08712116840044,0.0,0.07575757575757576,0.0006456382001836548,0.0,0.0,0.013333333333333334,0.01375,0.0,-2.553154193914417,3.8316766835868026,0.020508974309610198,0.0073421216483281
0176-2.tif,0.0,143.8194169483315,0.0,0.10083333333333333,0.002290972222222222,0.0,0.0,0.02666666666666667,0.0175,0.0,40.801774539518526,10.648577264284409,0.010973905543669369,0.0037539032025751644
0176-3.tif,0.0,160.97035300158393,0.0,0.08783333333333333,0.0003766944444444444,0.0,0.0,0.0175,0.015,1.111111111111111e-09,40.463063342770575,12.715410386413701,0.016476607762261126,0.005449718112287045
0176-4.tif,0.0,132.0398826576459,0.0,0.11888888888888888,0.007562654320987653,0.0,0.0,0.0,0.0,0.0,-44.19889574992471,8.022228408732015,0.009757670124590773,0.0031487648157160503
0176-6.tif,0.0,160.9064201113736,0.0,0.09016666666666667,0.001011361111111111,0.0,0.0,0.02666666666666667,0.01583333333333333,5.856481481481481e-09,-44.304111141217845,6.154215838412412,0.009528060476318231,0.003085037597724814
0177-1.tif,0.0,170.71223350031676,0.0,0.08700000000000001,0.00022822222222222224,0.0,0.0,0.015454545454545455,0.011022727272727273,6.170816833103763e-10,38.597903145907075,18.710202033354737,0.016859316683894354,0.005018399902986969
0177-2.tif,0.0,148.69098829451636,0.0,0.09729166666666667,0.001016623263888889,0.0,0.0,0.014691358024691358,0.011388888888888888,7.006601508916323e-10,23.786502723089647,12.297507491293816,0.010496200812915095,0.003224699838891739
0177-3.tif,0.0,166.75722539734892,0.0,0.07803030303030303,0.00029586776859504135,0.0,0.0,0.015402298850574713,0.01271551724137931,2.180584456335051e-09,7.776830580235844,6.94724719406263,0.01620350219095422,0.004890451600115718
0177-4.tif,0.0,147.64023841758046,0.0,0.0898148148148148,0.0007552126200274347,0.0,0.0,0.015809523809523808,0.01292857142857143,1.384956065759637e-09,44.50121063738853,9.602516547580459,0.010308518328881699,0.0030838941278303806
0177-6.tif,0.0,172.17713055372448,0.0,0.0775,0.0005682870370370371,0.0,0.0,0.01800925925925926,0.0121875,2.984218937542867e-09,-42.41515263577229,8.855827656997329,0.0103483363009023,0.003191624446622322
0178-1.tif,0.0,168.3094042397975,0.0,0.07848484848484849,0.00026992653810835635,0.0,0.0,0.0135,0.012875000000000001,4.1098090277777774e-10,44.86730094106607,7.5869060418833065,0.016940570100938312,0.004521927884939569
0178-2.tif,0.0,157.5712353663448,0.0,0.08962962962962963,0.0005597393689986283,0.0,0.0,0.015333333333333332,0.013125,2.2281249999999995e-09,-10.965935840650689,6.826208630964338,0.009792133586101483,0.0027165520600457038
0178-3.tif,0.0,179.64458665596607,0.0,0.08212121212121212,0.00023438934802571165,0.0,0.0,0.014320987654320988,0.013657407407407406,1.0272467040085352e-09,-19.263939608505144,8.703356088779225,0.014592763220856427,0.0037690863276267335
0178-4.tif,0.0,150.95151539484456,0.0,0.09296296296296297,0.000741838134430727,0.0,0.0,0.016180555555555556,0.0146875,3.6617307309751157e-09,39.916164059260566,10.044444287845657,0.009917860031791874,0.0026166461464549066
0178-6.tif,0.0,171.87196461966164,0.0,0.08424242424242424,0.0006431129476584021,0.0,0.0,0.017041666666666667,0.015125,4.366403537326388e-09,-12.674481987698218,7.233274330714647,0.009540325229552728,0.002666041758212244
0179-1.tif,0.0,176.18542946440138,0.0,0.08983333333333333,0.0002813611111111111,0.0,0.0,0.019166666666666665,0.0096875,6.727430555555555e-11,-44.50264488515609,8.514703525831479,0.014909605447856676,0.004650657260657642
0179-2.tif,0.0,160.12523224026876,0.0,0.09814814814814814,0.001150891632373114,0.0,0.0,0.020833333333333332,0.0115625,1.592339409722222e-10,-44.439180445765594,4.150538921490505,0.009129636697334086,0.0029073227755375417
0179-3.tif,0.0,171.49949384441018,0.0,0.0803030303030303,0.00032768595041322325,0.0,0.0,0.022666666666666665,0.01075,4.105208333333333e-09,-36.22681322271047,11.978767317431629,0.013895848053219828,0.004308108057390306
0179-4.tif,0.0,147.85837401186345,0.0,0.10458333333333333,0.0016678819444444445,0.0,0.0,0.011666666666666667,0.01375,0.0,18.7463147336992,7.62785866408766,0.009426556937954588,0.0028561271048055613
0179-6.tif,0.0,184.54751957761047,0.0,0.07875,0.0003843171296296296,0.0,0.0,0.022023809523809522,0.011428571428571429,9.80282738095238e-10,46.244935492551306,9.65730817652957,0.009701103664067304,0.0030229111234088253
0180-1.tif,0.0,167.869224067096,0.0,0.07742424242424242,0.00036432506887052336,0.0,0.0,0.0,0.0,0.0,44.938862068337556,6.827532881210731,0.01166516812013285,0.0036858405108231317
0180-2.tif,0.0,148.02627394411365,0.0,0.1025,0.0018041666666666666,0.0,0.0,0.0,0.0,0.0,20.87473186210246,12.154673589766798,0.007252223391021819,0.002339703835458425
0180-3.tif,0.0,153.05959623623735,0.0,0.09018518518518519,0.001231755829903978,0.0,0.0,0.013333333333333334,0.01375,0.0,-43.33261329610257,10.63651679766757,0.011135801501924785,0.0035109010545872777
0180-4.tif,0.0,133.48572021006592,0.0,0.1061904761904762,0.0031180272108843536,0.0,0.0,0.0,0.0,0.0,0.956781136295354,5.272143606903763,0.006714019906791425,0.0020905110819270448
0180-6.tif,0.0,173.803289190203,0.0,0.08454545454545455,0.0005939853076216713,0.0,0.0,0.0,0.0,0.0,-41.06827667144663,10.361645196278578,0.0070727075031123835,0.0022712874611014833
0181-1.tif,0.0,172.29072718679964,0.0,0.07893939393939395,9.660238751147844e-05,0.0,0.0,0.015833333333333335,0.00875,0.0,-44.540620435543865,7.360994828706277,0.018503913604189775,0.006605971901574689
0181-2.tif,0.0,156.44400682904816,0.0,0.08685185185185186,0.0006897805212620026,0.0,0.0,0.02388888888888889,0.010416666666666668,1.033275462962963e-08,40.603482249099514,8.068961503375878,0.010717256049929106,0.003901908327694588
0181-3.tif,0.0,183.21930468558017,0.0,0.08,0.0001662037037037037,0.0,0.0,0.02388888888888889,0.008958333333333334,4.230565200617284e-10,-39.172294267175715,12.137353438029878,0.018226222556321153,0.006498144146361623
0181-4.tif,0.0,161.34050948227477,0.0,0.0974074074074074,0.0014025377229080933,0.0,0.0,0.0225,0.00875,4.78515625e-10,34.19145386782665,12.954666508849035,0.010977237971508543,0.003960653946142161
0181-6.tif,0.0,169.9561440757318,0.0,0.08916666666666667,0.0006090277777777778,0.0,0.0,0.031111111111111114,0.010972222222222223,2.5171427576303156e-08,-19.719788707921953,10.497538000459528,0.012867725708463899,0.004695025181175883
0182-1.tif,0.0,157.02350195206213,0.0,0.08366666666666667,0.000569888888888889,0.0,0.0,0.0,0.0,0.0,33.65262142496379,13.229518599363592,0.012683803517919121,0.004151110629936477
0182-2.tif,0.0,148.99399275320872,0.0,0.1025,0.0022083333333333334,0.0,0.0,0.0,0.0,0.0,43.1375813752281,10.102900619129896,0.007502421940227038,0.0024546729295352363
0182-3.tif,0.0,155.3904705801081,0.0,0.08888888888888889,0.0010796296296296296,0.0,0.0,0.0,0.0,0.0,32.90994153871417,14.868851307555401,0.011233362459485146,0.00358120887805835
0182-4.tif,0.0,131.7979281990086,0.0,0.11888888888888888,0.006450617283950617,0.0,0.0,0.0,0.0,0.0,18.132964308502697,9.48155804711902,0.00734501676274411,0.002321670008922991
0182-6.tif,0.0,156.61174818455189,0.0,0.08866666666666667,0.0017571111111111112,0.0,0.0,0.0,0.0,0.0,-10.592101934638096,6.736902434915098,0.007643804604094524,0.0024581898891279283
0183-1.tif,0.0,181.27425125115442,0.0,0.08742424242424242,0.0003466483011937558,0.0,0.0,0.0158641975308642,0.010277777777777776,2.4080504115226337e-10,45.98411262011913,6.653059847018023,0.016235646620974504,0.005371958617628431
0183-2.tif,0.0,149.33974688608524,0.0,0.0975,0.0009347222222222222,0.0,0.0,0.015476190476190477,0.010892857142857142,1.0841836734693877e-10,20.826491345717198,9.068626585159588,0.009206940867181792,0.0030446318108419074
0183-3.tif,0.0,180.48522561879315,0.0,0.08666666666666667,0.0004156565656565656,0.0,0.0,0.0175,0.011328125,6.526014539930555e-10,4.556335745191349,5.02024657156264,0.015274133163072239,0.005165614007921176
0183-4.tif,0.0,138.67227552759059,0.0,0.10928571428571428,0.004066553287981859,0.0,0.0,0.015392156862745096,0.011323529411764706,5.991986255286429e-10,-22.14478442377317,16.579243476496362,0.009123504138212526,0.0029885405154899233
0183-6.tif,0.0,180.08929409088663,0.0,0.08787878787878788,0.000574793388429752,0.0,0.0,0.022564102564102562,0.013076923076923076,1.8077025805391188e-08,-44.07349675904251,5.499107780171622,0.010440412293344888,0.0035438471493990974
0184-1.tif,0.0,172.02632227527147,0.0,0.08303030303030304,5.596877869605142e-05,0.0,0.0,0.017142857142857144,0.009464285714285713,1.5093537414965988e-10,14.57254505699259,10.827764517836368,0.021804855897933392,0.006247749096841855
0184-2.tif,0.0,170.8765798919078,0.0,0.08399999999999999,0.00027566666666666663,0.0,0.0,0.020185185185185184,0.010416666666666668,1.7834790809327849e-09,-5.628529715359921,6.670830875185207,0.01203839925553277,0.0035945268290004154
0184-3.tif,0.0,180.5770172851397,0.0,0.07875,0.00010839120370370371,0.0,0.0,0.018055555555555557,0.011041666666666667,1.907642505787037e-09,-15.474097873837605,13.136077302527859,0.017737123117700863,0.004982162050028933
0184-4.tif,0.0,157.07463194290796,0.0,0.09796296296296296,0.001150480109739369,0.0,0.0,0.018333333333333333,0.010673076923076922,1.0339620315581855e-09,-5.853743685366951,7.333421985249138,0.010821477491146668,0.003071312945094463
0184-6.tif,0.0,182.38253449518922,0.0,0.08848484848484849,0.00027649219467401284,0.0,0.0,0.02033333333333333,0.01075,1.3256944444444445e-09,18.292897110171698,10.252360373413644,0.011084475642841533,0.0032421056815095913
0185-1.tif,0.0,167.2272665497046,0.0,0.09083333333333334,0.0002851388888888889,0.0,0.0,0.0,0.0,0.0,4.241867619116446,4.2917443576199625,0.014553477499187305,0.0046252331948397046
0185-2.tif,0.0,151.24552885953355,0.0,0.09729166666666667,0.0014145399305555556,0.0,0.0,0.0,0.0,0.0,16.402085790662316,10.097692219169163,0.008493061325407019,0.002714463198094598
0185-3.tif,0.0,151.64844212849667,0.0,0.08962962962962963,0.0013844307270233194,0.0,0.0,0.0,0.0,0.0,9.921597845625952,8.47153752594157,0.012350071675871568,0.003855538794301117
0185-4.tif,0.0,140.86873322352267,0.0,0.125,0.007181481481481482,0.0,0.0,0.0,0.0,0.0,45.378533902431805,9.040119231393014,0.008060858341458354,0.0024602573717144487
0185-6.tif,0.0,172.46328111610694,0.0,0.08439393939393938,0.0006718549127640038,0.0,0.0,0.0,0.0,0.0,16.514849444758234,9.150166275832897,0.008062603915929596,0.002559190603609841
0186-1.tif,0.0,159.864974016685,0.0,0.09074074074074073,0.0002722908093278464,0.0,0.0,0.022083333333333333,0.010625,5.1399739583333335e-09,15.122899526898236,6.353514008606799,0.014366813526583356,0.0047095569607226466
0186-2.tif,0.0,158.95861096524467,0.0,0.0962962962962963,0.0012319615912208504,0.0,0.0,0.0,0.0,0.0,-38.00724394909037,13.10999280431127,0.008565465374059654,0.002759416854871422
0186-3.tif,0.0,152.4168297793915,0.0,0.1,0.00110625,0.0,0.0,0.024,0.009250000000000001,1.392361111111111e-09,39.9491266309711,11.27795786973215,0.01159465549919978,0.0035218971982944533
0186-4.tif,0.0,137.55947577320873,0.0,0.10642857142857143,0.0034614512471655323,0.0,0.0,0.021666666666666667,0.00875,0.0,6.830785869009072,8.61248923610454,0.007654214187878065,0.0022334646356232018
0186-6.tif,0.0,183.73092623300485,0.0,0.07847222222222222,0.00039558256172839514,0.0,0.0,0.020555555555555556,0.010833333333333332,6.62133487654321e-10,-22.71636945929505,9.693039670918013,0.008366375757541379,0.002628248091813619
0187-1.tif,0.0,168.33886129537117,0.0,0.07818181818181817,0.00035881542699724525,0.0,0.0,0.0225,0.015208333333333332,3.96412037037037e-10,38.28151392794107,12.191360982566806,0.021689002216994702,0.007936534828643814
0187-2.tif,0.0,150.83381583716564,0.0,0.0975,0.00134375,0.0,0.0,0.023666666666666666,0.0125,6.608680555555555e-09,44.877848950384525,4.187520063156796,0.013711558016151735,0.005271466147009786
0187-3.tif,0.0,161.01665639418687,0.0,0.08466666666666667,0.0008671111111111111,0.0,0.0,0.028333333333333332,0.013125,3.515625e-10,41.63453453670737,8.438075431870255,0.020786018700359427,0.0077437726333113
0187-4.tif,0.0,148.6427484496525,0.0,0.09979166666666667,0.001966970486111111,0.0,0.0,0.0,0.0,0.0,-13.73099403679887,7.373516396220712,0.011519593270064172,0.004275061485461965
0187-6.tif,0.0,175.4610395184324,0.0,0.08454545454545455,0.0005263085399449035,0.0,0.0,0.028166666666666663,0.01225,7.083159722222223e-09,37.61231320680266,11.618518334387703,0.014350530552506404,0.005438102993258552
0188-1.tif,0.0,169.46293842607594,0.0,0.07984848484848485,0.0002961891643709825,0.0,0.0,0.023333333333333334,0.01625,0.0,-6.161014483143423,7.130878773361459,0.017761396527055277,0.006095437683000905
0188-2.tif,0.0,152.218921294299,0.0,0.09791666666666667,0.0013664930555555555,0.0,0.0,0.019444444444444445,0.01,2.1122685185185184e-10,43.96702023266146,6.340657982670619,0.010374105167617389,0.0037240495151732098
0188-3.tif,0.0,171.80178743734498,0.0,0.08060606060606061,0.0004809458218549127,0.0,0.0,0.022916666666666665,0.010625,3.8492838541666667e-10,29.694268816948956,23.14020164317134,0.016957033368992524,0.006133778360341487
0188-4.tif,0.0,134.7196635799765,0.0,0.12083333333333333,0.005905324074074073,0.0,0.0,0.018333333333333333,0.010416666666666668,1.253858024691358e-11,23.239297369544534,10.991119283846436,0.010014790102464456,0.0036627598638739748
0188-6.tif,0.0,175.00775976033566,0.0,0.08424242424242424,0.0005835169880624426,0.0,0.0,0.026333333333333334,0.014125,1.4723958333333334e-09,-0.5020561032980575,4.903194063725688,0.010795696608428614,0.003988278390690733
0189-1.tif,0.0,169.30708457973307,0.0,0.0796969696969697,0.00028829201101928374,0.0,0.0,0.02,0.010625,1.833767361111111e-10,43.871079115455146,6.248968660651887,0.015406191054697062,0.005785882111913533
0189-2.tif,0.0,160.7465085157373,0.0,0.0961111111111111,0.0010598765432098766,0.0,0.0,0.02,0.0075,0.0,-42.49619263939017,10.437333725514826,0.010012792149060217,0.0038093115487857253
0189-3.tif,0.0,166.50767416415243,0.0,0.085,0.0005894444444444444,0.0,0.0,0.02,0.01109375,9.168158637152778e-10,-45.19547060407884,6.775622689894907,0.016168573636662006,0.0062014619675885545
0189-4.tif,0.0,134.39691444465865,0.0,0.12027777777777779,0.006725385802469135,0.0,0.0,0.02361111111111111,0.010416666666666668,6.253978587962964e-09,18.852162816367233,10.231378060194054,0.010653406087835991,0.0040161059805702976
0189-6.tif,0.0,171.99418594824652,0.0,0.08393939393939394,0.0006400367309458219,0.0,0.0,0.02037037037037037,0.01125,2.4866040809327843e-09,8.598524692544016,7.58016618248997,0.010891759289448442,0.004177634088652167
0190-1.tif,0.0,169.66830385588622,0.0,0.07924242424242424,0.0002617998163452709,0.0,0.0,0.013409090909090909,0.012272727272727274,3.303722595270891e-10,-22.948523304300917,9.385788427329562,0.017739367421198773,0.00521114845083054
0190-2.tif,0.0,177.34200715002635,0.0,0.08681818181818182,3.810835629017447e-05,0.0,0.0,0.013148148148148148,0.012013888888888888,2.150848765432099e-10,-18.32339546582603,12.742138526243375,0.010429174825345451,0.0032277337223446125
0190-3.tif,0.0,175.5374287406788,0.0,0.0853030303030303,4.990817263544536e-05,0.0,0.0,0.012941176470588235,0.013161764705882352,6.55246780084583e-10,45.1568627512929,5.529215360700755,0.017322347139134876,0.005241948101645116
0190-4.tif,0.0,155.03189994320525,0.0,0.09537037037037037,0.0006473936899862826,0.0,0.0,0.013157894736842105,0.013157894736842106,9.401931363496461e-10,39.7605079759087,15.370108604503528,0.010493255434535437,0.003191947711482287
0190-6.tif,0.0,173.0175007204634,0.0,0.08454545454545455,0.0005904499540863177,0.0,0.0,0.014487179487179485,0.012211538461538463,2.4403147600262985e-10,12.409064480673202,6.749418668393911,0.010447314409347888,0.0032627841020913323
0191-1.tif,0.0,174.91877083060265,0.0,0.08966666666666666,0.0002771111111111111,0.0,0.0,0.018583333333333334,0.01353125,4.5062255859375e-09,-33.03232494963754,14.186867332127845,0.018421043313489257,0.005260190196687157
0191-2.tif,0.0,163.40789114632406,0.0,0.08,0.00037929292929292927,0.0,0.0,0.018000000000000002,0.013083333333333334,7.255309606481481e-09,10.369228177735046,6.910176874269043,0.010245641595217516,0.0031122132472148137
0191-3.tif,0.0,172.69883870162212,0.0,0.08075757575757575,0.0005138200183654729,0.0,0.0,0.01920289855072464,0.013967391304347827,2.2606529615626968e-09,-2.190756103579323,3.6388191489457284,0.016707374437896768,0.004873147041453541
0191-4.tif,0.0,147.40956633446007,0.0,0.10145833333333333,0.001379470486111111,0.0,0.0,0.018333333333333333,0.0134375,1.7186957465277778e-09,17.015916469825157,11.133024890274624,0.010517460479960116,0.0031035297182160654
0191-6.tif,0.0,166.59556610134646,0.0,0.08783333333333333,0.0006833611111111113,0.0,0.0,0.01966666666666667,0.014642857142857141,6.400984977324264e-09,3.398191952262728,10.761457314828814,0.010313834559657679,0.0030647253933485104
0192-1.tif,0.0,174.29970995067345,0.0,0.08916666666666667,0.00011402777777777777,0.0,0.0,0.0,0.0,0.0,-6.164581243229394,6.169832677236976,0.011649976474668127,0.0034968179727789287
0192-2.tif,0.0,151.11617638569373,0.0,0.10333333333333333,0.0018965277777777778,0.0,0.0,0.02666666666666667,0.01,0.0,34.69969635789125,14.001058901893856,0.007044720529415941,0.0022008406662158684
0192-3.tif,0.0,162.00438724801037,0.0,0.08533333333333334,0.0005515555555555557,0.0,0.0,0.021666666666666667,0.01,0.0,-39.14929374927653,11.542151832075271,0.010188154625199038,0.003059342736285841
0192-4.tif,0.0,139.48655849220742,0.0,0.11023809523809523,0.0037471655328798186,0.0,0.0,0.0,0.0,0.0,-45.18625802079531,9.203489300182298,0.006079814765915526,0.0018417279297374657
0192-6.tif,0.0,175.6029889330538,0.0,0.08409090909090909,0.00014664830119375576,0.0,0.0,0.028333333333333332,0.010625,1.2538580246913579e-09,11.815933320711238,10.031062487229347,0.006330348048364572,0.0020291324814375586
0193-1.tif,0.0,171.93353043804134,0.0,0.08866666666666667,0.000574888888888889,0.0,0.0,0.018333333333333333,0.01916666666666667,6.7486496913580245e-09,32.95624676626093,14.643620503871158,0.01795186424527684,0.006470977258709439
0193-2.tif,0.0,166.16097939763165,0.0,0.08950000000000001,0.0004278055555555555,0.0,0.0,0.021666666666666667,0.01875,0.0,8.859896792272016,9.570897024968698,0.010613364396352468,0.0037633426811145066
0193-3.tif,0.0,158.3581044853668,0.0,0.08416666666666667,0.00095125,0.0,0.0,0.02,0.015,3.1539351851851854e-10,-43.70322350144476,6.932693159580361,0.016014797776663047,0.005454138190727972
0193-4.tif,0.0,144.5106685796358,0.0,0.09833333333333333,0.0019416666666666666,0.0,0.0,0.011666666666666667,0.01625,0.0,-6.57918869579856,5.881278135912733,0.009667451687795425,0.00325850647846555
0193-6.tif,0.0,165.8322362464922,0.0,0.09083333333333334,0.0006668055555555556,0.0,0.0,0.016666666666666666,0.01875,4.655789399092971e-09,-44.63597684634627,5.259763526663146,0.01021050657583612,0.0034383537503398427
0194-1.tif,0.0,174.2420889324837,0.0,0.08866666666666667,0.00014988888888888886,0.0,0.0,0.014722222222222223,0.010416666666666668,2.700617283950618e-11,-15.069107692251409,9.750433519056042,0.01441579055307425,0.004752594923030699
0194-2.tif,0.0,157.519459640037,0.0,0.08722222222222223,0.0005549382716049383,0.0,0.0,0.015,0.00875,0.0,0.6748479683721331,6.658673790227321,0.009110537051626896,0.0031470016215401253
0194-3.tif,0.0,162.5009090883662,0.0,0.0937037037037037,0.000439368998628258,0.0,0.0,0.0,0.0,0.0,41.22274200352306,13.704122382976546,0.013797703888928533,0.004584947838340265
0194-4.tif,0.0,134.6833671059645,0.0,0.10714285714285715,0.003741043083900226,0.0,0.0,0.014166666666666666,0.01,1.0850694444444444e-12,43.942224667672384,8.263287334179298,0.008593247804967851,0.0028669469462238965
0194-6.tif,0.0,175.288097598677,0.0,0.0846969696969697,0.0005398071625344354,0.0,0.0,0.0,0.0,0.0,-18.66243353052375,9.838886267229674,0.008357212488645982,0.0029299729593346095
0195-1.tif,0.0,173.5954748514168,0.0,0.08983333333333333,0.00024024999999999999,0.0,0.0,0.01763888888888889,0.009583333333333334,7.20472715192044e-10,-5.121412671867659,10.328991632193215,0.017709854991240594,0.005240817617718428
0195-2.tif,0.0,140.99601605439025,0.0,0.09354166666666666,0.003366970486111111,0.0,0.0,0.01783783783783784,0.010641891891891892,4.20452758501745e-09,-44.008644826478864,8.12052868935146,0.009612014608390212,0.0028277929645566862
0195-3.tif,0.0,172.24616993000325,0.0,0.08090909090909092,0.00035977961432506896,0.0,0.0,0.01685185185185185,0.010027777777777778,1.1707733196159123e-09,-21.559801369223607,12.92140393625955,0.01406768658560568,0.00395494188248423
0195-4.tif,0.0,138.17199426801366,0.0,0.10857142857142857,0.0036368480725623583,0.0,0.0,0.01661111111111111,0.010166666666666666,3.6443383487654316e-10,27.941100519266794,25.586622995427234,0.008884576478744657,0.002493149589424183
0195-6.tif,0.0,163.75606858983883,0.0,0.09833333333333333,0.0011567901234567901,0.0,0.0,0.020104166666666666,0.0118359375,1.1776190863715278e-08,44.215783987726084,5.722130677936593,0.008869785154265909,0.0026432766760884053
0196-1.tif,0.0,173.99664747728139,0.0,0.08850000000000001,0.0004858055555555556,0.0,0.0,0.022824074074074073,0.011631944444444445,4.5091835723165296e-09,37.24496660070675,9.433406758204603,0.02522636471685378,0.007737828575493727
0196-2.tif,0.0,167.46737686501686,0.0,0.09166666666666666,0.00024222222222222223,0.0,0.0,0.024774774774774775,0.010337837837837838,5.460722546871195e-09,35.498443110516305,13.268197189170989,0.014456631477147609,0.004426745680318047
0196-3.tif,0.0,168.67597141659903,0.0,0.07848484848484849,0.0004820477502295684,0.0,0.0,0.023489583333333335,0.0112890625,7.155011494954427e-09,-43.05628282694504,8.368703027804038,0.0187562945272227,0.005413817079732507
0196-4.tif,0.0,147.01003577063693,0.0,0.103125,0.002503081597222222,0.0,0.0,0.022916666666666665,0.009479166666666667,8.061764564043209e-10,14.677537238500939,10.487905598783396,0.011179989185028254,0.0032423974787112874
0196-6.tif,0.0,166.43291942000738,0.0,0.091,0.0004078888888888889,0.0,0.0,0.0234375,0.013359375,9.920518663194445e-09,25.46696978125967,12.462791159696184,0.00988664898619259,0.002788872789312699
0197-1.tif,0.0,169.88646126817235,0.0,0.0846969696969697,0.0013418273645546372,0.0,0.0,0.02090909090909091,0.010568181818181819,2.0499741735537188e-10,12.266473242151386,8.392934916806315,0.020739026902988778,0.005678292015098405
0197-2.tif,0.0,167.1816945968202,0.0,0.08966666666666666,0.0006837777777777778,0.0,0.0,0.020555555555555556,0.011666666666666667,5.633921682098765e-10,44.62724851817332,8.616107837608043,0.01213109953158932,0.0034688940953409076
0197-3.tif,0.0,177.25967980011765,0.0,0.07541666666666667,0.0009963541666666667,0.0,0.0,0.021416666666666667,0.015125,3.086056857638889e-09,-1.1467307722249553,3.721403243346841,0.01894665953231613,0.005046134569432546
0197-4.tif,0.0,166.9155277031761,0.0,0.08866666666666667,0.00044322222222222213,0.0,0.0,0.021521739130434783,0.012826086956521739,3.2939344412938453e-09,44.870036208480634,1.855641176577929,0.013217190819647602,0.004238731968449206
0197-6.tif,0.0,178.09617772627817,0.0,0.07777777777777778,0.00012839506172839505,0.0,0.0,0.02380952380952381,0.016964285714285713,1.0384070294784581e-08,-13.870701885927703,9.681415222299403,0.018907544667935358,0.007451152308724498
0198-1.tif,0.0,172.80279383029531,0.0,0.08090909090909092,0.0003496786042240588,0.0,0.0,0.0,0.0,0.0,43.90625392600618,7.973914427604743,0.010791751363421805,0.003236051709575956
0198-2.tif,0.0,154.43231152506655,0.0,0.08600000000000001,0.0011095555555555555,0.0,0.0,0.030833333333333334,0.013125,8.402777777777777e-09,3.884393391867953,3.6858189575330815,0.007131870640588684,0.0022259338974941222
0198-3.tif,0.0,176.4672420025881,0.0,0.088,0.00047377777777777777,0.0,0.0,0.016666666666666666,0.0125,0.0,14.000233782297336,9.281071016146862,0.011276112419495063,0.0034336451831932483
0198-4.tif,0.0,145.47659605586048,0.0,0.08796296296296297,0.001710973936899863,0.0,0.0,0.0,0.0,0.0,10.802238995383238,8.024641104880555,0.006755294793725534,0.0020666263213152407
0198-6.tif,0.0,175.30661631045825,0.0,0.08484848484848484,0.0005471992653810836,0.0,0.0,0.03133333333333333,0.013999999999999999,7.288888888888888e-09,44.717539560085584,4.8553086159055345,0.008041018526736533,0.002603180202118147
0199-1.tif,0.0,164.4623597319309,0.0,0.08633333333333333,0.0006015555555555556,0.0,0.0,0.018333333333333333,0.00875,0.0,5.687582736180632,6.499297306474798,0.016589632265922003,0.005411968416211559
0199-2.tif,0.0,160.7365546476594,0.0,0.09703703703703703,0.0012313443072702332,0.0,0.0,0.0,0.0,0.0,14.854115539519162,7.885328687030186,0.008838562618984223,0.0029073389146719872
0199-3.tif,0.0,153.0609029112268,0.0,0.09055555555555556,0.0010790123456790124,0.0,0.0,0.015,0.0125,0.0,6.479075589339381,8.116308206919886,0.013589891972732944,0.004188083029121331
0199-4.tif,0.0,146.8628317785841,0.0,0.09979166666666667,0.0018579427083333334,0.0,0.0,0.02,0.01375,0.0,6.647815702781992,7.1919781442353035,0.008908119215258473,0.0027813663348103036
0199-6.tif,0.0,173.99351440658805,0.0,0.08333333333333333,0.00046414141414141414,0.0,0.0,0.02361111111111111,0.012291666666666668,3.772424768518519e-10,22.212932069261065,11.520560873412443,0.010212908391207531,0.003289535365189984
0200-1.tif,0.0,171.74276226056483,0.0,0.08866666666666667,0.0012909999999999998,0.0,0.0,0.021666666666666667,0.02,0.0,3.375910067347833,6.586465141714998,0.016535171673428873,0.004734258699930277
0200-2.tif,0.0,161.85042477546978,0.0,0.09944444444444445,0.0019154320987654321,0.0,0.0,0.0,0.0,0.0,29.27048056387942,11.754855213010675,0.009335310539451955,0.0027979316818787063
0200-3.tif,0.0,173.65504999535398,0.0,0.08090909090909092,0.0006123048668503214,0.0,0.0,0.0,0.0,0.0,12.412972413255792,9.05527673908782,0.012953853358292607,0.0036277328836001343
0200-4.tif,0.0,145.00668088057185,0.0,0.11238095238095239,0.003888775510204082,0.0,0.0,0.023333333333333334,0.02125,5.0173611111111115e-09,42.06554030936993,10.890925185221729,0.007903231292297346,0.00218240167868519
0200-6.tif,0.0,165.89880416428713,0.0,0.089,0.000634,0.0,0.0,0.02,0.0125,1.8310546875e-10,5.8784190964003225,4.271115226255288,0.008456942401159158,0.0024673274389478317
0201-1.tif,0.0,180.52092830349494,0.0,0.08681818181818182,0.0011527548209366392,0.0,0.0,0.0,0.0,0.0,44.4850612224301,7.281169523210027,0.019991396375839257,0.006557647038930193
0201-2.tif,0.0,158.65257640517535,0.0,0.0974074074074074,0.0011136488340192045,0.0,0.0,0.014166666666666666,0.010625,4.340277777777778e-12,-41.7436137051018,16.322196084117092,0.010989827745995162,0.0035876877666784685
0201-3.tif,0.0,172.16003133389844,0.0,0.088,0.00017544444444444446,0.0,0.0,0.014285714285714285,0.0125,6.237599206349207e-10,-16.539733437757313,10.6592822151591,0.014372867346374853,0.004521716136810229
0201-4.tif,0.0,144.84884362672696,0.0,0.11238095238095239,0.00397687074829932,0.0,0.0,0.016333333333333335,0.010249999999999999,1.920138888888889e-10,-44.71620016055792,5.792524146014307,0.008943766792759555,0.0028943661107796725
0201-6.tif,0.0,164.7367546939888,0.0,0.08816666666666667,0.0005330277777777778,0.0,0.0,0.017592592592592594,0.010972222222222223,5.296210562414266e-10,6.950904962709776,7.047974488734431,0.009614096950377913,0.003288727197397767
0202-1.tif,0.0,169.8599095987305,0.0,0.07954545454545454,0.00033590449954086314,0.0,0.0,0.01537037037037037,0.011944444444444445,6.241902911141595e-10,40.0846531486093,11.002160008174185,0.01646855923154435,0.005238802136432984
0202-2.tif,0.0,156.6748543959751,0.0,0.09574074074074074,0.0007661179698216737,0.0,0.0,0.015476190476190477,0.011071428571428572,2.9905596497858395e-10,-13.460960136769085,8.571409734067162,0.009666825165867355,0.0031782008424937635
0202-3.tif,0.0,173.14547111220284,0.0,0.08866666666666667,0.00016933333333333335,0.0,0.0,0.015289855072463769,0.01184782608695652,4.920184835118673e-10,-43.38103279112031,9.59014418973056,0.014622839698785573,0.004777347418895581
0202-4.tif,0.0,140.1355928199542,0.0,0.11119047619047619,0.003210090702947846,0.0,0.0,0.015294117647058823,0.011838235294117648,3.117190503652441e-10,37.69277863536576,14.419675483142708,0.008969189703211864,0.0029605156648185474
0202-6.tif,0.0,179.40579107103116,0.0,0.0773611111111111,0.0002784529320987654,0.0,0.0,0.017619047619047618,0.011964285714285714,1.8195728812358279e-09,-45.24960628890475,6.59641537947242,0.00904068210548966,0.002994978387800928
0203-1.tif,0.0,176.44661596081596,0.0,0.08136363636363636,0.00014738292011019284,0.0,0.0,0.016666666666666666,0.011310975609756097,4.548022423821799e-10,-8.595459180929288,10.14153902448028,0.017589064000476683,0.005246938150912802
0203-2.tif,0.0,160.4321975165833,0.0,0.0962962962962963,0.0008560356652949246,0.0,0.0,0.016523809523809524,0.010321428571428572,4.998724489795918e-10,16.38223411331219,8.25011395534951,0.009709193307136982,0.002962670645947713
0203-3.tif,0.0,174.7800204701772,0.0,0.08933333333333333,0.00021844444444444447,0.0,0.0,0.015666666666666666,0.011444444444444445,6.764274691358023e-10,-3.584759696446337,5.2123229690796276,0.014062404595938967,0.004076228139244419
0203-4.tif,0.0,146.4073405775817,0.0,0.11333333333333333,0.004275396825396825,0.0,0.0,0.016481481481481482,0.010833333333333332,5.760513117283951e-10,38.77544181461636,12.397856438144622,0.00864021489975258,0.0024484933702269254
0203-6.tif,0.0,173.59483479259015,0.0,0.08484848484848484,0.0006805325987144169,0.0,0.0,0.018666666666666665,0.01292857142857143,8.168636621315192e-09,-19.875938913353156,8.363561033322817,0.009712114017172039,0.002908676320682041
0204-1.tif,0.0,172.48790215226367,0.0,0.08090909090909092,0.00032038567493112956,0.0,0.0,0.0,0.0,0.0,44.40124432358841,4.410352996145711,0.013386435488465138,0.0041079923762445784
0204-2.tif,0.0,149.05537955015078,0.0,0.10333333333333333,0.0021319444444444446,0.0,0.0,0.02666666666666667,0.0175,0.0,-39.72173396788449,8.608014004260923,0.007404303826218501,0.002271409207796603
0204-3.tif,0.0,170.83737800089952,0.0,0.08045454545454546,0.0003364095500459137,0.0,0.0,0.02666666666666667,0.015,0.0,41.98232921942133,9.561712869854503,0.010872313615637926,0.0032952293677876742
0204-4.tif,0.0,139.6078771953789,0.0,0.11,0.0036746031746031746,0.0,0.0,0.03666666666666667,0.01,0.0,-27.853419005810785,14.840968908106762,0.006729719358711198,0.0020058563580363066
0204-6.tif,0.0,162.256141811506,0.0,0.08015151515151515,0.0005835629017447199,0.0,0.0,0.021666666666666667,0.015357142857142857,5.770975056689343e-09,44.65071662923705,8.538474859846135,0.007516130122672559,0.002311312954099248
0205-1.tif,0.0,170.4896542967409,0.0,0.08045454545454546,0.00032832874196510564,0.0,0.0,0.0,0.0,0.0,22.581919893895716,8.569128570735755,0.012775199708791105,0.0044440156574971764
0205-2.tif,0.0,147.471277806147,0.0,0.10208333333333333,0.0018977430555555555,0.0,0.0,0.0,0.0,0.0,18.011335437042135,7.216882880754426,0.007894233052501016,0.0028309892158275966
0205-3.tif,0.0,151.94090956684445,0.0,0.099375,0.0008603732638888889,0.0,0.0,0.0,0.0,0.0,-10.34182677035567,8.837990488652439,0.011560400446884375,0.004134591768616145
0205-4.tif,0.0,133.77852547233064,0.0,0.12166666666666667,0.0059629629629629624,0.0,0.0,0.0,0.0,0.0,44.404601914878384,5.114152940240827,0.007187782468309554,0.0024912352692510356
0205-6.tif,0.0,167.48001539155516,0.0,0.09216666666666666,0.0008305833333333331,0.0,0.0,0.0,0.0,0.0,-24.767296344895083,10.459827490607003,0.007800240529275957,0.0028784249212158164
0206-1.tif,0.0,170.01770741112037,0.0,0.08,0.00037777777777777777,0.0,0.0,0.019333333333333334,0.01075,1.7371527777777778e-09,-3.8896572989698375,13.215663688129073,0.01487300768913143,0.004629085406512268
0206-2.tif,0.0,139.73864493721445,0.0,0.0925,0.0031305555555555557,0.0,0.0,0.0,0.0,0.0,7.623557175309078,7.909015667495304,0.009384803534714251,0.0031367387427555524
0206-3.tif,0.0,166.35454520614638,0.0,0.09033333333333333,0.0005376666666666668,0.0,0.0,0.015833333333333335,0.0134375,2.095269097222222e-09,7.724023369249417,9.2379561038911,0.014200629358948861,0.004604875203865954
0206-4.tif,0.0,132.3951825974042,0.0,0.10571428571428572,0.003987981859410431,0.0,0.0,0.023333333333333334,0.01125,0.0,-7.371427439853055,6.870558210631254,0.008987206157593387,0.002963209965509967
0206-6.tif,0.0,167.91780396637185,0.0,0.09283333333333334,0.0008183611111111112,0.0,0.0,0.02666666666666667,0.00875,0.0,-37.510829250062976,14.882423229862841,0.00933167762993359,0.003127371271387719
0207-1.tif,0.0,171.54500138447636,0.0,0.08060606060606061,0.0009137741046831957,0.0,0.0,0.0,0.0,0.0,44.05540880750884,10.825334431633738,0.02610157304167934,0.011198178310565183
0207-2.tif,0.0,140.99128770912245,0.0,0.10571428571428572,0.0025149659863945577,0.0,0.0,0.023333333333333334,0.01875,0.0,44.36724951497669,8.09926000108422,0.015788963867174134,0.0070570104268906685
0207-3.tif,0.0,172.24393232338323,0.0,0.08075757575757575,0.0009314967860422407,0.0,0.0,0.024074074074074074,0.024027777777777776,1.904974708504801e-08,18.72189211200005,8.461289085249245,0.024147089197249297,0.010306481341373947
0207-4.tif,0.0,144.59256550735935,0.0,0.0874074074074074,0.001797599451303155,0.0,0.0,0.0,0.0,0.0,42.73232235784961,7.5358366109873485,0.015676998563657417,0.00694785014088016
0207-6.tif,0.0,169.03377374556445,0.0,0.0935,0.0015063611111111113,0.0,0.0,0.028533333333333334,0.0195,3.992580555555555e-08,39.45230499050003,10.747742301104378,0.016718457980930662,0.007210353841402653
0208-1.tif,0.0,175.41338080849667,0.0,0.08575757575757575,0.0006693755739210285,0.0,0.0,0.015833333333333335,0.010625,4.123263888888889e-11,-44.97944871395201,3.031140296752139,0.016560692993291354,0.004938222368874255
0208-2.tif,0.0,142.64832003874614,0.0,0.10666666666666667,0.002184126984126984,0.0,0.0,0.017666666666666667,0.01,7.98611111111111e-12,1.9007911841014558,6.372632695396941,0.008933439117991642,0.0026541559373313836
0208-3.tif,0.0,175.42274336268056,0.0,0.08883333333333333,0.00039502777777777773,0.0,0.0,0.016666666666666666,0.01,0.0,36.433411093273605,12.671739487796229,0.013711998109138182,0.00400959551335992
0208-4.tif,0.0,142.7874294186992,0.0,0.11380952380952382,0.0037854875283446715,0.0,0.0,0.016666666666666666,0.010833333333333332,2.035108024691358e-10,6.4411212166580984,9.751416682258101,0.008781870555729269,0.002521279844385944
0208-6.tif,0.0,174.45540261052392,0.0,0.08484848484848484,0.0006815426997245178,0.0,0.0,0.02375,0.0096875,2.5282118055555554e-10,31.231186443329165,12.069677795018778,0.008938162185982144,0.0027113669673213014
0209-1.tif,0.0,171.25133819428487,0.0,0.08700000000000001,0.00015322222222222224,0.0,0.0,0.0,0.0,0.0,18.741910716698882,10.982817507649171,0.016011530088179994,0.005277231244565391
0209-2.tif,0.0,139.4975994306482,0.0,0.10428571428571429,0.002076077097505669,0.0,0.0,0.018333333333333333,0.00875,0.0,44.52274811590687,5.277746668315354,0.008769628049712808,0.00273974577084034
0209-3.tif,0.0,172.11743003607225,0.0,0.0875,0.0002584722222222222,0.0,0.0,0.0,0.0,0.0,-20.88436321730776,9.086234784750502,0.012917232837227136,0.003975134172053636
0209-4.tif,0.0,136.6797694430306,0.0,0.10738095238095238,0.0033356009070294786,0.0,0.0,0.0,0.0,0.0,44.57571166867433,5.156284002732266,0.00805645324295187,0.0024142808987619563
0209-6.tif,0.0,170.8934853449169,0.0,0.08181818181818182,0.00024063360881542697,0.0,0.0,0.023333333333333334,0.011041666666666667,5.127555941358023e-10,-34.10922025080195,10.728848315442058,0.00821933686805616,0.0025523482558378547
0210-1.tif,0.0,170.30224357496488,0.0,0.07909090909090909,0.00029260789715335173,0.0,0.0,0.016694444444444446,0.011270833333333334,1.4308400848765427e-09,38.217085783398964,12.523244945293095,0.023456822244547416,0.007652838404240589
0210-2.tif,0.0,158.7724472318796,0.0,0.09537037037037037,0.001196159122085048,0.0,0.0,0.018958333333333334,0.01171875,2.492336697048611e-09,7.564506510463625,7.030720799106171,0.013052142049926765,0.00424405833384838
0210-3.tif,0.0,170.00849651970012,0.0,0.08015151515151515,0.00023558310376492196,0.0,0.0,0.017769953051643195,0.01147887323943662,1.4709968535784348e-09,-13.998855442047955,8.034695796549503,0.020838629961820933,0.0068772014210584
0210-4.tif,0.0,147.028425907004,0.0,0.10166666666666667,0.002897222222222222,0.0,0.0,0.01761437908496732,0.011715686274509805,1.7930103005254387e-09,38.67865242732501,12.555676003293957,0.011027350634420396,0.00345443727901628
0210-6.tif,0.0,168.8798060423119,0.0,0.09316666666666666,0.0008246944444444444,0.0,0.0,0.01745762711864407,0.012076271186440677,1.5659562625682276e-09,44.7948211855,5.633598156193564,0.01159491042759979,0.0036043822200627937
0211-1.tif,0.0,167.035654044944,0.0,0.07833333333333334,0.0002939393939393939,0.0,0.0,0.019166666666666665,0.009375,2.1782769097222222e-10,45.462947512907604,3.914026081750178,0.017562421359067278,0.006022836705816115
0211-2.tif,0.0,148.89900463148473,0.0,0.10458333333333333,0.0021373263888888887,0.0,0.0,0.0225,0.0075,3.1358506944444447e-10,-44.95919651364832,4.719425232337555,0.010318256571510512,0.0035736284764819933
0211-3.tif,0.0,170.42658895319775,0.0,0.08666666666666667,0.00017666666666666666,0.0,0.0,0.023333333333333334,0.01125,2.5e-09,-28.4039852989847,9.205934784080988,0.014389750239990722,0.004679861713671406
0211-4.tif,0.0,137.01362842797792,0.0,0.10785714285714285,0.004050566893424036,0.0,0.0,0.018333333333333333,0.00875,0.0,10.38282034957618,8.919386637950216,0.008180202701833242,0.0025833083653227945
0211-6.tif,0.0,162.91314930009804,0.0,0.091,0.0009878888888888888,0.0,0.0,0.020833333333333332,0.00875,3.1358506944444447e-10,-33.829858972702944,15.159638120125118,0.007634829426326581,0.002432059364668528
0212-1.tif,0.0,162.15842676808634,0.0,0.08516666666666667,0.00083525,0.0,0.0,0.0,0.0,0.0,45.06895974284913,2.89730110169908,0.018210554644919295,0.006383810064525291
0212-2.tif,0.0,148.48477496047104,0.0,0.101875,0.002048220486111111,0.0,0.0,0.0,0.0,0.0,38.518820874188684,11.285110019168524,0.009702245482507149,0.0032826503726438036
0212-3.tif,0.0,162.2733129604913,0.0,0.09333333333333334,0.00041481481481481485,0.0,0.0,0.0,0.0,0.0,-43.79773203624375,10.508981262135443,0.014614036460861325,0.0047492888189007805
0212-4.tif,0.0,134.54367320688104,0.0,0.12277777777777779,0.00635432098765432,0.0,0.0,0.016666666666666666,0.0075,0.0,-44.994989924371495,6.340909164661718,0.008985962930740622,0.00279333918004646
0212-6.tif,0.0,176.37923102251773,0.0,0.0846969696969697,0.0005064738292011019,0.0,0.0,0.017222222222222222,0.009791666666666666,1.8614969135802471e-10,42.308295304932614,8.801974338085579,0.009231336737179836,0.003036850409951614
0213-1.tif,0.0,175.07609456715926,0.0,0.0853030303030303,4.33425160697888e-05,0.0,0.0,0.0,0.0,0.0,44.60088671329418,10.412574253905944,0.012067900430305905,0.0039019630411905766
0213-2.tif,0.0,138.28481969480487,0.0,0.091875,0.002598220486111111,0.0,0.0,0.02,0.0125,0.0,-39.78995658550941,11.41874185552191,0.007769220555039171,0.0025639557707272317
0213-3.tif,0.0,169.37573288074324,0.0,0.07954545454545454,0.00024348025711662074,0.0,0.0,0.0,0.0,0.0,-19.50164401715743,8.767707078455475,0.01216234891520373,0.003984462061533702
0213-4.tif,0.0,137.07548103143756,0.0,0.1080952380952381,0.00328843537414966,0.0,0.0,0.0,0.0,0.0,10.455326880005005,13.55576182656086,0.007900680062540704,0.0025369124730301954
0213-6.tif,0.0,174.61138592507237,0.0,0.08424242424242424,0.0005299816345270892,0.0,0.0,0.021666666666666667,0.006875,3.1358506944444447e-10,-38.59646878858583,13.323229502066496,0.008252126918186926,0.002752776506391627
0214-1.tif,0.0,149.1761200490863,0.0,0.0746969696969697,0.0010160697887970616,0.0,0.0,0.013333333333333334,0.0125,0.0,6.738872724853652,7.503916592434415,0.014118200384766135,0.004595136238493863
0214-2.tif,0.0,166.51443736577218,0.0,0.089,0.0004906666666666667,0.0,0.0,0.01611111111111111,0.01,7.040895061728397e-11,12.443822564834836,7.3121345933402075,0.010064628059070284,0.003434024451836182
0214-3.tif,0.0,170.45698382094332,0.0,0.07909090909090909,0.000324931129476584,0.0,0.0,0.014375,0.01234375,8.673773871527777e-11,-11.318708534716032,7.764705194066065,0.01624361211295877,0.0054169465283499625
0214-4.tif,0.0,148.00709025392027,0.0,0.10166666666666667,0.0021138888888888887,0.0,0.0,0.0,0.0,0.0,46.541015061767126,6.260339357028582,0.008255734693548402,0.002745885118186812
0214-6.tif,0.0,181.2421310268989,0.0,0.07902777777777778,0.00023169367283950616,0.0,0.0,0.01625,0.011875,3.7240487557870372e-09,-29.363926523517172,13.306872099786938,0.01057587014267681,0.0035590839326805367
0215-1.tif,0.0,167.78729507590523,0.0,0.07833333333333334,0.00028636363636363636,0.0,0.0,0.01388888888888889,0.012083333333333333,1.8614969135802471e-10,-45.07341891339422,6.457811533585368,0.01693924533963037,0.005565747484594392
0215-2.tif,0.0,146.77983849171628,0.0,0.10166666666666667,0.0020729166666666665,0.0,0.0,0.022083333333333333,0.010625,7.427300347222222e-09,43.54359167526611,7.075849200913099,0.010053120879169262,0.0034338236640676753
0215-3.tif,0.0,175.62956202062213,0.0,0.08454545454545455,3.489439853076217e-05,0.0,0.0,0.017222222222222222,0.01125,4.890046296296297e-10,-27.60202370217631,13.770302936937759,0.01749271424255753,0.006154611239121179
0215-4.tif,0.0,145.1906367079307,0.0,0.10041666666666667,0.0020505208333333334,0.0,0.0,0.015833333333333335,0.009375,3.90625e-11,-39.237183286397936,13.514983245428247,0.010216932288139415,0.0034741617861570825
0215-6.tif,0.0,168.21258045170765,0.0,0.09333333333333334,0.0009983333333333333,0.0,0.0,0.030208333333333334,0.010625,5.157063802083334e-09,-2.1960601704410756,8.767952231742926,0.011515718916279338,0.004181753776832906
0216-1.tif,0.0,171.23108168008906,0.0,0.08075757575757575,0.0002749311294765841,0.0,0.0,0.014444444444444444,0.010833333333333332,3.858024691358025e-12,42.357781748432956,9.339173435421294,0.0138406257144493,0.004286439927517558
0216-2.tif,0.0,149.6985448192054,0.0,0.105,0.001776388888888889,0.0,0.0,0.0,0.0,0.0,-39.628457858857914,13.968380356243173,0.008162424898315875,0.0026907686056566326
0216-3.tif,0.0,165.15672270772254,0.0,0.08399999999999999,0.0004756666666666667,0.0,0.0,0.02,0.010625,9.765625e-12,-43.72976609337825,7.1247404820334745,0.012741100080711524,0.004075951793780323
0216-4.tif,0.0,133.6495569825529,0.0,0.11972222222222222,0.006514274691358025,0.0,0.0,0.016666666666666666,0.01,0.0,-41.34875752493215,9.301584794864608,0.0081530239467331,0.0025806076861012387
0216-6.tif,0.0,169.20886173273811,0.0,0.08121212121212121,0.00031519742883379245,0.0,0.0,0.0,0.0,0.0,-10.555240696423006,8.150764583572979,0.008388677982940294,0.0027950137069848867
0217-1.tif,0.0,145.12026047385666,0.0,0.08537037037037037,0.0010912208504801097,0.0,0.0,0.02,0.0075,0.0,-25.282893880129112,9.994673551203078,0.010210645746633027,0.0031603569684144624
0217-2.tif,0.0,145.88969281322036,0.0,0.101875,0.002032248263888889,0.0,0.0,0.018333333333333333,0.00875,0.0,-42.41153351436479,8.49104055956364,0.006045517546986104,0.0019934696472701688
0217-3.tif,0.0,140.6946610725545,0.0,0.094375,0.0023069010416666667,0.0,0.0,0.02,0.01,0.0,-13.276047275531726,9.3254991941524,0.009325967665567307,0.0029372210253930217
0217-4.tif,0.0,130.39225011053722,0.0,0.13466666666666666,0.010203777777777777,0.0,0.0,0.0,0.0,0.0,-44.69254592445528,9.4792312926667,0.00598051224224261,0.001837774284880927
0217-6.tif,0.0,174.09848943534413,0.0,0.08393939393939394,0.0005334710743801653,0.0,0.0,0.019444444444444445,0.01125,3.5397376543209877e-10,-32.41597606876609,12.972198207638403,0.006381229351563871,0.0021269612883468656
0218-1.tif,0.0,165.99387621881948,0.0,0.09266666666666667,0.0003562222222222222,0.0,0.0,0.0,0.0,0.0,42.97961747566907,8.440314325585058,0.01017324159430828,0.003090573956252871
0218-2.tif,0.0,139.6105694820815,0.0,0.105,0.0022952380952380954,0.0,0.0,0.0,0.0,0.0,5.831238184011862,4.698780685434164,0.0065989690279266554,0.002006653280372521
0218-3.tif,0.0,149.14234811078978,0.0,0.0887037037037037,0.0012338134430727025,0.0,0.0,0.0,0.0,0.0,20.37383664001948,9.32853367528392,0.009493281719354275,0.002871479839288093
0218-4.tif,0.0,135.08567240417798,0.0,0.14266666666666666,0.010714,0.0,0.0,0.0,0.0,0.0,42.46966928925349,7.182852946666731,0.006402172634976241,0.0019516331613765158
0218-6.tif,0.0,167.984188244013,0.0,0.09283333333333334,0.0008066944444444444,0.0,0.0,0.020833333333333332,0.010625,1.833767361111111e-10,-20.341235900733814,9.126646739345473,0.007177037312842442,0.0023335502101195786
0219-1.tif,0.0,166.18022676779282,0.0,0.09216666666666666,0.00028169444444444444,0.0,0.0,0.0,0.0,0.0,43.886830393918665,6.221846723202866,0.01675131856599012,0.006342870102015445
0219-2.tif,0.0,157.70063411413412,0.0,0.095,0.001178395061728395,0.0,0.0,0.0,0.0,0.0,-44.23196405374095,5.1822833787876155,0.008745313355707525,0.0030612178451168153
0219-3.tif,0.0,153.57551888240522,0.0,0.09425925925925926,0.0008340192043895748,0.0,0.0,0.0,0.0,0.0,-44.542380467296034,12.069270130230763,0.012527780640386108,0.004252623298293589
0219-4.tif,0.0,137.72525148991082,0.0,0.12277777777777779,0.00704320987654321,0.0,0.0,0.0,0.0,0.0,-38.30108051444526,12.711764222332407,0.007694433727605962,0.0025005114262701277
0219-6.tif,0.0,172.2142359259407,0.0,0.08393939393939394,0.000564279155188246,0.0,0.0,0.0,0.0,0.0,18.577406841557426,10.902348146300154,0.008388959565079943,0.002804436151384155
0220-1.tif,0.0,170.80030168461516,0.0,0.08045454545454546,0.00026267217630853996,0.0,0.0,0.0,0.0,0.0,43.038645042282845,6.8292082660146205,0.012632917879885736,0.004102099216495149
0220-2.tif,0.0,139.35566009315875,0.0,0.09270833333333334,0.0024131510416666667,0.0,0.0,0.0,0.0,0.0,-44.31834114997245,9.65755701389213,0.007083312196474174,0.002240074874803463
0220-3.tif,0.0,159.63372331633033,0.0,0.08433333333333333,0.0005556666666666668,0.0,0.0,0.0,0.0,0.0,28.435630755095783,17.285776826558628,0.009809698269997294,0.0029024324982940717
0220-4.tif,0.0,143.32518751077913,0.0,0.11214285714285716,0.0037981859410430837,0.0,0.0,0.0,0.0,0.0,18.42710509423331,9.697015376918154,0.005531100467966579,0.0016318276101814709
0220-6.tif,0.0,167.2819167436262,0.0,0.08966666666666666,0.00041433333333333334,0.0,0.0,0.0,0.0,0.0,6.132654142197145,7.417762658085373,0.0060648202302196925,0.0019696024351834743
0221-1.tif,0.0,153.06799142864585,0.0,0.100625,0.001690234375,0.0,0.0,0.0,0.0,0.0,42.43399056696721,9.850384029411263,0.012390397939854206,0.0041525335995188
0221-2.tif,0.0,159.65036799205944,0.0,0.09814814814814814,0.0011120027434842249,0.0,0.0,0.023333333333333334,0.01,0.0,16.884649084529297,10.208839606765512,0.007993254873157175,0.0027770223742527756
0221-3.tif,0.0,146.31936995726628,0.0,0.099375,0.0012319010416666667,0.0,0.0,0.018333333333333333,0.00875,0.0,40.46832915321825,9.50940369565602,0.012100843049036268,0.004069312419815171
0221-4.tif,0.0,138.6376866629897,0.0,0.1225,0.007082175925925927,0.0,0.0,0.0,0.0,0.0,39.18354900289723,13.388633261474803,0.007697827916585627,0.0025672395392781116
0221-6.tif,0.0,179.29083658021304,0.0,0.07371794871794872,0.0003171597633136095,0.0,0.0,0.027916666666666666,0.0096875,4.788140190972222e-09,38.976210348643605,11.209293457355747,0.009068961998448045,0.0031556751676769996
0222-1.tif,0.0,175.97602714624944,0.0,0.07597222222222223,0.0005756751543209876,0.0,0.0,0.028888888888888888,0.015416666666666667,1.658950617283951e-10,43.10591389696115,8.43514087189702,0.013598702801321621,0.003626388645199885
0222-2.tif,0.0,177.55202680403912,0.0,0.08483333333333333,0.0003130277777777778,0.0,0.0,0.03333333333333333,0.01375,1.2543402777777779e-09,2.8801604341024847,5.255692546457431,0.00850264861138094,0.002407653175641611
0222-3.tif,0.0,182.42102009206224,0.0,0.07527777777777778,0.00028233024691358026,0.0,0.0,0.03,0.010833333333333332,7.508680555555556e-09,-43.372736595743746,8.616202351282702,0.013033172990045342,0.003408747787111932
0222-4.tif,0.0,173.2040383157647,0.0,0.08196969696969697,0.00038728191000918276,0.0,0.0,0.025,0.01,3.90625e-11,37.958753339673535,14.817500463058629,0.008002058095294352,0.002150369785598735
0222-6.tif,0.0,176.27606190291408,0.0,0.09366666666666668,0.0004587777777777778,0.0,0.0,0.030416666666666668,0.014375,4.901258680555556e-09,-20.81528968029973,10.784771376935025,0.008503967424938213,0.0024163060774418407
0223-1.tif,0.0,168.9361113623201,0.0,0.08,0.0003085858585858586,0.0,0.0,0.0,0.0,0.0,15.415461933694322,9.212343357788114,0.01410313180114676,0.0046756507642621
0223-2.tif,0.0,171.79436997630498,0.0,0.08439393939393938,8.448117539026631e-05,0.0,0.0,0.02,0.01375,0.0,-44.41703773948741,11.615130028743392,0.009815459011416306,0.0034089040706850736
0223-3.tif,0.0,136.62610057388264,0.0,0.09208333333333334,0.002675520833333333,0.0,0.0,0.025833333333333333,0.01375,3.90625e-11,-39.09551560780713,11.657040979928569,0.012377409937023055,0.004317769417057556
0223-4.tif,0.0,134.59656152740308,0.0,0.1080952380952381,0.0029955782312925173,0.0,0.0,0.0,0.0,0.0,-44.06927992422997,3.5479129116811805,0.009029008184300276,0.0031096184503594583
0223-6.tif,0.0,137.34758598169827,0.0,0.10785714285714285,0.007097392290249434,0.0,0.0,0.0,0.0,0.0,-43.97841260946437,6.211677639862205,0.0066377142730620585,0.0024578147943212815
0224-1.tif,0.0,159.95986066758556,0.0,0.0937037037037037,0.000885048010973937,0.0,0.0,0.0,0.0,0.0,9.46575621949777,8.080376089153843,0.015165738827177885,0.004657925022804463
0224-2.tif,0.0,151.36552005379897,0.0,0.08399999999999999,0.001311777777777778,0.0,0.0,0.018333333333333333,0.01125,0.0,-26.592534650619182,10.759979367739813,0.008500119301295454,0.0026970253766092234
0224-3.tif,0.0,142.39929775107743,0.0,0.08796296296296297,0.0013103566529492456,0.0,0.0,0.021666666666666667,0.01125,0.0,1.9745076426757961,6.555127477570623,0.012333522269527455,0.0037275286550699435
0224-4.tif,0.0,136.81657615290658,0.0,0.12222222222222222,0.008946913580246914,0.0,0.0,0.0,0.0,0.0,24.92255041264542,11.846322956514335,0.007214261645489173,0.002140415470107328
0224-6.tif,0.0,163.54567404856664,0.0,0.09216666666666666,0.0007833611111111112,0.0,0.0,0.0,0.0,0.0,9.58312797580514,9.165355381308562,0.007554280802094269,0.0023336979798068967
0227-1.tif,0.0,179.60378847155016,0.0,0.08727272727272728,0.00034811753902662997,0.0,0.0,0.014074074074074074,0.011944444444444445,2.936385459533608e-10,46.551038667760444,8.214398193716011,0.014796752760051343,0.0052523416021919575
0227-2.tif,0.0,148.1479074072118,0.0,0.104375,0.002108984375,0.0,0.0,0.015,0.0121875,5.929226345486111e-10,-2.681757212893845,6.771356812427802,0.009293350253337548,0.003500032001229303
0227-3.tif,0.0,171.9840714523683,0.0,0.08783333333333333,0.00018336111111111114,0.0,0.0,0.013666666666666666,0.0125,5.798611111111112e-11,-9.791885145194511,8.613399143591906,0.014585898533198022,0.005434008313946715
0227-4.tif,0.0,135.30700046560784,0.0,0.10642857142857143,0.003703514739229024,0.0,0.0,0.013333333333333334,0.0121875,6.293402777777778e-11,11.056092619067222,10.941106522620704,0.008493792395513445,0.0030490178197656167
0227-6.tif,0.0,173.3192902965186,0.0,0.08424242424242424,0.0005052341597796143,0.0,0.0,0.015555555555555557,0.011458333333333333,6.99387538580247e-10,10.217857535075687,9.900961209301583,0.009587964777892111,0.00367056048590068
0228-1.tif,0.0,170.98464843371173,0.0,0.08883333333333333,0.0010355833333333332,0.0,0.0,0.014242424242424242,0.011704545454545454,5.914861505681818e-10,0.10314050779096162,4.066097362764178,0.017294532781784132,0.005119450169301009
0228-2.tif,0.0,148.98392530739685,0.0,0.09314814814814815,0.0023070644718792867,0.0,0.0,0.014122807017543858,0.011973684210526317,5.300068290243151e-10,40.89217690635787,10.389953621460041,0.008197230839348443,0.002370984926019452
0228-3.tif,0.0,160.368944459666,0.0,0.0925925925925926,0.0003982167352537723,0.0,0.0,0.014121212121212121,0.0115,5.055670339761249e-10,-15.448247145485901,12.194653648743476,0.01160771412006479,0.0032362906996506887
0228-4.tif,0.0,134.12513194926657,0.0,0.12194444444444445,0.006063348765432098,0.0,0.0,0.014801587301587302,0.011964285714285714,5.075172430083144e-10,18.142518192606065,9.216281757545124,0.005991630720929192,0.0016399884748452918
0228-6.tif,0.0,174.29190640719165,0.0,0.08393939393939394,0.0005152892561983471,0.0,0.0,0.016041666666666666,0.011328125,7.517647448881175e-10,-44.11468395064666,7.323137117905606,0.007717319280633888,0.0022042369723546612
0229-1.tif,0.0,177.82567931044778,0.0,0.08606060606060606,0.0003834710743801653,0.0,0.0,0.013409090909090909,0.011988636363636365,1.8100034435261705e-10,-37.55788888287512,14.468005024260464,0.020910892458844005,0.008660709589113387
0229-2.tif,0.0,136.19004513936298,0.0,0.09041666666666667,0.0027005208333333334,0.0,0.0,0.013690476190476189,0.012053571428571427,3.1896612811791385e-10,3.372405985065527,7.548968712648835,0.012890821745210217,0.005593854345547688
0229-3.tif,0.0,174.11643387221866,0.0,0.07909090909090909,0.00022594123048668506,0.0,0.0,0.013174603174603176,0.011666666666666667,1.584545855379189e-10,10.736112767319911,8.09714325984492,0.01913068933910378,0.008025661679854959
0229-4.tif,0.0,132.63022095361254,0.0,0.11944444444444445,0.0070200617283950615,0.0,0.0,0.014047619047619048,0.012321428571428572,1.817823483560091e-10,-33.923449206308156,12.859332956862405,0.011973181854389973,0.005005157762134359
0229-6.tif,0.0,156.07833379746126,0.0,0.09777777777777777,0.0009969135802469135,0.0,0.0,0.014523809523809522,0.01125,1.5554138321995466e-10,-17.452122420777425,6.31480672963891,0.012226814798907549,0.005231411513704208
0230-1.tif,0.0,177.40703040711162,0.0,0.08075757575757575,0.0002032139577594123,0.0,0.0,0.0,0.0,0.0,-44.28585932032327,6.870078226450281,0.014100110696311167,0.00452378342712328
0230-2.tif,0.0,138.31347470131251,0.0,0.10380952380952381,0.0020878684807256243,0.0,0.0,0.0,0.0,0.0,-8.009800740041346,10.12845134064235,0.008277669340598924,0.0026553592798772797
0230-3.tif,0.0,156.6036213338505,0.0,0.08216666666666667,0.0006883611111111112,0.0,0.0,0.0,0.0,0.0,-10.441048575283176,10.26452903326309,0.011879958929743943,0.0038730077098516236
0230-4.tif,0.0,131.12745007535725,0.0,0.11805555555555555,0.006277237654320987,0.0,0.0,0.0,0.0,0.0,22.56367160761041,8.795677096632058,0.007620533041107664,0.002404289127762323
0230-6.tif,0.0,169.42752875492224,0.0,0.08136363636363636,0.0002554637281910009,0.0,0.0,0.013333333333333334,0.0125,0.0,-31.182113214207487,13.28688296902585,0.008706773467167828,0.0028443322760241794
0231-1.tif,0.0,178.2065554038035,0.0,0.089,0.0003734444444444444,0.0,0.0,0.015535714285714285,0.010133928571428572,2.6799000850340137e-10,10.62061170723579,8.203094240133812,0.01537322823378436,0.005100746790759047
0231-2.tif,0.0,151.77825931272238,0.0,0.09729166666666667,0.001196484375,0.0,0.0,0.015,0.010875,3.8320312499999994e-10,41.445861012271244,8.239361054658746,0.008896342969499642,0.0030742422372706615
0231-3.tif,0.0,176.3162405074095,0.0,0.088,0.00026544444444444445,0.0,0.0,0.014583333333333334,0.0096875,4.340277777777778e-11,-40.16736791623129,11.37049650378214,0.013758773157547862,0.0047216471490031785
0231-4.tif,0.0,143.56047288512252,0.0,0.11166666666666666,0.003834126984126984,0.0,0.0,0.016333333333333335,0.009250000000000001,9.131944444444444e-11,43.22900632554649,11.753788119306872,0.007768180775698427,0.002586005243426257
0231-6.tif,0.0,165.00438261146803,0.0,0.08833333333333333,0.00047277777777777775,0.0,0.0,0.017619047619047618,0.012678571428571428,4.69812925170068e-10,-44.64518512876371,9.012936652984779,0.008575013070886227,0.0030046504555785694
0232-1.tif,0.0,180.11655177196297,0.0,0.08727272727272728,0.00044256198347107433,0.0,0.0,0.01625,0.0109375,1.5950520833333333e-09,34.592965717745436,12.362978276561625,0.01397841875437076,0.004467145947473691
0232-2.tif,0.0,169.18360118253455,0.0,0.09083333333333334,0.0004490277777777778,0.0,0.0,0.016,0.01125,5.9375e-10,13.614321558303695,8.458634194443492,0.008831432620261634,0.0029159722456056727
0232-3.tif,0.0,175.11607261724689,0.0,0.08933333333333333,0.00021177777777777777,0.0,0.0,0.017222222222222222,0.01425,7.280555555555559e-09,-25.910275999649063,13.197148672024518,0.013643631303124895,0.004559543320585918
0232-4.tif,0.0,151.47863802456695,0.0,0.10333333333333333,0.0021243055555555555,0.0,0.0,0.019166666666666665,0.009375,2.712673611111111e-11,45.54549863690365,5.2701139540183695,0.007887264453210321,0.002593800929138047
0232-6.tif,0.0,174.02256798089917,0.0,0.08439393939393938,0.0006683195592286502,0.0,0.0,0.01888888888888889,0.015208333333333332,2.4617513020833335e-09,-10.841393123525688,12.393595757704528,0.00886738300122374,0.0030190317471556196
0233-1.tif,0.0,173.5916944697784,0.0,0.08378787878787879,4.044995408631773e-05,0.0,0.0,0.0,0.0,0.0,-35.291711490145474,14.204224108989813,0.014460540275369605,0.0045791754425408985
0233-2.tif,0.0,151.63775914988986,0.0,0.09770833333333333,0.001304123263888889,0.0,0.0,0.0,0.0,0.0,-41.60271532765268,10.178981336641998,0.009183560357364654,0.0031188690996946412
0233-3.tif,0.0,169.59483990446824,0.0,0.0796969696969697,0.0002665748393021121,0.0,0.0,0.0,0.0,0.0,27.04122746450495,13.744707399693327,0.013691493061251267,0.004377541550001267
0233-4.tif,0.0,139.511847366292,0.0,0.09625,0.001693576388888889,0.0,0.0,0.0,0.0,0.0,-16.38077648034301,7.677217699889263,0.00889400085411661,0.0028734813049735974
0233-6.tif,0.0,175.959617475853,0.0,0.08484848484848484,0.0005562901744719927,0.0,0.0,0.0,0.0,0.0,7.450236376376966,7.349312364790588,0.008924548760383854,0.0030088798304055133
0234-1.tif,0.0,160.6229093506417,0.0,0.08483333333333333,0.0006485833333333332,0.0,0.0,0.0,0.0,0.0,45.235618015836614,9.571782307240905,0.01374552530559909,0.004426395759522576
0234-2.tif,0.0,163.8254967592949,0.0,0.08866666666666667,0.0006276666666666666,0.0,0.0,0.0,0.0,0.0,3.6941798908104313,8.468996634032472,0.009083491055126045,0.003111926566446372
0234-3.tif,0.0,150.96824169341045,0.0,0.08925925925925926,0.0012920438957475992,0.0,0.0,0.0,0.0,0.0,-34.55943930036197,17.181740778822096,0.013091384646803933,0.004348996994219334
0234-4.tif,0.0,138.7430454223246,0.0,0.12277777777777779,0.006786728395061729,0.0,0.0,0.0,0.0,0.0,-26.037629600008184,21.143727249680463,0.007302442895538007,0.0023356092311131046
0234-6.tif,0.0,176.0923977472585,0.0,0.08439393939393938,0.0005774104683195591,0.0,0.0,0.025555555555555557,0.007916666666666666,1.320408950617284e-09,1.8962831039940726,6.651193664368912,0.008882216188616827,0.0030916254666819173
0235-1.tif,0.0,148.47545251656922,0.0,0.096875,0.000999609375,0.0,0.0,0.018333333333333333,0.01125,0.0,-30.08099603962204,19.949736539879765,0.016044442502326044,0.005039045033600049
0235-2.tif,0.0,149.1620672759988,0.0,0.08666666666666667,0.0013166666666666667,0.0,0.0,0.031111111111111114,0.011458333333333333,1.0763406635802469e-08,-38.44336007066145,12.294493292993936,0.010196189528394009,0.0032675300712479718
0235-3.tif,0.0,142.09655906729563,0.0,0.10833333333333334,0.0030992063492063494,0.0,0.0,0.03222222222222222,0.012083333333333333,2.286844135802469e-09,41.00127657570792,10.474618908555259,0.014736980142659914,0.004607308696450591
0235-4.tif,0.0,132.04938470133058,0.0,0.16416666666666666,0.011486805555555556,0.0,0.0,0.025,0.01125,0.0,37.26663238820856,13.94519701665379,0.009405729832419772,0.0029692938691410226
0235-6.tif,0.0,175.7699530320495,0.0,0.09366666666666668,0.0009515555555555557,0.0,0.0,0.033,0.008,7.222222222222222e-10,-7.960340936603103,7.517483248067369,0.009934458136453703,0.0031891745160400812
0236-1.tif,0.0,171.18013578943348,0.0,0.08,0.0002909090909090909,0.0,0.0,0.0,0.0,0.0,3.184142223986202,8.413943492198367,0.015374395695163131,0.004753007500809443
0236-2.tif,0.0,139.70082672502093,0.0,0.105,0.00233015873015873,0.0,0.0,0.0,0.0,0.0,-20.046182542885983,11.080645010575779,0.008337550180046253,0.0025824639582636413
0236-3.tif,0.0,160.05102492178045,0.0,0.08433333333333333,0.000639,0.0,0.0,0.018333333333333333,0.008125,1.736111111111111e-11,-39.26755066110607,11.163060775009068,0.012103639844919752,0.0035678904323890362
0236-4.tif,0.0,134.99992441418897,0.0,0.12111111111111111,0.006769135802469135,0.0,0.0,0.0,0.0,0.0,4.968432733473637,7.943812192894409,0.00770625599900748,0.002264045373717481
0236-6.tif,0.0,169.47999131349195,0.0,0.0776388888888889,0.0005233603395061729,0.0,0.0,0.025416666666666667,0.0071875,9.578450520833334e-10,-24.7487092046076,12.762978538903692,0.007877677687031844,0.0023597201968451457
0237-1.tif,0.0,171.5611326094061,0.0,0.08816666666666667,0.0001041388888888889,0.0,0.0,0.0,0.0,0.0,44.71597247257513,7.685647675818473,0.011411906519090778,0.0036707639041814793
0237-2.tif,0.0,159.95588234735433,0.0,0.08483333333333333,0.0004146944444444445,0.0,0.0,0.021666666666666667,0.01,0.0,-21.764596175597994,7.981118376536123,0.007064384180117756,0.002421042874520977
0237-3.tif,0.0,169.02142780001464,0.0,0.07939393939393939,0.00041427915518824613,0.0,0.0,0.015,0.021875,3.650173611111111e-09,-43.11029433041374,8.512525321599254,0.01123500333343271,0.0037185943911375585
0237-4.tif,0.0,142.17765075777558,0.0,0.11,0.0049912698412698416,0.0,0.0,0.018333333333333333,0.00875,0.0,44.84460926225261,3.130264346067214,0.006677305442479504,0.0021921738418636955
0237-6.tif,0.0,168.49862054024936,0.0,0.09133333333333332,0.0005704444444444444,0.0,0.0,0.021111111111111112,0.010416666666666668,5.319251543209877e-10,14.666229559561703,9.588812541808108,0.007483969167846307,0.002540789136996451
0238-1.tif,0.0,165.79360862577613,0.0,0.0905,0.00033725,0.0,0.0,0.018229166666666668,0.00984375,4.657660590277778e-10,4.594349107682379,7.902142645491866,0.015685369653029982,0.005073006618350832
0238-2.tif,0.0,142.88320186431994,0.0,0.11404761904761905,0.0034403628117913834,0.0,0.0,0.017708333333333333,0.01,2.9947916666666666e-10,-6.139822536927726,3.811134469679479,0.009289110303278815,0.0030851803254299676
0238-3.tif,0.0,172.87728467197635,0.0,0.08090909090909092,0.0006643250688705233,0.0,0.0,0.018333333333333333,0.010380434782608696,6.529123345935728e-10,-5.490103946578081,6.225003384257221,0.01747414663700173,0.005598061468591677
0238-4.tif,0.0,135.18951172939657,0.0,0.12277777777777779,0.006114506172839506,0.0,0.0,0.017604166666666667,0.009921875,4.665120442708333e-10,-2.3351710513494033,4.093608155531825,0.009435666152439803,0.0031178315662159896
0238-6.tif,0.0,172.78856700860996,0.0,0.08424242424242424,0.0005143250688705235,0.0,0.0,0.01929824561403509,0.01105263157894737,2.066837873191751e-09,40.771571733108566,10.917074205653298,0.009898843167885937,0.0033710116609595563
0239-1.tif,0.0,184.14860862675994,0.0,0.08069444444444444,0.00017011959876543208,0.0,0.0,0.013472222222222224,0.011614583333333333,1.7828293788580245e-10,-8.629284938076829,4.548840703756968,0.01119380001814477,0.0033652058453714877
0239-2.tif,0.0,160.13372510922042,0.0,0.09018518518518519,0.0004805212620027435,0.0,0.0,0.013466666666666667,0.01205,3.9201388888888885e-10,-28.225663058867784,16.992925832704767,0.007000290233638079,0.0022467036087718754
0239-3.tif,0.0,171.02282173895847,0.0,0.08045454545454546,0.00022630853994490358,0.0,0.0,0.013066666666666666,0.012350000000000002,1.8461111111111114e-10,-44.277806549561866,8.02694419104488,0.010420185067905147,0.003161460846085123
0239-4.tif,0.0,158.18293207549291,0.0,0.09574074074074074,0.0008679698216735253,0.0,0.0,0.01386904761904762,0.0121875,2.2106075503117914e-10,41.31782669934505,11.012431190743893,0.006639632966741583,0.001998710456293551
0239-6.tif,0.0,168.88622073915786,0.0,0.09283333333333334,0.0007955833333333333,0.0,0.0,0.014270833333333333,0.012109375,6.258138020833334e-10,19.428905468690676,9.538427700557186,0.007270749484046299,0.002280444825065292
0240-1.tif,0.0,168.4591114253611,0.0,0.0787878787878788,0.0008763085399449036,0.0,0.0,0.0,0.0,0.0,15.636264351420552,8.822289245468097,0.014797651723086303,0.004322308369763878
0240-2.tif,0.0,151.0895429869321,0.0,0.09729166666666667,0.0013471788194444445,0.0,0.0,0.021666666666666667,0.00875,0.0,-44.23382866765177,7.066220201867922,0.009804375136907423,0.003008924139078187
0240-3.tif,0.0,167.12503361107855,0.0,0.08916666666666667,0.00040791666666666667,0.0,0.0,0.02666666666666667,0.010625,3.1358506944444447e-10,-45.00825728647732,5.169562921032855,0.014267600856033846,0.004290979300113711
0240-4.tif,0.0,144.94001992203533,0.0,0.11214285714285716,0.004161678004535148,0.0,0.0,0.0,0.0,0.0,18.467040063953966,11.270372495370392,0.0079907569758982,0.0023703612249695496
0240-6.tif,0.0,172.08434220850347,0.0,0.08393939393939394,0.0005380165289256199,0.0,0.0,0.019166666666666665,0.01,8.7890625e-11,0.4212492401237304,3.4783025711060667,0.008282238397547033,0.0025634476581364836
0241-1.tif,0.0,169.9692782697966,0.0,0.07954545454545454,0.00028388429752066125,0.0,0.0,0.01662037037037037,0.010277777777777776,7.866217635459533e-10,44.2251145613745,9.662215072271657,0.012359030404487383,0.0036209355574893442
0241-2.tif,0.0,152.28144995369593,0.0,0.098125,0.0014232204861111112,0.0,0.0,0.014666666666666668,0.011416666666666665,1.1686728395061729e-09,18.16050451802351,10.624625618981417,0.007423738508025209,0.0023432949906650965
0241-3.tif,0.0,172.48258768802015,0.0,0.08015151515151515,0.0003052800734618916,0.0,0.0,0.01673076923076923,0.010528846153846154,5.688845742932282e-10,-0.5901560647768812,4.606488068771152,0.011430536336689135,0.0034945305861551115
0241-4.tif,0.0,151.4503544946106,0.0,0.10354166666666667,0.0023565538194444445,0.0,0.0,0.016200000000000003,0.011200000000000002,3.7308333333333347e-10,43.61150285241566,6.567575879229725,0.007028669340407342,0.002112054133949664
0241-6.tif,0.0,174.15053753067264,0.0,0.08439393939393938,0.0005683195592286502,0.0,0.0,0.0175,0.011328125,2.9486592610677082e-09,42.15946565053629,9.901194809655562,0.007739813172927802,0.0024107602995024693
0242-1.tif,0.0,175.54051447521232,0.0,0.09033333333333333,0.0002315555555555556,0.0,0.0,0.0,0.0,0.0,-12.829650024029448,12.954670401523265,0.015789541934065086,0.005211151831465975
0242-2.tif,0.0,143.10573014383456,0.0,0.1119047619047619,0.004101133786848072,0.0,0.0,0.0,0.0,0.0,-2.9075750987485134,10.415740513122675,0.008433216117025908,0.002721687205480209
0242-3.tif,0.0,166.7557227635087,0.0,0.0905,0.00023725,0.0,0.0,0.0,0.0,0.0,-17.52564334244943,9.927638494921197,0.012372748966247796,0.003863030435733686
0242-4.tif,0.0,133.25341354810473,0.0,0.13799999999999998,0.01180711111111111,0.0,0.0,0.0,0.0,0.0,32.08070556494117,13.175779257761107,0.007824789699873231,0.002447112440949474
0242-6.tif,0.0,164.04534748982627,0.0,0.08833333333333333,0.0006172222222222222,0.0,0.0,0.0,0.0,0.0,-38.171329214317225,13.647950044991399,0.008413103228437583,0.002699980052475931
0243-1.tif,0.0,182.81386632917707,0.0,0.08893939393939394,0.0003617539026629936,0.0,0.0,0.018333333333333333,0.0075,0.0,39.53214777721991,11.933307540530297,0.01875048124391883,0.006238161173836141
0243-2.tif,0.0,140.63583291608154,0.0,0.1119047619047619,0.0038828798185941036,0.0,0.0,0.016666666666666666,0.00875,0.0,31.096023656492,16.046545073272558,0.010448383334587604,0.003431518796614025
0243-3.tif,0.0,172.21133470725118,0.0,0.09316666666666666,0.0005541388888888888,0.0,0.0,0.019166666666666665,0.0125,3.0479600694444444e-09,-15.620380341809692,9.409181555629006,0.016188567419936142,0.0052630042519339155
0243-4.tif,0.0,132.94006628736798,0.0,0.11972222222222222,0.00650871913580247,0.0,0.0,0.0175,0.0075,0.0,-3.793209473096854,10.056202661973337,0.009718904128507603,0.0030451208758308676
0243-6.tif,0.0,154.81149828097395,0.0,0.09407407407407407,0.0022438957475994516,0.0,0.0,0.02,0.011527777777777777,2.2602666323731135e-09,-0.21817757145807434,8.701962521825777,0.010070100218637896,0.0032958172997209177
0244-1.tif,0.0,173.61361553749177,0.0,0.08439393939393938,4.761248852157942e-05,0.0,0.0,0.012685185185185185,0.012777777777777777,2.3319615912208503e-10,45.35546220866333,5.900966046190323,0.01727916431449953,0.005297618661883078
0244-2.tif,0.0,156.62250796102072,0.0,0.09518518518518519,0.000963854595336077,0.0,0.0,0.014047619047619048,0.012738095238095238,8.860268644494836e-10,-32.39656724692839,11.698784632363678,0.009420085535840882,0.0028707107864507997
0244-3.tif,0.0,176.51172450828554,0.0,0.08515151515151516,3.507805325987143e-05,0.0,0.0,0.013944444444444445,0.012833333333333334,1.0649884259259259e-09,33.00794671203615,17.57291413529722,0.014710201241617402,0.004363997922142613
0244-4.tif,0.0,146.36745573646294,0.0,0.10166666666666667,0.0018597222222222222,0.0,0.0,0.013833333333333335,0.012375,6.245370370370371e-10,22.13334622459065,9.072198793539672,0.008704713739260924,0.0025191081892060423
0244-6.tif,0.0,171.47319194426734,0.0,0.08378787878787879,0.0005813590449954086,0.0,0.0,0.015595238095238096,0.013616071428571429,4.446725304705215e-09,-36.96210208960931,11.95838860240764,0.009450920971938519,0.0028290693091234122
0245-1.tif,0.0,167.69489076560706,0.0,0.07848484848484849,0.0002714416896235077,0.0,0.0,0.015963541666666668,0.01216796875,9.54928927951389e-10,20.889288570708242,10.591132605848648,0.02268935487332373,0.007987272412209133
0245-2.tif,0.0,154.68939847319854,0.0,0.09407407407407407,0.0009661179698216738,0.0,0.0,0.015897435897435898,0.012179487179487178,8.58113722697056e-10,43.50466293551352,7.506581882462047,0.013586910389979442,0.005032713118375181
0245-3.tif,0.0,171.75052563400075,0.0,0.08700000000000001,0.00019599999999999997,0.0,0.0,0.016224489795918368,0.012729591836734696,1.941425592345782e-09,24.779228626132422,24.779949523462015,0.021635092191564138,0.007760457539468472
0245-4.tif,0.0,149.33067333940474,0.0,0.09166666666666666,0.0007333333333333333,0.0,0.0,0.016504065040650405,0.01271341463414634,9.783208159825502e-10,14.276867467816697,9.986257662039923,0.013345188458776063,0.0048048444822386925
0245-6.tif,0.0,167.48275201411704,0.0,0.0925,0.0009606944444444445,0.0,0.0,0.015875,0.01184375,5.71047634548611e-10,-29.43282065549355,23.440804498591056,0.013213054886777846,0.004797917814765611
0246-1.tif,0.0,176.1686255136953,0.0,0.08,8.282828282828282e-05,0.0,0.0,0.0,0.0,0.0,39.127927951690474,11.287989332567978,0.020152024811514353,0.008040549412779716
0246-2.tif,0.0,149.83190581448264,0.0,0.098125,0.001032248263888889,0.0,0.0,0.0,0.0,0.0,39.44728740621879,9.805885924462252,0.011143479997119532,0.00443717910158009
0246-3.tif,0.0,174.95165858098255,0.0,0.07416666666666667,0.0003289351851851852,0.0,0.0,0.0,0.0,0.0,20.199985310825397,9.314460389280965,0.017765053537124126,0.006706221525639347
0246-4.tif,0.0,145.15279306073765,0.0,0.10104166666666667,0.001922873263888889,0.0,0.0,0.0,0.0,0.0,45.34628326950315,10.158261476500638,0.01071754021950274,0.004012121595843587
0246-6.tif,0.0,173.51815761011343,0.0,0.0775,0.0005997685185185185,0.0,0.0,0.022666666666666665,0.0095,1.5878472222222224e-09,-42.239963498545954,8.514736638969474,0.010982645951756716,0.004080986725983182
0247-1.tif,0.0,154.98355018016034,0.0,0.0805,0.0005166944444444444,0.0,0.0,0.0,0.0,0.0,-22.558733102418085,10.084034535189572,0.01053765269979362,0.003384170978191892
0247-2.tif,0.0,147.47638438277934,0.0,0.10208333333333333,0.001918576388888889,0.0,0.0,0.0,0.0,0.0,-22.580463953982676,9.758609025600052,0.006283474131743138,0.0020473467276147456
0247-3.tif,0.0,141.2011960918808,0.0,0.09458333333333334,0.0027637152777777777,0.0,0.0,0.0,0.0,0.0,-27.627936473543198,18.701661510615118,0.009627331602025531,0.0031277056812357125
0247-4.tif,0.0,131.16740787592354,0.0,0.13533333333333333,0.01030711111111111,0.0,0.0,0.0,0.0,0.0,15.057178350815033,8.519780052611583,0.006298845502567941,0.002003075850476357
0247-6.tif,0.0,166.7824336232364,0.0,0.10222222222222223,0.0007049382716049383,0.0,0.0,0.0225,0.00625,1.736111111111111e-11,-4.575111846674456,7.527367024247327,0.0063142963756400786,0.002088550942308207
0248-1.tif,0.0,142.19635181373607,0.0,0.09604166666666666,0.0026381510416666667,0.0,0.0,0.0,0.0,0.0,-44.831991493333874,11.136656408116488,0.010057621066361601,0.0031994437939667155
0248-2.tif,0.0,145.92083089432055,0.0,0.10229166666666667,0.0021492621527777777,0.0,0.0,0.018333333333333333,0.0125,0.0,-43.87101014871749,5.45796007076291,0.006839135270592503,0.0022677607376097838
0248-3.tif,0.0,150.73353973154084,0.0,0.08907407407407407,0.0011463648834019204,0.0,0.0,0.0,0.0,0.0,-20.28236230874455,9.179913067408252,0.010167978789747163,0.0032553854814420043
0248-4.tif,0.0,130.80095140666558,0.0,0.13599999999999998,0.01077511111111111,0.0,0.0,0.0,0.0,0.0,-18.57427270419897,9.62283640904569,0.006747398027065902,0.0021184434992880985
0248-6.tif,0.0,168.58996526747637,0.0,0.093,0.0008187777777777779,0.0,0.0,0.016999999999999998,0.010249999999999999,2.378472222222222e-10,-20.994983120195283,9.650297605777613,0.007045705523959999,0.002346164934710596
0249-1.tif,0.0,166.42390653589004,0.0,0.07712121212121212,0.0002995408631772268,0.0,0.0,0.011666666666666667,0.01125,0.0,3.53031196325647,5.938953545625087,0.011121199230149873,0.003468399157750597
0249-2.tif,0.0,146.59392135343737,0.0,0.10208333333333333,0.001974826388888889,0.0,0.0,0.016666666666666666,0.00875,0.0,31.699505454419437,13.724272900332815,0.007014094976771882,0.002277827348507861
0249-3.tif,0.0,160.85487247826842,0.0,0.09759259259259259,0.0011093278463648831,0.0,0.0,0.018333333333333333,0.01125,7.335069444444444e-10,-4.128601019966833,8.495830756183887,0.01041030600961582,0.003341370546002947
0249-4.tif,0.0,125.55184310125617,0.0,0.11333333333333333,0.005703703703703704,0.0,0.0,0.0,0.0,0.0,-7.184888189783433,7.2932253073998785,0.006327754947615492,0.00196832246544823
0249-6.tif,0.0,163.92585503944528,0.0,0.088,0.00042655555555555556,0.0,0.0,0.019166666666666665,0.0128125,4.774305555555556e-10,-46.113130077793706,9.127509700554741,0.007234371527329476,0.002379071884820435
0250-1.tif,0.0,176.5939315680657,0.0,0.08560606060606062,0.00022488521579430669,0.0,0.0,0.021025641025641025,0.009823717948717949,1.6726477463656955e-09,21.022467194412442,10.978291406857993,0.02248848029075098,0.007741663438733415
0250-2.tif,0.0,176.46698540739996,0.0,0.07125,0.00027042824074074073,0.0,0.0,0.022688172043010754,0.010403225806451612,4.405500500419124e-09,-44.959950946929375,3.4980081639296015,0.014906692472318978,0.005455385240477959
0250-3.tif,0.0,167.02740447649256,0.0,0.07180555555555555,0.0005053047839506172,0.0,0.0,0.02268627450980392,0.010691176470588235,3.135166762783544e-09,-44.03551409381211,8.595226319374177,0.023416142160880712,0.008390779399643309
0250-4.tif,0.0,147.23358446720547,0.0,0.10208333333333333,0.0017852430555555555,0.0,0.0,0.02306878306878307,0.011170634920634921,2.6280912313485067e-09,29.44208410785623,14.146295227145082,0.01271258009895021,0.004430255552337095
0250-6.tif,0.0,179.89178206476765,0.0,0.07833333333333334,0.0001722222222222222,0.0,0.0,0.022916666666666665,0.011416666666666665,7.627213541666665e-09,-42.041058976242915,11.597931504670628,0.01435152832052149,0.005216868858442964
0251-1.tif,0.0,164.16421317963574,0.0,0.07651515151515151,0.000334573002754821,0.0,0.0,0.015,0.01125,0.0,33.19526039393238,14.074139983359789,0.009340062815071359,0.0026270252210071625
0251-2.tif,0.0,159.74823942691825,0.0,0.0796969696969697,0.0003443526170798898,0.0,0.0,0.0,0.0,0.0,7.867154546273122,7.735224800777912,0.005636153952099666,0.0016103869948630638
0251-3.tif,0.0,157.8816378501564,0.0,0.08299999999999999,0.0007232222222222222,0.0,0.0,0.0175,0.01,2.126736111111111e-10,-45.229202454562,12.39178595354914,0.008474371428382319,0.0024485161489159603
0251-4.tif,0.0,143.0263724278727,0.0,0.09708333333333333,0.0021456597222222224,0.0,0.0,0.0175,0.015625,1.736111111111111e-11,-46.19698486606624,7.673852360348887,0.005502216541722661,0.0015368434166512306
0251-6.tif,0.0,172.85038165381593,0.0,0.08378787878787879,0.0005838842975206612,0.0,0.0,0.023541666666666666,0.01125,2.1503363715277778e-09,-19.48604819306762,9.239749319424464,0.006331414291629103,0.001866283152953158
0252-1.tif,0.0,190.03481152630096,0.0,0.0758974358974359,0.00010410913872452334,0.0,0.0,0.017222222222222222,0.012361111111111111,2.5309118274653254e-09,-0.44233455088510776,4.538632114057838,0.01516773301349201,0.0042483030002905525
0252-2.tif,0.0,166.86044984424026,0.0,0.08075757575757575,5.775941230486685e-05,0.0,0.0,0.016984126984126983,0.013005952380952382,1.2997040540753338e-09,-44.855939225343434,6.33634963061822,0.009055084615794759,0.0026493762798267457
0252-3.tif,0.0,183.51955909773915,0.0,0.07555555555555556,0.00011172839506172839,0.0,0.0,0.017763157894736842,0.01355263157894737,1.9008335196887504e-09,42.647915965563826,8.128069080527931,0.015295609670261527,0.004385722460484512
0252-4.tif,0.0,145.1020675248978,0.0,0.08888888888888889,0.0007839506172839507,0.0,0.0,0.01688679245283019,0.013608490566037737,1.1623322603931807e-09,-39.43972525131573,13.199250794969837,0.009151450673738595,0.0026237806057699646
0252-6.tif,0.0,179.78760617276524,0.0,0.08454545454545455,0.0007141873278236915,0.0,0.0,0.018015873015873016,0.013244047619047619,1.748937566924918e-09,-30.29308788405578,9.59919770995141,0.009944532818391605,0.0029202066996843906
0254-1.tif,0.0,180.07483651405082,0.0,0.08272727272727272,0.00030367309458218547,0.0,0.0,0.013833333333333335,0.013125,5.510416666666666e-10,21.34176194065154,10.800059561079463,0.023445370265277356,0.010227515162958023
0254-2.tif,0.0,158.70576757369918,0.0,0.08716666666666666,0.0009528055555555557,0.0,0.0,0.015,0.01125,6.157769097222223e-11,35.915430819834384,9.967347321755565,0.013410901725457315,0.005987955221071251
0254-3.tif,0.0,177.01505970099478,0.0,0.07541666666666667,0.00025931712962962963,0.0,0.0,0.015208333333333334,0.01296875,5.967881944444444e-11,-1.6670213877933329,6.402359867127646,0.015602094800071206,0.0054119479524583946
0254-4.tif,0.0,136.8538796490622,0.0,0.10928571428571428,0.003600680272108844,0.0,0.0,0.015,0.01125,3.90625e-11,44.784645334317,6.242691140798634,0.009306383301223778,0.0031695142134395542
0254-6.tif,0.0,170.12658685683303,0.0,0.08090909090909092,0.00018907254361799815,0.0,0.0,0.01625,0.01375,1.0709635416666666e-09,21.443205908998,10.055308814256762,0.010447974181933942,0.00368393828428356
0255-1.tif,0.0,166.57053477597876,0.0,0.07818181818181817,0.0003325528007346189,0.0,0.0,0.013333333333333334,0.02625,4.171006944444444e-09,28.009057708050506,17.037101328986918,0.011962859712984985,0.0034100762932415753
0255-2.tif,0.0,158.11264971532162,0.0,0.09666666666666666,0.0011,0.0,0.0,0.021666666666666667,0.0075,0.0,-43.057236777149846,7.611341486407706,0.007035518689700195,0.002066666373522828
0255-3.tif,0.0,168.01709155783988,0.0,0.07939393939393939,0.00036074380165289257,0.0,0.0,0.0,0.0,0.0,-30.837414419643423,12.660869570926426,0.010600429679991587,0.0030391348893037545
0255-4.tif,0.0,144.05939530277087,0.0,0.11285714285714285,0.003825963718820862,0.0,0.0,0.0,0.0,0.0,44.26951739577857,2.589889098204465,0.006608294922280512,0.001874396257655965
0255-6.tif,0.0,170.6328701888616,0.0,0.08106060606060606,0.00021276400367309462,0.0,0.0,0.018333333333333333,0.00875,0.0,-7.568886674421467,7.876415607276816,0.007003243969494008,0.0020982748314895506
0256-1.tif,0.0,176.96678517607637,0.0,0.08772727272727272,0.0003597337006427916,0.0,0.0,0.021333333333333336,0.01,7.04861111111111e-11,44.919668275973166,10.317468492132296,0.013042177579512268,0.003978818506140448
0256-2.tif,0.0,154.5393153860855,0.0,0.09462962962962963,0.0005671467764060357,0.0,0.0,0.026296296296296297,0.009861111111111112,1.2033286179698215e-08,28.15982633375233,15.110517760925632,0.008086254823962705,0.0024722108409818847
0256-3.tif,0.0,162.03636975681397,0.0,0.08850000000000001,0.0005763611111111111,0.0,0.0,0.023666666666666666,0.009000000000000001,5.086805555555555e-10,-29.407703368756753,19.91169296357791,0.012078929756743302,0.003663389591721152
0256-4.tif,0.0,135.5255972132202,0.0,0.10785714285714285,0.003921995464852608,0.0,0.0,0.0325,0.010625,1.5625e-10,-15.233009649340264,7.920488803828564,0.007138663543489684,0.002100003331789682
0256-6.tif,0.0,167.31274773774877,0.0,0.09083333333333334,0.00036180555555555553,0.0,0.0,0.03395833333333333,0.015,5.460822211371528e-08,-29.983192384636954,14.252446511442825,0.0076275631928222265,0.002379094524450843
0262-1.tif,0.0,173.67476234883145,0.0,0.07458333333333333,0.00021302083333333335,0.0,0.0,0.0,0.0,0.0,43.862380361174296,7.190455558589652,0.008086718018009972,0.002332349980449664
0262-2.tif,0.0,152.2901506992491,0.0,0.09240740740740741,0.001434019204389575,0.0,0.0,0.0,0.0,0.0,-15.664814061608384,7.681806563198379,0.0049472453277058116,0.001464432856973475
0262-3.tif,0.0,173.79713400105956,0.0,0.07472222222222223,0.00018788580246913579,0.0,0.0,0.021666666666666667,0.00875,0.0,-20.114598763396426,9.174062569738595,0.007727070580733952,0.0022718065890796283
0262-4.tif,0.0,146.4058286635702,0.0,0.10145833333333333,0.002132248263888889,0.0,0.0,0.0,0.0,0.0,21.23160865440036,10.759636529251631,0.00501716064361314,0.0014961690261717754
0262-6.tif,0.0,161.70399444102122,0.0,0.08733333333333333,0.0005089999999999999,0.0,0.0,0.016666666666666666,0.00875,5.3819444444444444e-11,-39.831692095110775,11.314487004169951,0.005539742495883937,0.001693839791242577
0263-1.tif,0.0,174.6004737788159,0.0,0.07916666666666666,0.00035578703703703705,0.0,0.0,0.0,0.0,0.0,-40.198260903219136,8.983590066023638,0.012539602536279247,0.004190777583523018
0263-2.tif,0.0,160.5209494321896,0.0,0.08716666666666666,0.001291138888888889,0.0,0.0,0.021666666666666667,0.00875,1.0850694444444444e-12,11.919664086480198,8.278274062461044,0.007557230897677819,0.002546710724545771
0263-3.tif,0.0,156.74899659610043,0.0,0.08633333333333333,0.0004026666666666666,0.0,0.0,0.02,0.0125,0.0,41.037299494660566,14.030558179238376,0.011705844786627879,0.004001603118064301
0263-4.tif,0.0,140.66464804589867,0.0,0.09708333333333333,0.002238715277777778,0.0,0.0,0.0,0.0,0.0,10.609011466643581,7.705892388219761,0.006984360451489015,0.0023394254473494995
0263-6.tif,0.0,173.6012229662701,0.0,0.07541666666666667,0.00023478009259259258,0.0,0.0,0.01966666666666667,0.01125,7.003472222222223e-10,-1.5699197644430931,7.210890864169241,0.0076232442918582706,0.002520812017121151
0265-1.tif,0.0,168.79293692437355,0.0,0.07954545454545454,0.0007783287419651056,0.0,0.0,0.018333333333333333,0.011875,7.335069444444444e-10,36.620781751610515,14.376019438310944,0.013470525351488833,0.004041453539668227
0265-2.tif,0.0,152.13756932460834,0.0,0.09351851851851853,0.0008823731138545952,0.0,0.0,0.01875,0.0140625,1.196560329861111e-09,42.439987722972646,13.590142562641784,0.008567470419885342,0.0026286234956646496
0265-3.tif,0.0,179.3527715611517,0.0,0.08727272727272728,0.00037286501377410463,0.0,0.0,0.017916666666666668,0.013125,5.088975694444444e-10,44.72938403275142,6.385980585166404,0.013670109635679058,0.004147940485266862
0265-4.tif,0.0,132.12304870839154,0.0,0.10571428571428572,0.003453854875283447,0.0,0.0,0.015,0.01125,0.0,9.607484657676487,8.268787927759664,0.007966776177376636,0.0024039752154626903
0265-6.tif,0.0,165.36416043253013,0.0,0.07939393939393939,0.00042134986225895316,0.0,0.0,0.027083333333333334,0.0159375,5.439181857638889e-09,-43.821306986369166,9.03656701778109,0.007535317446367911,0.002307002439546395
0285-1.tif,0.0,178.01269817083042,0.0,0.07597222222222223,0.0004377121913580247,0.0,0.0,0.017777777777777778,0.026666666666666665,4.788430212620028e-08,32.57756820082642,15.725319059747328,0.016043759173761163,0.004909954205428718
0285-2.tif,0.0,148.4841929484602,0.0,0.10291666666666667,0.002878298611111111,0.0,0.0,0.02611111111111111,0.01125,2.73533950617284e-09,-8.702962054006825,11.44883373172073,0.008758048103617716,0.0028454321060951107
0285-3.tif,0.0,186.46296648348832,0.0,0.08236111111111111,0.00022336033950617283,0.0,0.0,0.020555555555555556,0.014166666666666668,6.365740740740741e-09,0.8140741081270052,10.640624328872919,0.015437233228023076,0.004934577498595128
0285-4.tif,0.0,137.03170253631092,0.0,0.10928571428571428,0.0049165532879818594,0.0,0.0,0.018055555555555557,0.0125,1.975911458333333e-09,1.9218027956316974,7.307114685661824,0.007818928136122456,0.002453848831391098
0285-6.tif,0.0,171.6001502628944,0.0,0.093,0.0006104444444444444,0.0,0.0,0.03527777777777778,0.011458333333333333,4.582851080246914e-09,-15.872926511437687,10.690698540690418,0.008820873687970302,0.0028380728013363155
0286-1.tif,0.0,185.5526528569412,0.0,0.08055555555555556,0.0001330246913580247,0.0,0.0,0.0,0.0,0.0,-44.85615664619401,3.508648689057437,0.008584509118807525,0.002044730659619293
0286-2.tif,0.0,185.29344894577957,0.0,0.07071428571428572,0.0002685374149659864,0.0,0.0,0.025,0.0125,0.0,16.911427712058224,7.524325031855899,0.005460694781544434,0.0012890296100346616
0286-3.tif,0.0,183.20632143301648,0.0,0.08055555555555556,8.070987654320987e-05,0.0,0.0,0.023333333333333334,0.00875,0.0,-21.054770309613183,11.573010148000675,0.007750068965210532,0.0018422825112791915
0286-4.tif,0.0,144.70231511624132,0.0,0.08925925925925926,0.0009901920438957475,0.0,0.0,0.015,0.01125,0.0,-44.42884259379945,7.339506252626292,0.004565577426320215,0.0010757204491894713
0286-6.tif,0.0,162.34522543709815,0.0,0.07984848484848485,0.0005901285583103764,0.0,0.0,0.0,0.0,0.0,-23.099596747315843,12.968622441282614,0.004762537391162508,0.0011697361695592043
0287-1.tif,0.0,159.7697206493259,0.0,0.088,0.00040933333333333327,0.0,0.0,0.021666666666666667,0.01,0.0,34.991963987615826,12.094052573599148,0.00988788290386176,0.0028863872223988353
0287-2.tif,0.0,159.5875935027532,0.0,0.0961111111111111,0.0012703703703703703,0.0,0.0,0.018333333333333333,0.01125,6.25e-10,-44.67360980775465,5.586317514934844,0.00605051847269938,0.001783561561662578
0287-3.tif,0.0,159.90725617842486,0.0,0.08733333333333333,0.00027122222222222223,0.0,0.0,0.03,0.01125,0.0,-29.123087738596727,18.681069979833737,0.009558570584692989,0.002822053380733606
0287-4.tif,0.0,135.14153460354075,0.0,0.10547619047619047,0.0035164399092970527,0.0,0.0,0.0,0.0,0.0,-22.21097787336141,11.123752969455403,0.005996429028901399,0.0017837772906326638
0287-6.tif,0.0,163.14805930870997,0.0,0.08883333333333333,0.0005094722222222222,0.0,0.0,0.0225,0.014375,3.515625e-10,2.857701601729468,4.74884317637585,0.006379158250546187,0.0019012663318082573
0288-1.tif,0.0,153.0431638460209,0.0,0.0938888888888889,0.0012728395061728395,0.0,0.0,0.0,0.0,0.0,-27.267844718075118,14.239501619255465,0.010061851274412422,0.0034946424163199118
0288-2.tif,0.0,146.39528765268906,0.0,0.10083333333333333,0.002238888888888889,0.0,0.0,0.0,0.0,0.0,31.46230542232453,14.281891101829986,0.005996624252604617,0.0021486896513915527
0288-3.tif,0.0,150.50398665816132,0.0,0.0925925925925926,0.000984636488340192,0.0,0.0,0.0,0.0,0.0,-40.79387577494755,10.496713927428583,0.009820406877798287,0.003637486936727529
0288-4.tif,0.0,129.51790952948897,0.0,0.13333333333333333,0.01138888888888889,0.0,0.0,0.0,0.0,0.0,-35.00575507743569,11.25236149369756,0.0062180629131556,0.0022834813046300273
0288-6.tif,0.0,161.09572723487526,0.0,0.08966666666666666,0.0008160000000000001,0.0,0.0,0.0,0.0,0.0,42.0297735556316,9.32152520117382,0.006375584820959741,0.0022762525207948967
0289-1.tif,0.0,162.7424573920909,0.0,0.08933333333333333,0.0003478888888888889,0.0,0.0,0.0,0.0,0.0,35.994455907619056,13.731287894489116,0.009406078792518759,0.002828969701291982
0289-2.tif,0.0,148.6498080459533,0.0,0.10333333333333333,0.002552777777777778,0.0,0.0,0.0,0.0,0.0,-23.010243061756814,9.581390289179419,0.00505988678026036,0.0015373958079455024
0289-3.tif,0.0,152.97087958170337,0.0,0.0937037037037037,0.0008739368998628257,0.0,0.0,0.023333333333333334,0.01125,0.0,-37.572398041753786,13.030191687493398,0.008570174854897092,0.0026446687734588627
0289-4.tif,0.0,134.2009273026416,0.0,0.14133333333333334,0.010403777777777777,0.0,0.0,0.0,0.0,0.0,43.3696949873286,7.802523176568954,0.005321238046835713,0.001603490334663674
0289-6.tif,0.0,147.13833626896832,0.0,0.08907407407407407,0.0021624142661179698,0.0,0.0,0.0,0.0,0.0,11.85272584942459,7.959337560969173,0.005338149244815232,0.0016381880427002872
0290-1.tif,0.0,169.74856814974578,0.0,0.0803030303030303,0.0003549586776859504,0.0,0.0,0.028333333333333332,0.0075,0.0,21.369501313829875,30.868565519266582,0.012590066653841122,0.0033365841465100785
0290-2.tif,0.0,146.62554347725364,0.0,0.09018518518518519,0.0008082990397805213,0.0,0.0,0.0,0.0,0.0,1.5454273018451015,8.234475885317151,0.00705828540029929,0.0019040940406905137
0290-3.tif,0.0,176.09790521815475,0.0,0.08575757575757575,0.0007138200183654729,0.0,0.0,0.02388888888888889,0.0075,3.886959876543209e-10,-39.68147768004346,11.199805703817166,0.011222538892760224,0.0030366453528006348
0290-4.tif,0.0,133.6216674046541,0.0,0.10642857142857143,0.0032876417233560088,0.0,0.0,0.025,0.00875,0.0,-45.005282134345016,5.1934124826518735,0.0062864984568810145,0.0016381718144383322
0290-6.tif,0.0,177.3655670605155,0.0,0.07694444444444444,0.0001675154320987654,0.0,0.0,0.024393939393939395,0.007613636363636363,1.996527777777778e-10,37.629068237040116,12.368565334601223,0.006932900803648655,0.001864359677583312
0291-1.tif,0.0,184.75312169576827,0.0,0.08083333333333333,0.00010023148148148148,0.0,0.0,0.016666666666666666,0.02625,0.0,-44.016637657576375,5.516139207021511,0.010442270301897438,0.0030711642662370787
0291-2.tif,0.0,149.47856033558793,0.0,0.0938888888888889,0.0025648148148148145,0.0,0.0,0.0,0.0,0.0,-6.532630410217215,4.931105022897413,0.006583180014997136,0.001976298028975434
0291-3.tif,0.0,177.15770987080035,0.0,0.08696969696969696,0.0001317263544536272,0.0,0.0,0.023333333333333334,0.00875,0.0,44.981941240035546,9.6122443514882,0.010127730508283547,0.0030282601689874786
0291-4.tif,0.0,151.0378907574005,0.0,0.10375,0.0023199652777777776,0.0,0.0,0.0,0.0,0.0,32.50597106337548,14.828656064128214,0.005787956422363074,0.0017170101095094932
0291-6.tif,0.0,172.73028107428067,0.0,0.08454545454545455,0.0007919651056014692,0.0,0.0,0.03166666666666667,0.0140625,1.6200086805555554e-08,-16.83950867935417,8.38518921016375,0.006357420305853747,0.001939378599306372
0299-1.tif,0.0,162.03749183547177,0.0,0.089,0.0003045555555555556,0.0,0.0,0.0,0.0,0.0,42.210973459635035,8.511846575226812,0.008236596612052127,0.0021806763354893215
0299-2.tif,0.0,149.33532736763928,0.0,0.09222222222222222,0.002146296296296296,0.0,0.0,0.0,0.0,0.0,42.695772317514674,6.879161166914184,0.0049289587661500425,0.0013383143778692146
0299-3.tif,0.0,152.4230953628747,0.0,0.0938888888888889,0.0009271604938271605,0.0,0.0,0.0,0.0,0.0,0.7090243778418707,8.474784535553708,0.007380430766830664,0.0019448413222502023
0299-4.tif,0.0,130.88979673331642,0.0,0.13466666666666666,0.01177711111111111,0.0,0.0,0.0,0.0,0.0,-43.11316663121523,8.0780497106273,0.0045352219768390566,0.0011911035916509609
0299-6.tif,0.0,169.09323118721616,0.0,0.08287878787878787,0.0005510560146923784,0.0,0.0,0.0,0.0,0.0,-20.41917652448186,8.566265061631267,0.004599983913354205,0.0012351652814314876
0309-1.tif,0.0,178.04530372215606,0.0,0.0763888888888889,0.00018603395061728392,0.0,0.0,0.021904761904761903,0.009285714285714286,7.525510204081632e-10,41.54990262508757,9.522580229307176,0.01296366841408679,0.004264434623591371
0309-2.tif,0.0,156.32606948298803,0.0,0.09425925925925926,0.001227846364883402,0.0,0.0,0.0,0.0,0.0,26.16518242835558,10.535800720516647,0.006914453563017603,0.0022705474193273107
0309-3.tif,0.0,167.1136100911172,0.0,0.0905,0.0005150277777777778,0.0,0.0,0.0,0.0,0.0,-21.11467457400521,13.072402510879824,0.011963292728825719,0.0039637104098139255
0309-4.tif,0.0,138.11719434958127,0.0,0.11095238095238096,0.0031197278911564625,0.0,0.0,0.019523809523809523,0.010357142857142858,3.026856575963718e-09,-44.83373570563922,3.6218662444444516,0.0074506366456879225,0.002365631599283504
0309-6.tif,0.0,175.63604650906183,0.0,0.08318181818181818,0.00020629017447199263,0.0,0.0,0.02238095238095238,0.010714285714285714,5.949546485260771e-09,13.04403837900035,8.613107279381925,0.008475821362388277,0.0027647576780245485
0311-1.tif,0.0,172.82656286963913,0.0,0.08045454545454546,0.00047933884297520656,0.0,0.0,0.0,0.0,0.0,41.92880077255449,13.161895980522512,0.012241159134195975,0.0034316000983895456
0311-2.tif,0.0,150.1620791012165,0.0,0.0937037037037037,0.0012362825788751715,0.0,0.0,0.02,0.01125,0.0,41.619291649993855,7.428863150166273,0.007484618549885395,0.0022042697347322165
0311-3.tif,0.0,168.6123924534875,0.0,0.07954545454545454,0.0003813590449954086,0.0,0.0,0.0,0.0,0.0,15.815654436859827,10.192016044854974,0.01087289527067535,0.0031628974320945156
0311-4.tif,0.0,134.071409544104,0.0,0.12138888888888888,0.007017052469135802,0.0,0.0,0.0,0.0,0.0,-11.55463451366673,5.693376342132252,0.006823279812093189,0.0019231791304586692
0311-6.tif,0.0,172.03697922895014,0.0,0.08424242424242424,0.000672910927456382,0.0,0.0,0.023333333333333334,0.0121875,3.8519965277777777e-10,43.40902568044441,10.854605782107829,0.006966160624093149,0.0020784602177328
0312-1.tif,0.0,172.97228021339785,0.0,0.08454545454545455,7.125803489439853e-05,0.0,0.0,0.0,0.0,0.0,-12.17943325496813,7.106314031178476,0.015285678651227078,0.0049589006356436675
0312-2.tif,0.0,147.1499613017656,0.0,0.10354166666666667,0.0023051649305555555,0.0,0.0,0.025,0.01125,4.340277777777778e-12,6.441064337485578,10.648831915395451,0.008997721595673226,0.0028598616360769914
0312-3.tif,0.0,178.67210812609287,0.0,0.08696969696969696,0.00014586776859504134,0.0,0.0,0.028333333333333332,0.015,0.0,22.729166266582986,12.186958790874405,0.01586272889020467,0.005145977125054714
0312-4.tif,0.0,140.2310593270977,0.0,0.11261904761904762,0.002928458049886622,0.0,0.0,0.0,0.0,0.0,-14.10031508356478,6.371345171967245,0.009589657097590182,0.0031831833294349425
0312-6.tif,0.0,153.42819167284742,0.0,0.09518518518518519,0.0006607681755829904,0.0,0.0,0.023333333333333334,0.008125,1.3129340277777777e-10,-16.655712204622652,11.128658933033245,0.008358355909028234,0.0028170636345931387
0313-1.tif,0.0,152.12577033494358,0.0,0.10020833333333333,0.001124609375,0.0,0.0,0.0,0.0,0.0,44.85257404430528,5.358825207861976,0.0071638212617828306,0.0019111093368137646
0313-2.tif,0.0,151.7616881824922,0.0,0.09333333333333334,0.0020209876543209877,0.0,0.0,0.02666666666666667,0.01125,0.0,-44.65252664046121,9.477163470124134,0.0051300558214378384,0.0014059411005450128
0313-3.tif,0.0,158.35706488818235,0.0,0.09666666666666666,0.001230246913580247,0.0,0.0,0.0,0.0,0.0,31.015559048720526,15.350261071099077,0.007245667809602971,0.0019782758950530337
0313-4.tif,0.0,134.4611674631585,0.0,0.14166666666666666,0.010694444444444444,0.0,0.0,0.0,0.0,0.0,-42.42622054569206,9.082740871658013,0.004550713140421297,0.0012241069599287263
0313-6.tif,0.0,164.37675933131322,0.0,0.08983333333333333,0.0005769166666666667,0.0,0.0,0.03166666666666667,0.01125,0.0,44.07652957781643,5.213393417391101,0.004993298541712839,0.001343809547122019
0322-1.tif,0.0,180.16494743435436,0.0,0.0788888888888889,0.00010895061728395062,0.0,0.0,0.016666666666666666,0.02825,9.842013888888889e-09,9.793768825862655,8.221071486633427,0.011902144140572227,0.002898203413802279
0322-2.tif,0.0,153.3384057132024,0.0,0.10791666666666666,0.002374826388888889,0.0,0.0,0.031111111111111114,0.0075,6.278935185185184e-10,4.500658639493834,8.75438542804522,0.007933498830629002,0.00199900333928706
0322-3.tif,0.0,187.38297334129604,0.0,0.08222222222222222,0.00032098765432098765,0.0,0.0,0.021666666666666667,0.0075,1.4564043209876543e-10,24.95221982263024,14.85543903286742,0.011595088638471618,0.0028858535524889876
0322-4.tif,0.0,141.20414078560162,0.0,0.11142857142857143,0.004306689342403629,0.0,0.0,0.03,0.00625,0.0,26.69108181059645,23.909166979038687,0.007158158493915182,0.0017879081114012874
0322-6.tif,0.0,169.67957161895885,0.0,0.09316666666666666,0.0004919166666666667,0.0,0.0,0.025833333333333333,0.00625,1.833767361111111e-10,7.369015461122,4.9207090894085,0.006411485502442221,0.0016261231988574669
0324-1.tif,0.0,188.81458297907534,0.0,0.08263888888888889,0.0003622492283950617,0.0,0.0,0.0,0.0,0.0,6.281709835354645,3.9132913661272886,0.011854389258582733,0.003943674135817807
0324-2.tif,0.0,139.1368453300385,0.0,0.0925,0.002970833333333333,0.0,0.0,0.0,0.0,0.0,16.05439375476291,8.456456521580765,0.0069981919988607285,0.0023327838045102875
0324-3.tif,0.0,175.20295770588146,0.0,0.0853030303030303,4.1827364554637276e-05,0.0,0.0,0.0,0.0,0.0,-43.737005480232064,14.753737163190698,0.010759813114942637,0.0035146663861209374
0324-4.tif,0.0,138.07103018012143,0.0,0.10857142857142857,0.003666213151927438,0.0,0.0,0.0,0.0,0.0,-44.4465288001016,4.917716478663285,0.006394343351123033,0.0020404354676125985
0324-6.tif,0.0,176.60494204737182,0.0,0.08287878787878787,0.00014701561065197431,0.0,0.0,0.0,0.0,0.0,-21.893063694122763,9.317558505282562,0.006968498791135833,0.0022338368949282018
0327-1.tif,0.0,169.43884047395105,0.0,0.0905,0.0005628055555555555,0.0,0.0,0.0,0.0,0.0,35.954797746720935,14.572649729688413,0.00926876733425856,0.002382100927219315
0327-2.tif,0.0,155.2431310946353,0.0,0.0862962962962963,0.00046776406035665296,0.0,0.0,0.028333333333333332,0.01625,0.0,-32.9130212482567,14.862550708321741,0.005383712167235665,0.0014124654701059508
0327-3.tif,0.0,162.44185227921045,0.0,0.09016666666666667,0.0003658055555555555,0.0,0.0,0.02,0.008333333333333333,1.861496913580247e-10,39.553732663994495,10.327842976300534,0.009105033923651126,0.002418080908252394
0327-4.tif,0.0,137.84660859085363,0.0,0.10785714285714285,0.0035616780045351474,0.0,0.0,0.021666666666666667,0.015,0.0,-7.1476205411021745,3.480060178559405,0.005034001423642841,0.0012915700667590847
0327-6.tif,0.0,165.90622662533752,0.0,0.08850000000000001,0.00057525,0.0,0.0,0.02666666666666667,0.014166666666666668,7.291666666666667e-10,37.9171252784787,14.888401567329533,0.005481183213327371,0.001415750132631294
0358-1.tif,0.0,171.42513348073814,0.0,0.08227272727272728,0.00012286501377410466,0.0,0.0,0.0,0.0,0.0,41.206550291105195,16.549689567116445,0.010863022157274166,0.003157664048949258
0358-2.tif,0.0,149.63370914864151,0.0,0.1025,0.0020486111111111113,0.0,0.0,0.0,0.0,0.0,44.77249408920508,5.821579952117426,0.006577008088132903,0.0019223020382756449
0358-3.tif,0.0,170.89061795717495,0.0,0.092,0.0005832222222222223,0.0,0.0,0.0,0.0,0.0,19.4223841952714,8.868755738528614,0.009888497941948963,0.002876147686467463
0358-4.tif,0.0,133.82397820591473,0.0,0.12055555555555554,0.006220061728395062,0.0,0.0,0.0,0.0,0.0,-44.08173554138441,5.31725404453934,0.006150929288861681,0.0017762690205304747
0358-6.tif,0.0,169.13161777808253,0.0,0.0905,0.00038169444444444443,0.0,0.0,0.0,0.0,0.0,5.510134948923516,5.80151697001317,0.0062857187861475065,0.0018400177824013683
0363-1.tif,0.0,172.3166295902207,0.0,0.0834848484848485,1.841138659320478e-05,0.0,0.0,0.01388888888888889,0.013333333333333332,8.680555555555555e-12,-1.4060500228727837,4.894226724931965,0.011917062475824844,0.003472244762259462
0363-2.tif,0.0,153.56070460895913,0.0,0.09537037037037037,0.0013510973936899863,0.0,0.0,0.022,0.01375,2.7440972222222225e-09,31.693465361521564,17.90872110094855,0.006212628655361424,0.0016398055740783973
0363-3.tif,0.0,182.55325882517766,0.0,0.08,9.120370370370371e-05,0.0,0.0,0.021666666666666667,0.013125,1.5625e-10,18.261355365630322,10.342817495917494,0.009571989008466206,0.0025345318978016087
0363-4.tif,0.0,144.92228653938105,0.0,0.10020833333333333,0.0024662760416666665,0.0,0.0,0.022916666666666665,0.0121875,1.30859375e-09,16.250225907907765,8.15053445389243,0.005934117076149604,0.001589182800633722
0363-6.tif,0.0,172.7458795134891,0.0,0.08106060606060606,0.0001612488521579431,0.0,0.0,0.01904761904761905,0.01375,3.848852040816326e-09,29.23128722778409,13.10518674095292,0.006448111899686501,0.0017508853916815502
0368-1.tif,0.0,176.36680526675082,0.0,0.08666666666666667,0.0005414141414141414,0.0,0.0,0.027708333333333335,0.010625,3.1911892361111112e-09,6.243682870207106,6.56730342374097,0.008405958871011294,0.001966585718163079
0368-2.tif,0.0,157.53200732972755,0.0,0.07727272727272728,0.0002955922865013774,0.0,0.0,0.026041666666666668,0.010625,1.2833658854166666e-09,-45.23359619969342,7.479744762626573,0.004959666013827773,0.0011803810605937588
0368-3.tif,0.0,159.31578965480267,0.0,0.08299999999999999,0.00047155555555555563,0.0,0.0,0.02755555555555556,0.00975,3.1612654320987656e-09,-6.324192126219719,5.717272029403675,0.007983363550226975,0.0019475039428542118
0368-4.tif,0.0,135.59261788420253,0.0,0.095,0.003892361111111111,0.0,0.0,0.027708333333333335,0.00984375,1.4756266276041666e-09,-39.604910438266174,10.650394340116883,0.004443735839314526,0.0010510736806124195
0368-6.tif,0.0,174.21083969336314,0.0,0.08333333333333333,0.00015353535353535353,0.0,0.0,0.028148148148148148,0.011666666666666667,4.252413944615912e-09,44.14086322204654,7.5092915607303725,0.0053480935023610746,0.0013261416831362204
0369-1.tif,0.0,188.7890654261782,0.0,0.07551282051282052,0.00012024983563445102,0.0,0.0,0.021666666666666667,0.010357142857142858,4.477749433106576e-09,-23.070580938134135,23.4385946232111,0.01986130714910631,0.00836330497188898
0369-2.tif,0.0,159.92452647004046,0.0,0.07803030303030303,0.0002963728191000918,0.0,0.0,0.02375,0.0128125,1.8587239583333333e-09,7.798212680066806,10.390489960729768,0.011896373677434803,0.005019946597401561
0369-3.tif,0.0,172.08305084722576,0.0,0.08242424242424243,8.705234159779613e-05,0.0,0.0,0.02361111111111111,0.009166666666666667,2.3331404320987654e-09,-26.73060904842052,20.87248317173039,0.012925360134858675,0.004042808334133476
0369-4.tif,0.0,155.22825129466608,0.0,0.0937037037037037,0.0009634430727023319,0.0,0.0,0.020833333333333332,0.010625,4.567750530478395e-09,13.797144119145027,9.028519589222872,0.006941744691792425,0.0019032964585045495
0369-6.tif,0.0,172.86137004674546,0.0,0.0763888888888889,0.00022260802469135801,0.0,0.0,0.02547619047619048,0.013035714285714286,8.052721088435375e-09,44.51766703868363,9.249918399669069,0.011132422626688865,0.00435496311995347
0374-1.tif,0.0,183.3154554668475,0.0,0.08208333333333333,0.00010237268518518518,0.0,0.0,0.025833333333333333,0.010625,4.3402777777777777e-10,26.883817844381298,12.175824078699637,0.011185551941124226,0.002643200742848323
0374-2.tif,0.0,151.41476068093928,0.0,0.0865,0.0014569166666666667,0.0,0.0,0.0,0.0,0.0,42.90499887560547,10.414876562533905,0.005842070742255719,0.0014571559594028323
0374-3.tif,0.0,188.12940906783558,0.0,0.08263888888888889,0.00027567515432098765,0.0,0.0,0.015833333333333335,0.021875,2.126736111111111e-10,-0.9507456163281296,6.727396882474559,0.00979197851971918,0.002352621089899292
0374-4.tif,0.0,146.0266337959544,0.0,0.099375,0.0024999565972222224,0.0,0.0,0.02666666666666667,0.015,0.0,-2.2051476147187934,9.992042357003392,0.005404938479076308,0.001266581503337738
0374-6.tif,0.0,164.27375861224775,0.0,0.09016666666666667,0.0005630277777777777,0.0,0.0,0.030555555555555555,0.01375,3.253279320987654e-09,-40.89678751125077,13.13377417576255,0.005980817080331591,0.0014907930849846118
0383-1.tif,0.0,141.59840880108788,0.0,0.11095238095238096,0.0037356009070294784,0.0,0.0,0.0,0.0,0.0,-43.80792629133718,4.858578185909006,0.007910177424998489,0.0021379558476384403
0383-2.tif,0.0,159.8126715877061,0.0,0.09574074074074074,0.0009513031550068586,0.0,0.0,0.02,0.0075,0.0,-42.01780795862123,7.597603802329862,0.00613307249019955,0.0016805308638881552
0383-3.tif,0.0,140.24331534871814,0.0,0.10952380952380951,0.0036362811791383226,0.0,0.0,0.016666666666666666,0.00875,0.0,22.865807244612306,9.86461738122234,0.007889975156531524,0.0022159736523738698
0383-4.tif,0.0,138.93853557118942,0.0,0.14033333333333334,0.00945377777777778,0.0,0.0,0.0,0.0,0.0,20.93122725602358,9.325319259936725,0.004855253078940822,0.0013336532002970187
0383-6.tif,0.0,167.94066248440987,0.0,0.09,0.00044444444444444447,0.0,0.0,0.0,0.0,0.0,39.210239712317986,11.567371977953695,0.005742039018775245,0.0015693345556689318
0384-1.tif,0.0,172.71047948003104,0.0,0.0803030303030303,0.0005499081726354453,0.0,0.0,0.02125,0.009375,2.8211805555555554e-11,-41.67350163058243,9.508079173537991,0.012855006059750948,0.003399237819788101
0384-2.tif,0.0,146.54013102218792,0.0,0.09166666666666666,0.0025012345679012345,0.0,0.0,0.03166666666666667,0.01625,2.2813585069444445e-08,11.292617214844618,7.428885494145707,0.006843261417715927,0.0018526119452543174
0384-3.tif,0.0,174.78741055604917,0.0,0.08515151515151516,6.0330578512396686e-05,0.0,0.0,0.02611111111111111,0.012083333333333333,7.12770061728395e-10,-43.78801467599715,8.479767613691498,0.011119751902229073,0.0028954026452178163
0384-4.tif,0.0,151.28299048431236,0.0,0.10354166666666667,0.001916970486111111,0.0,0.0,0.0,0.0,0.0,9.153409437821551,13.400991067456166,0.005967547123526942,0.0015147976865605222
0384-6.tif,0.0,174.54050787392848,0.0,0.085,0.00061010101010101,0.0,0.0,0.02642857142857143,0.012857142857142859,8.436082766439908e-09,-23.71227053292929,10.485930199964809,0.006874804296801206,0.0018175289870259923
0386-1.tif,0.0,176.84173715500535,0.0,0.08439393939393938,0.0003375114784205694,0.0,0.0,0.016,0.012,3.630208333333334e-10,-21.969979033712583,10.853257871003613,0.012519268570365592,0.0037473286918558103
0386-2.tif,0.0,138.94132343555927,0.0,0.09875,0.0035407986111111113,0.0,0.0,0.0,0.0,0.0,-33.584512636388006,15.267668313160385,0.006815002471666448,0.0020075474599027467
0386-3.tif,0.0,148.31681139779764,0.0,0.10270833333333333,0.0019305121527777777,0.0,0.0,0.015,0.00875,0.0,-43.05373311679599,8.422906009474001,0.011086016327434929,0.0032823404132325284
0386-4.tif,0.0,132.40059164016853,0.0,0.13733333333333334,0.010458444444444444,0.0,0.0,0.018333333333333333,0.01,0.0,19.120305032790473,8.453757939823573,0.006757783516090421,0.0019859044118000374
0386-6.tif,0.0,173.7941790356244,0.0,0.08303030303030304,0.0003786960514233241,0.0,0.0,0.017708333333333333,0.01109375,6.694200303819444e-10,-41.75559781203053,10.25760913015211,0.007055683475766337,0.0020862657931882463
0387-1.tif,0.0,173.83299376764532,0.0,0.08393939393939394,0.00011932966023875114,0.0,0.0,0.0,0.0,0.0,41.19159839387512,9.463905489783862,0.012860191190859968,0.0037475048053199392
0387-2.tif,0.0,161.12976137262785,0.0,0.09796296296296296,0.001013443072702332,0.0,0.0,0.02666666666666667,0.0125,0.0,1.511260798616884,6.770784528299063,0.006772445374178316,0.002011501146350962
0387-3.tif,0.0,185.14088670251658,0.0,0.0811111111111111,0.00020154320987654322,0.0,0.0,0.019166666666666665,0.009375,8.7890625e-11,20.296538439931698,9.375944325547517,0.011514040994475248,0.003345066571717976
0387-4.tif,0.0,146.9225881666269,0.0,0.09979166666666667,0.003108637152777778,0.0,0.0,0.015,0.01,0.0,-43.028529647421905,12.061405366202848,0.006703401459955959,0.0019789874500678395
0387-6.tif,0.0,173.52527433585382,0.0,0.08393939393939394,0.0004991276400367309,0.0,0.0,0.02611111111111111,0.014375,3.162254050925926e-09,33.20414343791489,15.605207187423854,0.007323221937489812,0.0021241168668392056
0388-1.tif,0.0,161.60067097479558,0.0,0.09333333333333334,0.00041172839506172843,0.0,0.0,0.0,0.0,0.0,-8.972961264418952,9.106907703128172,0.008204145466097568,0.002277363658640236
0388-2.tif,0.0,149.75758188930982,0.0,0.105,0.0021138888888888887,0.0,0.0,0.023333333333333334,0.0075,0.0,-20.4428858814613,10.011190839869613,0.005186203688226635,0.0014878562597062989
0388-3.tif,0.0,153.7512276373753,0.0,0.09407407407407407,0.0008710562414266118,0.0,0.0,0.0,0.0,0.0,-37.619739420264466,12.43502845874179,0.007978135593256379,0.0022943140921166086
0388-4.tif,0.0,141.54835746132838,0.0,0.11047619047619049,0.00390453514739229,0.0,0.0,0.0,0.0,0.0,15.96331329378105,8.976958928823661,0.004319264542354008,0.0011705961752769612
0388-6.tif,0.0,166.538209449398,0.0,0.09133333333333332,0.00023600000000000002,0.0,0.0,0.023333333333333334,0.007916666666666666,1.4303626543209876e-09,-45.52846252760843,4.9757766472319025,0.0055241774740036765,0.0016167052191157947
0390-1.tif,0.0,157.23434739267373,0.0,0.09648148148148147,0.0013280521262002743,0.0,0.0,0.0,0.0,0.0,30.684315606614607,12.10534817725761,0.0086458042495845,0.0021946864483013244
0390-2.tif,0.0,149.79786380319314,0.0,0.09185185185185185,0.0019959533607681757,0.0,0.0,0.016666666666666666,0.01,9.765625e-12,-30.76986083662217,22.51542955436259,0.005655576896066891,0.0014902420188843803
0390-3.tif,0.0,142.83695271787477,0.0,0.09895833333333333,0.002197873263888889,0.0,0.0,0.0,0.0,0.0,-35.54469683538175,14.110756804522659,0.007951073419773611,0.002083682228603291
0390-4.tif,0.0,128.141414937647,0.0,0.13166666666666665,0.010014444444444444,0.0,0.0,0.0,0.0,0.0,33.59220769645985,13.291115896462287,0.00498654119478372,0.0013138758171371307
0390-6.tif,0.0,170.29989887124287,0.0,0.08257575757575758,6.634527089072542e-05,0.0,0.0,0.0,0.0,0.0,-5.742245073671697,14.497567212399051,0.005347098539962368,0.0014487433865683938
0391-1.tif,0.0,181.19243423733803,0.0,0.07944444444444444,0.00010709876543209876,0.0,0.0,0.022058823529411763,0.022867647058823527,1.756767228950404e-08,-13.0648005696501,10.461031252243782,0.011968327646247948,0.0031433612075858707
0391-2.tif,0.0,159.80879199843793,0.0,0.09592592592592593,0.0011457475994513032,0.0,0.0,0.028333333333333332,0.01375,0.0,-10.456213439325593,10.726637159909975,0.006357620153559747,0.0018061009644628901
0391-3.tif,0.0,181.47720609310952,0.0,0.07916666666666666,0.00016180555555555555,0.0,0.0,0.015,0.01125,0.0,-42.56763301073398,8.385111369900306,0.009372402704008891,0.0026013685077064174
0391-4.tif,0.0,160.6244377422066,0.0,0.09722222222222222,0.0008462962962962964,0.0,0.0,0.015833333333333335,0.009375,1.736111111111111e-11,31.27281702414074,12.826426737966711,0.0060986019348612,0.0016874639268616052
0391-6.tif,0.0,163.8902707098055,0.0,0.08287878787878787,0.0008495408631772267,0.0,0.0,0.0225,0.012916666666666667,2.4239245756172838e-09,-19.10904542859321,9.203640716533139,0.006313805131400977,0.0017292294963617489
0392-1.tif,0.0,170.87243454954603,0.0,0.08272727272727272,4.963269054178145e-05,0.0,0.0,0.015,0.012916666666666667,3.0189043209876544e-10,-41.08478029785517,10.481260267796808,0.013287365708852644,0.0037941475850939363
0392-2.tif,0.0,146.21099247658384,0.0,0.10270833333333333,0.002317317708333333,0.0,0.0,0.020416666666666666,0.010625,2.916124131944444e-10,40.23598949344945,12.741384179730016,0.007811323495665353,0.002351413973735405
0392-3.tif,0.0,169.78777602904424,0.0,0.08272727272727272,8.044077134986225e-05,0.0,0.0,0.011666666666666667,0.0125,0.0,-19.551735896264056,11.964936809604515,0.01233753579031884,0.0036659790924477896
0392-4.tif,0.0,135.61755951564527,0.0,0.12388888888888888,0.006890432098765431,0.0,0.0,0.020833333333333332,0.0125,1.5625e-10,44.55106067768432,6.710983727098541,0.00787935700063866,0.0023002212266180736
0392-6.tif,0.0,163.54873126991845,0.0,0.091,0.0009001111111111112,0.0,0.0,0.024285714285714285,0.01,8.900226757369615e-10,43.51952203347991,11.167989641239368,0.0076282875500374055,0.0022463279743222342
0393-1.tif,0.0,154.85593304746192,0.0,0.10166666666666667,0.0020833333333333333,0.0,0.0,0.0,0.0,0.0,44.31236143170422,7.214548460699375,0.01501434357903557,0.0041618628981359785
0393-2.tif,0.0,157.50923782432574,0.0,0.09555555555555556,0.0016666666666666668,0.0,0.0,0.0325,0.0075,4.340277777777778e-12,-16.695719567003962,9.839313237253291,0.009641459018571056,0.002778489085235919
0393-3.tif,0.0,155.60041773722844,0.0,0.09574074074074074,0.0011253772290809327,0.0,0.0,0.03166666666666667,0.01375,0.0,42.69951236277324,7.019796789060084,0.015829238690218187,0.004444072327454672
0393-4.tif,0.0,129.83247753248116,0.0,0.13866666666666666,0.010854888888888888,0.0,0.0,0.0,0.0,0.0,9.236226178282212,11.688882373249081,0.007805210161131886,0.002083983339202999
0393-6.tif,0.0,169.36697893544363,0.0,0.09133333333333332,0.0006093333333333333,0.0,0.0,0.03133333333333333,0.008,3.3621527777777776e-09,20.624894974555716,9.752372635942107,0.009270396894522344,0.0025323866339538783
0394-1.tif,0.0,183.08787943944606,0.0,0.08097222222222222,0.00029048996913580243,0.0,0.0,0.024166666666666666,0.01125,2.006293402777778e-09,38.70019595812654,13.434639585581825,0.010924932047692586,0.00303120230957184
0394-2.tif,0.0,142.09676280619485,0.0,0.09270833333333334,0.0021200954861111112,0.0,0.0,0.024444444444444442,0.009583333333333334,6.491126543209876e-10,-43.79016440019923,8.056958151814683,0.006376692924594039,0.001821292631765712
0394-3.tif,0.0,174.97277566016442,0.0,0.0853030303030303,0.00021101928374655645,0.0,0.0,0.022857142857142857,0.0125,2.2962726757369613e-09,3.765513283031846,7.116550653355332,0.01153259203662954,0.0032734033812761
0394-4.tif,0.0,149.91250781705975,0.0,0.09037037037037036,0.0011566529492455417,0.0,0.0,0.0,0.0,0.0,-26.657472884032472,13.429734277349075,0.0060270882875410004,0.0016897076590804373
0394-6.tif,0.0,162.78658489636737,0.0,0.08121212121212121,0.0007985307621671258,0.0,0.0,0.024523809523809524,0.01,1.318735827664399e-09,34.159919003776125,12.151390282664645,0.0064427465912651385,0.0018542897475241087
0395-1.tif,0.0,184.37718607670018,0.0,0.0813888888888889,0.00026797839506172844,0.0,0.0,0.0,0.0,0.0,-44.9872684690403,3.8236211657275536,0.00749312334561321,0.0018778346759345565
0395-2.tif,0.0,162.56355400553068,0.0,0.08733333333333333,0.0002934444444444445,0.0,0.0,0.02666666666666667,0.00625,0.0,-17.72025161029742,9.674854099991219,0.004532321355816166,0.0011746143193642295
0395-3.tif,0.0,171.69498148363763,0.0,0.08363636363636363,8.071625344352617e-05,0.0,0.0,0.0,0.0,0.0,7.7374140899893105,8.134339432628368,0.007566154024247075,0.001961418988286293
0395-4.tif,0.0,147.62866328129581,0.0,0.1025,0.002340277777777778,0.0,0.0,0.0,0.0,0.0,44.62411701723593,3.7626557626232398,0.0048679241826519665,0.0012261237417448504
0395-6.tif,0.0,165.4756230330674,0.0,0.08883333333333333,0.00044724999999999995,0.0,0.0,0.031111111111111114,0.01,4.89209587191358e-09,1.1651087008896568,11.438106060726934,0.00575111745561091,0.0015041323092123287
0396-1.tif,0.0,164.56524240636134,0.0,0.08966666666666666,0.00028044444444444444,0.0,0.0,0.0,0.0,0.0,-41.61757227130636,11.197431023534284,0.012344045020246715,0.0046178011356196825
0396-2.tif,0.0,162.90414359370973,0.0,0.09796296296296296,0.001296159122085048,0.0,0.0,0.0,0.0,0.0,-44.829478572602305,3.3152737316265775,0.007303985322543898,0.002719139341962165
0396-3.tif,0.0,154.1417853795654,0.0,0.09425925925925926,0.0009568587105624142,0.0,0.0,0.0,0.0,0.0,28.70663425326432,13.512037867117996,0.012261579362037362,0.004665263754275157
0396-4.tif,0.0,141.0094800692058,0.0,0.12555555555555556,0.006683950617283951,0.0,0.0,0.0,0.0,0.0,-44.92327513489263,3.5992849555744733,0.007054676750091768,0.0026266294553564484
0396-6.tif,0.0,172.93212782283496,0.0,0.08439393939393938,0.0005334710743801654,0.0,0.0,0.0,0.0,0.0,-45.225375760607875,8.35845255144749,0.007330507063500917,0.0027441714729790822
0398-1.tif,0.0,171.37909262342868,0.0,0.0935,0.00043413888888888896,0.0,0.0,0.0,0.0,0.0,-16.343031225096187,9.61685929281742,0.01175373552568757,0.003511617764955928
0398-2.tif,0.0,140.75273828005385,0.0,0.10523809523809524,0.001980498866213152,0.0,0.0,0.0,0.0,0.0,-29.877617588100037,16.232344311534252,0.006750732578800818,0.002017910919713328
0398-3.tif,0.0,164.59496994814697,0.0,0.08966666666666666,0.00027822222222222224,0.0,0.0,0.018333333333333333,0.0075,0.0,-1.376658181116757,3.7509580226754,0.01086278788401605,0.0033291525831792715
0398-4.tif,0.0,138.17838219534357,0.0,0.12583333333333332,0.006280324074074074,0.0,0.0,0.0,0.0,0.0,44.14287616473475,8.988201451318988,0.006849751257437357,0.0020572560741960403
0398-6.tif,0.0,168.05454643809074,0.0,0.0905,0.00047113888888888883,0.0,0.0,0.02666666666666667,0.006875,1.0850694444444444e-10,-2.6982451733311494,13.612370017654003,0.007219115745981321,0.0021969270249163468
0399-1.tif,0.0,140.41361890856598,0.0,0.11047619047619049,0.0036061224489795916,0.0,0.0,0.0,0.0,0.0,-20.31086107476193,8.178327935379526,0.009745278914186764,0.002821002641833784
0399-2.tif,0.0,143.89888425171645,0.0,0.10083333333333333,0.00198125,0.0,0.0,0.021666666666666667,0.0075,0.0,41.23265916429663,7.666948246704233,0.005823296266723987,0.0017431346582270902
0399-3.tif,0.0,147.4238032943723,0.0,0.09958333333333333,0.003924826388888889,0.0,0.0,0.0,0.0,0.0,33.2308667389938,15.595766813465268,0.009348931431592565,0.002825968451156027
0399-4.tif,0.0,130.0830503947382,0.0,0.1575,0.017514583333333333,0.0,0.0,0.0,0.0,0.0,-43.11658930496397,7.20285783891075,0.005849702241319194,0.0017576767335275012
0399-6.tif,0.0,164.8654347346585,0.0,0.088,0.0004315555555555555,0.0,0.0,0.02,0.009375,1.3129340277777777e-10,46.320037789981896,11.487595488386134,0.006107068193800695,0.0018204898170219117
0400-1.tif,0.0,180.2470690945064,0.0,0.07916666666666666,0.00010300925925925926,0.0,0.0,0.02378787878787879,0.010227272727272727,6.402806473829201e-10,-43.517515076462345,9.831268226734936,0.01644050991091813,0.004912745839107466
0400-2.tif,0.0,162.3934615790807,0.0,0.08533333333333334,0.00045488888888888884,0.0,0.0,0.021111111111111112,0.01,3.568672839506173e-11,-44.00085166337792,6.579270263720944,0.008293355179120094,0.0022567266646711923
0400-3.tif,0.0,179.21348225572268,0.0,0.08606060606060606,0.0003587235996326905,0.0,0.0,0.025238095238095237,0.013214285714285713,6.763038548752836e-09,5.931714852311104,8.243670425758715,0.01286956195334287,0.0033199820783234033
0400-4.tif,0.0,150.2870586577567,0.0,0.09240740740740741,0.0015772290809327849,0.0,0.0,0.022333333333333334,0.0125,1.8713541666666668e-09,-16.437939119127876,11.319599921757819,0.007732715268742458,0.001969268513689495
0400-6.tif,0.0,174.5687344731454,0.0,0.08560606060606062,0.0006844811753902662,0.0,0.0,0.025350877192982457,0.01105263157894737,1.3573888119421362e-09,-20.503846948713267,12.125776382546105,0.007976314195208983,0.0020648304808823896
0403-1.tif,0.0,181.3152147520768,0.0,0.07944444444444444,8.302469135802469e-05,0.0,0.0,0.015555555555555557,0.01,4.1473765432098765e-11,-27.557803581077845,20.11864906233239,0.00798807245193643,0.0017792940786002806
0403-2.tif,0.0,158.91897202480732,0.0,0.08583333333333333,7.902777777777777e-05,0.0,0.0,0.03,0.013125,3.90625e-11,-44.27110279531563,8.042253852603695,0.005225379828844902,0.0011756724570617769
0403-3.tif,0.0,169.30864321311736,0.0,0.08121212121212121,6.469237832874196e-05,0.0,0.0,0.021481481481481483,0.010694444444444444,2.2239368998628257e-09,44.75741291391607,9.021498436141552,0.008229328742569191,0.0018442958182510179
0403-4.tif,0.0,157.10821663915988,0.0,0.085,0.00016333333333333334,0.0,0.0,0.019074074074074073,0.009861111111111112,3.048804012345679e-09,-2.9243189549136166,5.034024564838939,0.005057453732994803,0.0010943401043202545
0403-6.tif,0.0,173.5744296969692,0.0,0.09283333333333334,0.0009839166666666668,0.0,0.0,0.023703703703703703,0.013055555555555556,8.16358024691358e-09,-44.11276090367556,8.889945592755268,0.0050729005389142275,0.0011796998976129301
0405-1.tif,0.0,167.81487816440273,0.0,0.08090909090909092,0.00010472910927456382,0.0,0.0,0.023333333333333334,0.00875,0.0,-1.2762646361760142,4.681133784916623,0.01236093975743133,0.003675300941735358
0405-2.tif,0.0,136.85713917516279,0.0,0.09125,0.003576215277777778,0.0,0.0,0.024,0.00975,3.1086805555555558e-09,5.291809979107016,6.1587798195261305,0.007704753950629122,0.0023205431055342614
0405-3.tif,0.0,158.2893573843707,0.0,0.09185185185185185,0.0005305212620027434,0.0,0.0,0.023333333333333334,0.010416666666666668,1.4072145061728396e-09,41.72255638839753,12.135062357966818,0.01204980649610289,0.0036802672753682474
0405-4.tif,0.0,137.14107141694552,0.0,0.12583333333333332,0.006903472222222222,0.0,0.0,0.0275,0.00875,3.90625e-11,-31.382807060976216,19.253266890752815,0.007774975575398178,0.00238059156531947
0405-6.tif,0.0,172.4481202178402,0.0,0.08333333333333333,0.00019848484848484848,0.0,0.0,0.02380952380952381,0.012321428571428572,6.324227607709751e-09,30.615443118350637,12.83929992067107,0.007340764707463299,0.0022968041321236097
0408-1.tif,0.0,152.94475723421218,0.0,0.10479166666666667,0.002093359375,0.0,0.0,0.0,0.0,0.0,38.497040804896095,12.595130081913345,0.008477880472068268,0.00227983312476913
0408-2.tif,0.0,150.2420269653823,0.0,0.10270833333333333,0.001890234375,0.0,0.0,0.0,0.0,0.0,-16.65845967746337,10.141350226625688,0.005249347542693423,0.001401102215843204
0408-3.tif,0.0,153.66652205343883,0.0,0.09333333333333334,0.001787037037037037,0.0,0.0,0.015,0.01125,0.0,-1.9467363741840562,4.1945194704117865,0.008326738671350236,0.0023277883208429246
0408-4.tif,0.0,130.63360551132658,0.0,0.13533333333333333,0.008698222222222222,0.0,0.0,0.0,0.0,0.0,43.62345795089048,8.34155398400455,0.005290783751078056,0.0014390791232458868
0408-6.tif,0.0,163.56710655601705,0.0,0.089,0.00044177777777777786,0.0,0.0,0.0,0.0,0.0,39.64200854618661,12.082361341339041,0.005286313693678546,0.0014744217953070122
0410-1.tif,0.0,177.83675020147615,0.0,0.08575757575757575,4.765840220385675e-05,0.0,0.0,0.0,0.0,0.0,-24.231485262150237,14.58137435213378,0.011563922642120278,0.003105955396812422
0410-2.tif,0.0,166.08750058700886,0.0,0.0875,0.00031458333333333333,0.0,0.0,0.02388888888888889,0.010833333333333332,1.5895061728395062e-09,-44.0759516859532,5.975688160200005,0.0070060971442306485,0.0019488073201727222
0410-3.tif,0.0,179.54231753818442,0.0,0.07930555555555556,0.0001548418209876543,0.0,0.0,0.023333333333333334,0.01375,0.0,5.826641155553291,7.571285934302141,0.010945557423242058,0.0030056278172374377
0410-4.tif,0.0,153.45357604174623,0.0,0.10479166666666667,0.0024030815972222223,0.0,0.0,0.0,0.0,0.0,10.563592885417334,6.616795132183339,0.006277865336834788,0.0017184747770292422
0410-6.tif,0.0,175.8817468894623,0.0,0.08409090909090909,0.00029109274563820023,0.0,0.0,0.02666666666666667,0.01,1.824001736111111e-09,9.11419644041319,3.7129559167674637,0.006707202857135695,0.001878242234467915
0411-1.tif,0.0,169.36736862676813,0.0,0.0834848484848485,0.00026083562901744713,0.0,0.0,0.0,0.0,0.0,-6.053515085906891,8.78300376113831,0.008576732873007418,0.002166921164476766
0411-2.tif,0.0,154.071704086117,0.0,0.095,0.0013320987654320987,0.0,0.0,0.016666666666666666,0.00875,0.0,36.748107616626605,14.335945348308819,0.005704255798052382,0.001488831972144177
0411-3.tif,0.0,159.3938933056737,0.0,0.08716666666666666,0.001098361111111111,0.0,0.0,0.016666666666666666,0.01375,7.91015625e-10,-5.027627777201918,5.757403367972595,0.008253062703041499,0.0021329152987711003
0411-4.tif,0.0,138.387081676723,0.0,0.10761904761904761,0.004922902494331066,0.0,0.0,0.021666666666666667,0.01,0.0,-1.545344369985287,5.935996074180267,0.005468795206448851,0.0014164817644982185
0411-6.tif,0.0,168.6121276384853,0.0,0.09,0.0011133333333333334,0.0,0.0,0.025,0.010416666666666668,1.5345293209876544e-09,10.805514799855123,8.73065410885651,0.005815363885696658,0.001557330994008725
0412-1.tif,0.0,161.21009340260315,0.0,0.08866666666666667,0.0004121111111111111,0.0,0.0,0.0,0.0,0.0,-11.527304734886378,12.589722809444018,0.00954053984574141,0.002351041153700707
0412-2.tif,0.0,149.74848914095926,0.0,0.09203703703703704,0.0004992455418381344,0.0,0.0,0.03208333333333333,0.015625,4.381510416666666e-09,-44.76196643348884,6.6787507586195325,0.006361308652151418,0.001585284773382341
0412-3.tif,0.0,160.60536306309356,0.0,0.08766666666666667,0.0005151111111111112,0.0,0.0,0.03166666666666667,0.01,0.0,42.06243815021742,8.680824100416153,0.009783939576718415,0.0024450755153671046
0412-4.tif,0.0,135.12896334499825,0.0,0.12083333333333333,0.005759953703703704,0.0,0.0,0.025,0.015625,1.736111111111111e-11,-44.81252027833556,7.497200979632717,0.0061276843170872475,0.0015531179976748673
0412-6.tif,0.0,166.8906827836713,0.0,0.08363636363636363,0.0006398071625344352,0.0,0.0,0.02972222222222222,0.011666666666666667,2.389684606481482e-09,-10.116614896369617,13.53854800861646,0.0070933777027601735,0.001871260957158678
0413-1.tif,0.0,171.0739768508219,0.0,0.08393939393939394,0.00011023875114784206,0.0,0.0,0.02,0.011875,1.736111111111111e-09,6.5347227227172215,9.439194346969266,0.012839220108397515,0.003900195606966298
0413-2.tif,0.0,150.6845536567826,0.0,0.0845,0.0015672499999999998,0.0,0.0,0.023666666666666666,0.010249999999999999,3.965277777777778e-09,40.482620492670875,12.734942426618682,0.007637490138744426,0.002331211021377105
0413-3.tif,0.0,158.69066536103273,0.0,0.08733333333333333,0.0008101111111111111,0.0,0.0,0.024166666666666666,0.009791666666666666,5.324676890432098e-09,15.672393716944159,11.045536867974409,0.012579747817344687,0.003861414322596443
0413-4.tif,0.0,142.7485054298963,0.0,0.098125,0.002990581597222222,0.0,0.0,0.017222222222222222,0.009166666666666667,2.4980709876543215e-10,-40.97069720144947,10.396318327550839,0.0073923625730738995,0.002282325107645737
0413-6.tif,0.0,172.0079132546588,0.0,0.08287878787878787,9.499540863177227e-05,0.0,0.0,0.03363636363636364,0.010795454545454546,2.2529485192837465e-08,-44.27523030876809,7.9599463471178575,0.008228555375740873,0.002575197606272468
0418-1.tif,0.0,175.62054660229504,0.0,0.08621212121212121,0.00010206611570247934,0.0,0.0,0.025925925925925925,0.014722222222222223,2.0013503086419753e-09,-12.529990512634777,9.838000424158803,0.011529364391617645,0.0034590405370028567
0418-2.tif,0.0,163.3657246793219,0.0,0.09796296296296296,0.001020233196159122,0.0,0.0,0.027916666666666666,0.0125,4.222005208333333e-09,44.116819687027586,5.415734028730329,0.006846567233538529,0.0020683183565378127
0418-3.tif,0.0,161.92815466350277,0.0,0.08850000000000001,0.0005585833333333333,0.0,0.0,0.02611111111111111,0.013333333333333332,2.3466435185185183e-09,19.00177433433555,11.354435392469535,0.010467256133664754,0.003150315636733356
0418-4.tif,0.0,145.61550928115412,0.0,0.09895833333333333,0.0019992621527777778,0.0,0.0,0.026944444444444448,0.014583333333333332,2.2228250385802467e-09,20.706756901462807,10.870470827936114,0.006475284318306207,0.0019271523248768979
0418-6.tif,0.0,170.13169425015948,0.0,0.0915,0.00045858333333333325,0.0,0.0,0.0319047619047619,0.011428571428571429,2.9402281746031747e-09,19.27903610258216,8.689289961788136,0.007350418230425213,0.0022789002429801984
0425-1.tif,0.0,169.253587434666,0.0,0.09266666666666667,0.0007234444444444446,0.0,0.0,0.013333333333333334,0.01125,0.0,-43.89442724122198,6.277138692712936,0.008647559129698305,0.00212875737420858
0425-2.tif,0.0,146.3970585955609,0.0,0.10083333333333333,0.0022847222222222223,0.0,0.0,0.0,0.0,0.0,-44.21064065308217,5.196399391960332,0.005277781666287008,0.0013617934830629007
0425-3.tif,0.0,151.45111422501984,0.0,0.09314814814814815,0.0009200274348422497,0.0,0.0,0.021666666666666667,0.01,1.833767361111111e-10,45.92598949984709,12.544509479991323,0.007968478311645844,0.0020502789027353635
0425-4.tif,0.0,134.994650099756,0.0,0.14233333333333334,0.010511777777777778,0.0,0.0,0.019166666666666665,0.00875,9.765625e-12,-22.83251860042483,9.55477611356099,0.004894496223236255,0.0012175254652027315
0425-6.tif,0.0,170.96799570549908,0.0,0.08075757575757575,0.00021735537190082643,0.0,0.0,0.02375,0.01375,1.3695746527777778e-08,30.563823902857003,16.571255668568405,0.005117911263461785,0.001317947708070699
0429-1.tif,0.0,174.06438384179063,0.0,0.07863636363636363,0.0005812213039485766,0.0,0.0,0.018333333333333333,0.0125,0.0,33.069670675699555,15.860587579046829,0.014215477532389824,0.00531269839024088
0429-2.tif,0.0,154.24344394495344,0.0,0.09351851851851853,0.0012620027434842248,0.0,0.0,0.02,0.009375,4.340277777777778e-12,13.076314565161345,7.667968421218893,0.009636391684254998,0.003810321614507412
0429-3.tif,0.0,181.74815138686935,0.0,0.0798611111111111,9.836033950617284e-05,0.0,0.0,0.017272727272727273,0.011704545454545454,3.734791092745638e-10,-4.312449323460084,4.698091425476722,0.016834666132465603,0.006671329154834184
0429-4.tif,0.0,148.24754073283418,0.0,0.10333333333333333,0.002738888888888889,0.0,0.0,0.0175,0.011875,3.90625e-11,40.69591757568717,10.95807580939974,0.010221806937719667,0.004069057491400771
0429-6.tif,0.0,180.7554822922343,0.0,0.07777777777777778,0.00021635802469135803,0.0,0.0,0.02666666666666667,0.01265625,2.910088433159722e-09,41.740023538762365,7.946959730505896,0.011079903239267084,0.004297818210425462
0430-1.tif,0.0,172.42558781495666,0.0,0.08363636363636363,1.657483930211203e-05,0.0,0.0,0.0,0.0,0.0,18.286242543265033,9.782842265395645,0.00815426604854606,0.0018560816375948694
0430-2.tif,0.0,132.434830671542,0.0,0.10666666666666667,0.00738968253968254,0.0,0.0,0.016666666666666666,0.00875,0.0,-44.30337542550538,9.171636557520335,0.0047240878753596,0.0011296405197224139
0430-3.tif,0.0,136.11547115446982,0.0,0.07933333333333334,0.0025528888888888893,0.0,0.0,0.016666666666666666,0.00875,9.934413580246914e-11,-7.126509850376066,11.659158134296332,0.00791261725133447,0.001796415011769773
0430-4.tif,0.0,140.4099711558976,0.0,0.16375,0.013615798611111112,0.0,0.0,0.0,0.0,0.0,-25.04161853442189,13.485221414842751,0.003965861896856932,0.0008921428794915444
0430-6.tif,0.0,134.56963867946212,0.0,0.095,0.004776388888888889,0.0,0.0,0.01966666666666667,0.011000000000000001,1.3899305555555557e-09,44.74166462786448,5.2173657150341795,0.005001375808207482,0.001203017244879686
0431-1.tif,0.0,174.58466586603635,0.0,0.08950000000000001,0.00023725,0.0,0.0,0.0,0.0,0.0,13.96703766595402,9.091862384861832,0.016131491884689302,0.0058685937393074495
0431-2.tif,0.0,150.82920804671753,0.0,0.09148148148148148,0.000803360768175583,0.0,0.0,0.021666666666666667,0.013125,4.584418402777778e-09,-20.157235068146576,9.820401904931757,0.00921293425477549,0.0032846853860658987
0431-3.tif,0.0,144.3352578778542,0.0,0.26916666666666667,0.04305625,0.0,0.0,0.0,0.0,0.0,17.112492799902356,7.067410567650398,0.004186295042498584,0.0013569587303010472
0431-4.tif,0.0,147.5,0.0,0.49166666666666664,0.0,0.0,0.0,0.0,0.0,0.0,45.23967999706705,8.992206682284642,0.002655610932456143,0.0008272038878599093
0431-6.tif,0.0,165.26157717052348,0.0,0.07909090909090909,0.00023856749311294769,0.0,0.0,0.02666666666666667,0.012,1.4052083333333333e-09,-11.906741596986574,10.710657008912873,0.00961025107032455,0.003457464633998738
0432-1.tif,0.0,173.97339755133703,0.0,0.08393939393939394,4.710743801652893e-05,0.0,0.0,0.013703703703703702,0.01125,8.369770233196157e-11,0.0852655085065599,2.700502940559643,0.015620785651960399,0.004428455783163791
0432-2.tif,0.0,148.49317230843383,0.0,0.10416666666666667,0.0020375,0.0,0.0,0.014444444444444444,0.011666666666666667,1.7602237654320987e-10,42.338627330290066,17.530300876999686,0.008508082988014427,0.0022729950902192503
0432-3.tif,0.0,178.87720803823933,0.0,0.08727272727272728,0.0003481175390266299,0.0,0.0,0.016666666666666666,0.012205882352941178,1.132166714725106e-09,1.6995474284576721,5.8720947477452645,0.012967531617470003,0.003401796059175638
0432-4.tif,0.0,138.64164660317442,0.0,0.09583333333333334,0.0017875,0.0,0.0,0.014047619047619048,0.011964285714285714,1.8317743764172338e-10,-35.38225202668818,12.851368173165277,0.008090308414738484,0.0020564170716289827
0432-6.tif,0.0,167.26233138396702,0.0,0.08257575757575758,0.0005764462809917356,0.0,0.0,0.01596153846153846,0.011875,1.523334771531887e-09,10.921967507057483,10.279280625016034,0.00770295244233508,0.0018964554430904678
0476-1.tif,0.0,176.127005942366,0.0,0.0853030303030303,5.344352617079889e-05,0.0,0.0,0.017777777777777778,0.01,1.6493055555555555e-10,-12.156686952858214,7.786198934418583,0.010107154016295177,0.0026466321984862577
0476-2.tif,0.0,162.4189053849529,0.0,0.0875,0.00019180555555555555,0.0,0.0,0.018333333333333333,0.01075,9.809027777777778e-10,45.574283590391836,5.684082634213408,0.0058970293619262934,0.001557111709300871
0476-3.tif,0.0,176.27273297049913,0.0,0.08560606060606062,5.1147842056932974e-05,0.0,0.0,0.014444444444444444,0.011458333333333333,9.066358024691358e-11,22.387562879048563,11.573682813872216,0.010011901943920093,0.002664076877884973
0476-4.tif,0.0,147.87215031744879,0.0,0.10270833333333333,0.0019832899305555554,0.0,0.0,0.018055555555555557,0.01,2.4510513117283955e-10,44.61288523426147,4.539123679417982,0.005749145988595763,0.0014928822307382597
0476-6.tif,0.0,176.71986227422832,0.0,0.08545454545454545,0.0004919651056014692,0.0,0.0,0.01888888888888889,0.011083333333333334,7.66809413580247e-09,-10.445829650751403,8.834910807211086,0.007826358295957897,0.0020915482956820435
0477-1.tif,0.0,173.6420927911458,0.0,0.08439393939393938,8.751147842056934e-05,0.0,0.0,0.0,0.0,0.0,-19.526458221757213,8.465759111439256,0.007880036309563479,0.0019866863770184253
0477-2.tif,0.0,154.60802049052955,0.0,0.0937037037037037,0.0013307270233196159,0.0,0.0,0.025,0.01125,0.0,-24.387405695603295,22.154286973480364,0.007019948088202905,0.0021960016398836096
0477-3.tif,0.0,164.88202644505586,0.0,0.09066666666666666,0.00022233333333333336,0.0,0.0,0.011666666666666667,0.0125,0.0,-44.121702015284924,9.207160191471917,0.01212774107182657,0.003873276768063383
0477-4.tif,0.0,145.37623602226054,0.0,0.11333333333333333,0.004852380952380953,0.0,0.0,0.013333333333333334,0.015,0.0,-45.25849191356066,9.660265765729644,0.006793082636995995,0.0021096232027555594
0477-6.tif,0.0,165.90104588215647,0.0,0.08966666666666666,0.0005282222222222222,0.0,0.0,0.017916666666666668,0.0134375,3.1410047743055555e-09,14.03416977238763,8.521393018509452,0.0073867278251205535,0.0023136916609952803
0479-1.tif,0.0,178.57237937194043,0.0,0.07958333333333334,0.00017413194444444445,0.0,0.0,0.0,0.0,0.0,-44.087437670024734,4.061341811394552,0.01140341337697153,0.0032824302088708796
0479-2.tif,0.0,144.35710999674237,0.0,0.085,0.001591358024691358,0.0,0.0,0.0,0.0,0.0,-18.26400704829476,9.086500402608712,0.006705327645647159,0.002014714911685686
0479-3.tif,0.0,178.58821763848238,0.0,0.0801388888888889,0.0001687307098765432,0.0,0.0,0.019583333333333335,0.010625,1.1366102430555555e-10,-2.8831078721720993,4.756816149913276,0.011730626845776238,0.003474785637703512
0479-4.tif,0.0,149.70695655014222,0.0,0.103125,0.002628776041666667,0.0,0.0,0.016666666666666666,0.01,0.0,-21.744489821217208,11.290698101759018,0.006549146016124993,0.001973107063698005
0479-6.tif,0.0,174.0578891068445,0.0,0.0925,0.0010501388888888889,0.0,0.0,0.03222222222222222,0.00875,1.5046296296296296e-10,5.859569906375407,7.0075908076003826,0.006497029263252277,0.0018652319390340957
0481-1.tif,0.0,186.0601480656856,0.0,0.08236111111111111,0.00014789737654320986,0.0,0.0,0.020729166666666667,0.009609375,9.722825038580248e-10,-47.61004109936833,10.420233432433667,0.0112773762922014,0.002816968700590129
0481-2.tif,0.0,145.30060035254473,0.0,0.08283333333333334,0.0014989166666666666,0.0,0.0,0.02215686274509804,0.00889705882352941,8.026360053825452e-10,10.669624756078457,9.631505135430515,0.005785581365744065,0.0014508717662349668
0481-3.tif,0.0,174.58814631392744,0.0,0.08363636363636363,0.0001231404958677686,0.0,0.0,0.022152777777777778,0.009322916666666667,1.2935158058449074e-09,-43.50550264265224,8.887752466180588,0.00949276727191368,0.002335738080877282
0481-4.tif,0.0,144.12014877854733,0.0,0.09979166666666667,0.0019266927083333334,0.0,0.0,0.021583333333333333,0.0094375,5.765624999999999e-10,-28.09713919049014,13.50181927056669,0.005290267553805728,0.0012617097979753333
0481-6.tif,0.0,150.47105100344933,0.0,0.08516666666666667,0.0004713611111111111,0.0,0.0,0.022111111111111113,0.009583333333333334,1.2274305555555557e-09,40.923236678147575,10.563620084440364,0.005869654734603831,0.0014615854592726467
0482-1.tif,0.0,162.78003207695718,0.0,0.08933333333333333,0.00038733333333333333,0.0,0.0,0.0,0.0,0.0,40.82968437716839,9.7187271133618,0.009962658036314062,0.0026519330661901527
0482-2.tif,0.0,147.1258804267897,0.0,0.10041666666666667,0.0025519097222222223,0.0,0.0,0.0,0.0,0.0,-5.232288299356974,3.350056678134245,0.005306060601826869,0.0014788119323050119
0482-3.tif,0.0,161.77880011079714,0.0,0.088,0.0003571111111111111,0.0,0.0,0.0,0.0,0.0,-40.74315721072476,9.057220561659758,0.010065157601347123,0.002703484844275838
0482-4.tif,0.0,137.3138814571066,0.0,0.1252777777777778,0.005995756172839506,0.0,0.0,0.0,0.0,0.0,-14.781651850770704,10.378758270490618,0.00654527663402497,0.0017349029143623141
0482-6.tif,0.0,169.9046096752201,0.0,0.08212121212121212,7.479338842975207e-05,0.0,0.0,0.019333333333333334,0.0095,8.482638888888889e-10,43.26976234119794,13.431475175452526,0.006405025765183341,0.0017863593831183094
0485-1.tif,0.0,176.98326584422858,0.0,0.08681818181818182,5.831037649219467e-05,0.0,0.0,0.015,0.01,0.0,41.38258849932439,8.729828046901662,0.011352348480278095,0.0034883119012427337
0485-2.tif,0.0,148.10890220908482,0.0,0.10395833333333333,0.002168706597222222,0.0,0.0,0.0,0.0,0.0,27.871421508622994,12.351060676290157,0.007646164031448753,0.0024597617096851045
0485-3.tif,0.0,175.8263624210608,0.0,0.08606060606060606,5.316804407713499e-05,0.0,0.0,0.018333333333333333,0.00875,0.0,-16.757854873071302,10.853238296884657,0.011657480986166806,0.003680570229362284
0485-4.tif,0.0,139.76050944383397,0.0,0.10976190476190477,0.00353843537414966,0.0,0.0,0.0,0.0,0.0,30.049857880399244,12.402303476749323,0.007764744886920605,0.002474634091415508
0485-6.tif,0.0,159.8760883821081,0.0,0.08399999999999999,0.00037011111111111115,0.0,0.0,0.02033333333333333,0.011000000000000001,1.715972222222222e-09,38.24095985796691,12.348058519346674,0.007857051240790995,0.002512689619216789
0507-1.tif,0.0,170.35214752584326,0.0,0.08242424242424243,0.00013503213957759413,0.0,0.0,0.01595238095238095,0.020178571428571428,5.2613024376417235e-09,-38.72450437550722,11.260460882322434,0.010313403608861392,0.0026072096471149594
0507-2.tif,0.0,154.45416795930112,0.0,0.09351851851851853,0.0014965706447187927,0.0,0.0,0.022916666666666665,0.0140625,1.3433159722222223e-09,-41.61203370868164,10.579094158966996,0.006269611343257282,0.0016432202937267963
0507-3.tif,0.0,180.5735110679534,0.0,0.07958333333333334,0.00010052083333333333,0.0,0.0,0.020555555555555556,0.01125,1.7023533950617285e-09,-46.56112350860891,6.662039228178343,0.009971736678920581,0.002576886307392261
0507-4.tif,0.0,150.67942792564617,0.0,0.09148148148148148,0.0009996570644718794,0.0,0.0,0.017777777777777778,0.01125,7.648533950617283e-10,10.916160821583668,9.73437922745951,0.006339333103250896,0.0016351690572750848
0507-6.tif,0.0,158.643943554257,0.0,0.08416666666666667,0.0004029166666666667,0.0,0.0,0.02238095238095238,0.010714285714285714,2.586451247165533e-09,22.28826991489264,10.422755470955968,0.005452093922001991,0.0014604566727937599
0510-1.tif,0.0,175.19941019687633,0.0,0.08484848484848484,5.6290174471992644e-05,0.0,0.0,0.01814814814814815,0.011666666666666667,3.807870370370371e-09,-33.005619981729815,13.602805887694247,0.012866428645380491,0.004391712873776117
0510-2.tif,0.0,151.94423319099675,0.0,0.09351851851851853,0.0021243484224965706,0.0,0.0,0.018333333333333333,0.012083333333333333,1.1612654320987656e-09,-40.06990094194856,15.93225484403601,0.00752301127683037,0.002597246295881424
0510-3.tif,0.0,187.9343332376164,0.0,0.08125,0.0002259837962962963,0.0,0.0,0.025416666666666667,0.01375,1.2139214409722223e-09,0.074574744829954,5.643183654289703,0.01276044742675935,0.004429815495027019
0510-4.tif,0.0,138.54143205215445,0.0,0.09583333333333334,0.0018784722222222221,0.0,0.0,0.0,0.0,0.0,-44.36765826729712,4.604658117743579,0.007287913806211202,0.0025189138955641734
0510-6.tif,0.0,176.1859024502875,0.0,0.08303030303030304,0.0003246556473829201,0.0,0.0,0.02625,0.015625,1.6753472222222222e-09,-44.338352126458055,5.262634576974568,0.008377548448966678,0.0029340052837432498
0519-1.tif,0.0,171.80291922885235,0.0,0.0834848484848485,5.881542699724517e-05,0.0,0.0,0.019444444444444445,0.011024305555555556,2.0151472680362654e-09,44.644828951577665,7.877972855247182,0.015321333170726837,0.004391809965345508
0519-2.tif,0.0,164.89846613062053,0.0,0.09016666666666667,0.0005085833333333333,0.0,0.0,0.01891304347826087,0.01076086956521739,5.866184887628649e-10,43.061943794471084,8.434286128207631,0.008594859947321074,0.002488786438325839
0519-3.tif,0.0,188.26312946819877,0.0,0.08263888888888889,0.00044974922839506175,0.0,0.0,0.019534313725490197,0.010202205882352941,6.776493340902538e-10,-14.60377742977583,9.366255159593598,0.013616445497606981,0.003985838988423733
0519-4.tif,0.0,141.11863497002253,0.0,0.0975,0.001579861111111111,0.0,0.0,0.020225225225225227,0.010236486486486486,9.742068927035144e-10,-18.227292447324825,11.624103265804347,0.00839454629035476,0.0024860711344965505
0519-6.tif,0.0,174.23805384669566,0.0,0.0748611111111111,0.00017197145061728392,0.0,0.0,0.01931818181818182,0.010625,9.41039926968549e-10,-7.8824976201385555,8.859957442522026,0.009672244541235364,0.0029082774620418092
0520-1.tif,0.0,179.86533424075486,0.0,0.07944444444444444,6.080246913580246e-05,0.0,0.0,0.02607843137254902,0.012279411764705882,7.228289600153788e-09,30.463862923331,18.89279742655923,0.012561735691719145,0.0031089694499159774
0520-2.tif,0.0,163.05289918883472,0.0,0.08950000000000001,0.00022891666666666666,0.0,0.0,0.028333333333333332,0.01,9.765625e-12,-39.28683001832484,8.5273877643909,0.006675142687024676,0.0016409044513676365
0520-3.tif,0.0,172.94307027329992,0.0,0.08439393939393938,9.862258953168042e-05,0.0,0.0,0.03152777777777778,0.011145833333333332,1.096378279320988e-08,-43.685498176541756,6.437773020406943,0.01076249359383887,0.0026779007768921136
0520-4.tif,0.0,140.57115635862147,0.0,0.11,0.002549206349206349,0.0,0.0,0.026944444444444448,0.0121875,6.060082706404321e-09,17.24173490988617,10.472557314469334,0.006812770011096125,0.001728814579253535
0520-6.tif,0.0,164.10201423011284,0.0,0.08783333333333333,0.0006800277777777778,0.0,0.0,0.031145833333333334,0.012890625,1.0708804660373263e-08,-44.2851002984676,6.160579438638359,0.008166982406567875,0.00217890716158816
0522-1.tif,0.0,174.78013237938748,0.0,0.07972222222222222,0.0003707561728395062,0.0,0.0,0.02283333333333333,0.011000000000000001,1.611284722222222e-09,14.013623669391885,9.64235407624484,0.01764036275777241,0.00490913367300203
0522-2.tif,0.0,162.44041642672826,0.0,0.0787878787878788,0.00023994490358126723,0.0,0.0,0.023333333333333334,0.010535714285714285,7.920564058956915e-10,-24.41991650771388,12.724042648725101,0.00852255524886871,0.0023649928200435463
0522-3.tif,0.0,164.14562170209396,0.0,0.09033333333333333,0.0009376666666666667,0.0,0.0,0.023333333333333334,0.01125,1.16124574829932e-09,42.19272693497004,12.727462336704523,0.012624379348738302,0.0034327403173434546
0522-4.tif,0.0,146.49573372627614,0.0,0.11285714285714285,0.004202154195011337,0.0,0.0,0.024166666666666666,0.010625,8.7890625e-11,40.21332517378804,11.146826473533196,0.0072942623413733716,0.0019853346553301457
0522-6.tif,0.0,176.3775936890952,0.0,0.08303030303030304,0.0002110192837465565,0.0,0.0,0.026944444444444448,0.011666666666666667,4.416594328703704e-09,-18.50896802973325,15.669947131885284,0.00808108627550205,0.0022949461345475593
0524-1.tif,0.0,170.00365600643875,0.0,0.08060606060606061,0.000507208448117539,0.0,0.0,0.0,0.0,0.0,-2.4103979018354442,5.00288348184885,0.009414250070386302,0.002561576846598596
0524-2.tif,0.0,143.9190444591149,0.0,0.10041666666666667,0.002238715277777778,0.0,0.0,0.0,0.0,0.0,-13.471861339437071,9.152142574071918,0.005298535689335526,0.0014154653758850528
0524-3.tif,0.0,162.91827287435757,0.0,0.08833333333333333,0.00029055555555555556,0.0,0.0,0.0,0.0,0.0,-43.46075890842063,6.814071406971889,0.00847588624511945,0.0022960168541272534
0524-4.tif,0.0,132.51276411373067,0.0,0.11861111111111113,0.0064874228395061725,0.0,0.0,0.0,0.0,0.0,-44.32730216349388,5.226884259005497,0.005149954569432279,0.0013595507919354768
0524-6.tif,0.0,156.22855052774443,0.0,0.09444444444444444,0.0012882716049382717,0.0,0.0,0.028333333333333332,0.0075,0.0,28.74129079721737,18.38274896508981,0.005460329002869015,0.001516635045861162
0525-1.tif,0.0,172.63181356735944,0.0,0.085,8.232323232323233e-05,0.0,0.0,0.025555555555555557,0.009583333333333334,5.883487654320987e-11,43.17698673084663,13.202219941146282,0.009397619920734757,0.002439576859792023
0525-2.tif,0.0,138.91724155050014,0.0,0.09145833333333334,0.002810720486111111,0.0,0.0,0.0225,0.013125,2.712673611111111e-11,-10.970057034672537,8.748049381643007,0.00554170381003577,0.0014592721710571862
0525-3.tif,0.0,177.83003355264074,0.0,0.08636363636363636,0.0002923324150596878,0.0,0.0,0.028888888888888888,0.010833333333333332,1.183449074074074e-09,-44.568062795158895,6.892310126348417,0.008941818071507516,0.0023367140338530733
0525-4.tif,0.0,136.45691552984175,0.0,0.1252777777777778,0.006537422839506173,0.0,0.0,0.018333333333333333,0.01125,0.0,-15.336588468495766,9.396516868349641,0.0055594265810984065,0.0014871124762252668
0525-6.tif,0.0,177.84721852223237,0.0,0.07666666666666666,0.00023842592592592592,0.0,0.0,0.027083333333333334,0.0121875,2.6334635416666665e-09,-38.524466155450504,10.846604808610206,0.005535771868396984,0.0015029178703590766
0527-1.tif,0.0,172.52928495379174,0.0,0.08409090909090909,5.422405876951332e-05,0.0,0.0,0.015,0.015,2.1484375e-10,13.012269463584836,8.491217536766351,0.009807675519005464,0.0025311344252614432
0527-2.tif,0.0,158.9608819284514,0.0,0.08433333333333333,0.0004317777777777778,0.0,0.0,0.023333333333333334,0.0125,2.396918402777778e-09,-18.049414036216735,10.484763911189129,0.006341788062377355,0.0017395629006323882
0527-3.tif,0.0,177.453025865689,0.0,0.08636363636363636,0.00020950413223140495,0.0,0.0,0.0225,0.009375,5.316840277777778e-11,9.908625557751877,9.003153246458385,0.01097951071571174,0.002948854286225564
0527-4.tif,0.0,140.7817459758189,0.0,0.1119047619047619,0.0033392290249433104,0.0,0.0,0.013333333333333334,0.013125,2.1809895833333332e-10,-8.334101946802248,6.388145868373894,0.006805673662136928,0.0018201313514368575
0527-6.tif,0.0,177.37927805700323,0.0,0.07708333333333334,0.0002824652777777778,0.0,0.0,0.025,0.01325,4.889930555555555e-09,39.583810836081554,9.700351073349808,0.006651351891463614,0.0017744782127225584
0528-1.tif,0.0,173.7446042327646,0.0,0.08424242424242424,3.30119375573921e-05,0.0,0.0,0.025833333333333333,0.014375,5.740017361111111e-10,-18.893347215283544,10.692882355003347,0.01262731507527511,0.0036809318248511203
0528-2.tif,0.0,152.42909203683382,0.0,0.085,0.0012,0.0,0.0,0.024166666666666666,0.0121875,3.797743055555556e-11,-16.36160416204865,5.548678752026964,0.007655234988587946,0.0022041415073413935
0528-3.tif,0.0,177.3209582148208,0.0,0.08666666666666667,0.00035202020202020203,0.0,0.0,0.022666666666666665,0.019,3.889930555555556e-09,14.7679606072975,10.422728005125265,0.012089240532174245,0.003474732464182193
0528-4.tif,0.0,135.19902185372527,0.0,0.12222222222222222,0.0074432098765432105,0.0,0.0,0.018333333333333333,0.015625,7.161458333333333e-10,1.0126422765763199,12.311088768604403,0.007802185939379535,0.0023053724489483984
0528-6.tif,0.0,172.3351869661755,0.0,0.08409090909090909,0.0005956382001836548,0.0,0.0,0.02388888888888889,0.011666666666666667,2.38233024691358e-10,39.737165931084746,11.886836197104088,0.0076437063207571475,0.0023121390475156177
0530-1.tif,0.0,171.4113595029999,0.0,0.08393939393939394,0.00033650137741046834,0.0,0.0,0.02181818181818182,0.015909090909090907,2.577551078971534e-09,-44.08579252225531,7.424607654850579,0.025139607365342417,0.008885658993192947
0530-2.tif,0.0,178.42852853711025,0.0,0.07461538461538461,0.00026630506245890864,0.0,0.0,0.024444444444444442,0.015416666666666667,1.984739368998628e-09,-7.630495041274382,5.477124637563186,0.015456481664574626,0.005774786236704796
0530-3.tif,0.0,177.38508239314066,0.0,0.07875,0.00015839120370370372,0.0,0.0,0.025,0.0275,7.785829260973936e-07,-1.8205302538928183,4.320639208050494,0.022683909637349238,0.007906044436463883
0530-4.tif,0.0,149.0678033647776,0.0,0.09222222222222222,0.0007975308641975308,0.0,0.0,0.021166666666666667,0.01425,1.0408420138888889e-09,32.532185513995685,13.669319342797696,0.015861515301133014,0.0057671016365835985
0530-6.tif,0.0,153.35097231533672,0.0,0.07083333333333333,0.00037430555555555557,0.0,0.0,0.023125,0.01296875,9.292941623263888e-10,43.876689775543085,6.858065203979011,0.009729857297738499,0.0031106531649970548
0534-1.tif,0.0,180.36921371020574,0.0,0.0788888888888889,9.182098765432097e-05,0.0,0.0,0.02119047619047619,0.009107142857142857,3.623910501700681e-10,-8.279343578388332,5.781920659913505,0.01153991500381628,0.0029254223295950618
0534-2.tif,0.0,170.45837958750408,0.0,0.0725,0.00030162037037037033,0.0,0.0,0.022261904761904764,0.008660714285714285,1.767378826530612e-09,24.48211201365614,8.995831930409489,0.0073508408879876894,0.0018951084846048
0534-3.tif,0.0,180.49232473969863,0.0,0.07930555555555556,0.00010206404320987654,0.0,0.0,0.02125,0.009765625,1.7271592881944444e-09,16.434717800461485,13.186039695215808,0.009809051743186359,0.0025362870870004246
0534-4.tif,0.0,166.52942558832316,0.0,0.0915,0.0004535833333333334,0.0,0.0,0.020277777777777777,0.00875,5.190248842592592e-10,41.52602135933783,10.912194975708564,0.006817793051769357,0.0017648746807596074
0534-6.tif,0.0,161.87003960653814,0.0,0.08272727272727272,0.0008779155188246096,0.0,0.0,0.026363636363636363,0.01,3.91514577594123e-09,-3.809309472927407,9.509710987322276,0.006818062403455352,0.0017549606259293965
0535-1.tif,0.0,181.87130504187056,0.0,0.08041666666666666,0.0003607060185185185,0.0,0.0,0.015,0.0275,0.0,17.06663068785159,10.016184506416439,0.008519469228196417,0.002146531251327016
0535-2.tif,0.0,148.1696558461963,0.0,0.10083333333333333,0.002525,0.0,0.0,0.0,0.0,0.0,14.664079522060952,8.16371199794356,0.005179307079153798,0.0013759774138851237
0535-3.tif,0.0,151.63693481470798,0.0,0.09314814814814815,0.0009780521262002743,0.0,0.0,0.0,0.0,0.0,21.884089031886163,12.341596760768722,0.007381526282984351,0.0019372395140478534
0535-4.tif,0.0,133.28257537262397,0.0,0.11972222222222222,0.006501311728395061,0.0,0.0,0.0,0.0,0.0,-26.627143375026602,10.422090314360833,0.005081835850167567,0.001342203352915495
0535-6.tif,0.0,168.75788047443066,0.0,0.08227272727272728,0.0005971074380165289,0.0,0.0,0.0,0.0,0.0,-1.7707375873789892,7.211577948218639,0.004993771347947059,0.0012871676923355505
0538-1.tif,0.0,173.54354193327268,0.0,0.07954545454545454,7.580348943985307e-05,0.0,0.0,0.019444444444444445,0.014166666666666668,3.6696759259259266e-09,-42.842148977442086,12.331237933121004,0.010627063749527486,0.0027472771969321813
0538-2.tif,0.0,148.33758795396398,0.0,0.09666666666666666,0.0008333333333333334,0.0,0.0,0.015,0.016875,1.2858072916666666e-09,14.220226853655682,10.537861787007383,0.006374258195321398,0.0016869555403807746
0538-3.tif,0.0,159.2949341098387,0.0,0.08383333333333333,0.000523361111111111,0.0,0.0,0.02,0.013125,1.932026427469136e-09,-34.57577885734904,14.870238256640377,0.009625721420130951,0.002603460510818109
0538-4.tif,0.0,133.8524724276694,0.0,0.10714285714285715,0.0032442176870748295,0.0,0.0,0.01388888888888889,0.010416666666666668,8.680555555555555e-12,-44.735175260218604,4.680278257837302,0.006101229552207736,0.001603349670815016
0538-6.tif,0.0,171.603932711993,0.0,0.08121212121212121,0.00026974288337924704,0.0,0.0,0.0175,0.010875,6.163194444444444e-10,44.60545108612522,7.531055340888208,0.0065066096049979675,0.0018287528185939672
0539-1.tif,0.0,175.05052841965374,0.0,0.08454545454545455,1.570247933884297e-05,0.0,0.0,0.015,0.01125,0.0,-36.88955322489977,11.800887438167347,0.009783811808879422,0.0024535660589017037
0539-2.tif,0.0,157.14009672900167,0.0,0.09555555555555556,0.0009580246913580248,0.0,0.0,0.018333333333333333,0.0075,0.0,-42.886077474841876,8.634559226924697,0.005705521623864889,0.0014547740693566873
0539-3.tif,0.0,174.1993390407157,0.0,0.0846969696969697,4.738292011019284e-05,0.0,0.0,0.013333333333333334,0.01125,0.0,42.00488202339889,9.63635234469503,0.008886940495546199,0.0022483714777727388
0539-4.tif,0.0,141.2684162581954,0.0,0.09958333333333333,0.001812326388888889,0.0,0.0,0.0,0.0,0.0,-37.54821536025428,14.828383488990475,0.005444639476609514,0.0013865187693989384
0539-6.tif,0.0,170.36780065493596,0.0,0.08196969696969697,0.00034586776859504137,0.0,0.0,0.021333333333333336,0.012,1.8524305555555557e-09,-31.47918470088634,16.336920294363196,0.0056776773794283385,0.0014574019465855104
0540-1.tif,0.0,174.40294977118043,0.0,0.08439393939393938,2.185491276400367e-05,0.0,0.0,0.0,0.0,0.0,-5.249628762016023,9.559267601041118,0.010486365874279925,0.003256299140931977
0540-2.tif,0.0,158.22923244457706,0.0,0.09777777777777777,0.0011432098765432098,0.0,0.0,0.0,0.0,0.0,0.972930981457018,7.631882909115905,0.0063074008845391,0.001981047634235805
0540-3.tif,0.0,172.86933087032978,0.0,0.08424242424242424,4.664830119375574e-05,0.0,0.0,0.0,0.0,0.0,-42.231576355414376,8.692668315110907,0.009947496190687619,0.003196059878903052
0540-4.tif,0.0,143.92961604548245,0.0,0.1130952380952381,0.003751133786848073,0.0,0.0,0.0,0.0,0.0,20.6998771554987,13.996049842668686,0.006384370275652589,0.002047448119775758
0540-6.tif,0.0,169.2396706322205,0.0,0.0925,0.00039347222222222225,0.0,0.0,0.0,0.0,0.0,-40.35025673148843,13.069934638711121,0.006402330891790375,0.0020322021666311003
0541-1.tif,0.0,170.23390770740514,0.0,0.08363636363636363,0.0004837465564738292,0.0,0.0,0.021666666666666667,0.0115,9.885416666666666e-10,40.447003643204965,11.613396597624398,0.011462740966527291,0.0036611025376059895
0541-2.tif,0.0,147.32823897678273,0.0,0.0911111111111111,0.002460493827160494,0.0,0.0,0.025,0.0121875,4.318576388888889e-10,30.414860449685218,15.54367553453417,0.007706991652805737,0.0025635751617509818
0541-3.tif,0.0,158.77475078740733,0.0,0.08716666666666666,0.0012894722222222222,0.0,0.0,0.019333333333333334,0.0125,2.7187500000000006e-10,-6.046650267370638,10.376066563674751,0.01172820860776995,0.003922717222152758
0541-4.tif,0.0,128.27616890991126,0.0,0.11666666666666667,0.004962962962962963,0.0,0.0,0.023333333333333334,0.01325,1.0954861111111111e-09,-5.819797831783941,7.050572059109903,0.007548414093913296,0.002495187442159359
0541-6.tif,0.0,173.1661653826559,0.0,0.08166666666666667,0.0005939393939393939,0.0,0.0,0.02181818181818182,0.011704545454545454,8.421573691460056e-09,-8.628593738225243,5.45904376508978,0.0077351972937891485,0.0026159089297336743
0547-1.tif,0.0,169.75576818869317,0.0,0.08196969696969697,0.00012566574839302112,0.0,0.0,0.011666666666666667,0.01375,0.0,13.638829772833445,8.712040239900498,0.00970978730938337,0.002509443658589231
0547-2.tif,0.0,151.47937153289223,0.0,0.104375,0.0009242621527777778,0.0,0.0,0.018333333333333333,0.01375,0.0,2.2537204944255977,7.533161462892995,0.005823158987533159,0.0015702048366289854
0547-3.tif,0.0,151.74982701802332,0.0,0.09277777777777778,0.0024456790123456792,0.0,0.0,0.016666666666666666,0.00875,0.0,23.083587503370993,11.57492476434675,0.008394810637176434,0.0022069372061679434
0547-4.tif,0.0,131.82869776932318,0.0,0.13599999999999998,0.011136222222222221,0.0,0.0,0.0,0.0,0.0,45.162215150940035,5.7706795211544755,0.005351756655840602,0.001372971968990002
0547-6.tif,0.0,169.69161162401502,0.0,0.08196969696969697,0.00033879706152433424,0.0,0.0,0.0175,0.01,1.736111111111111e-11,-43.20476281413247,8.319759133187912,0.005643797777839992,0.0015414856852794749
0548-1.tif,0.0,180.66609168958774,0.0,0.07958333333333334,9.172453703703704e-05,0.0,0.0,0.028434343434343437,0.014015151515151515,5.064478433323131e-09,41.47598453433161,10.448985589909851,0.01991576804395398,0.0062380632477388774
0548-2.tif,0.0,144.0967610434387,0.0,0.10928571428571428,0.002619727891156463,0.0,0.0,0.030833333333333334,0.014027777777777776,6.241547175068586e-09,37.35605478895881,15.074613788537414,0.011493072851089105,0.0036619116673779167
0548-3.tif,0.0,183.61366052492104,0.0,0.07916666666666666,9.791666666666667e-05,0.0,0.0,0.028771929824561403,0.017236842105263158,1.170223049399815e-08,8.07464278701833,6.393602777415031,0.01865097972585611,0.005769196414502512
0548-4.tif,0.0,143.42397812081492,0.0,0.1130952380952381,0.004285260770975057,0.0,0.0,0.031296296296296294,0.015277777777777777,9.741150655864198e-09,17.186968270269535,8.980233130316748,0.011180778645067483,0.0035823389928561827
0548-6.tif,0.0,170.51744294091276,0.0,0.09133333333333332,0.000221,0.0,0.0,0.031785714285714285,0.016339285714285712,1.2872478997385993e-08,44.23816330153943,10.945496622345653,0.011913630255296641,0.003725257644717934
0549-1.tif,0.0,180.27569288117292,0.0,0.08287878787878787,0.00023792470156106522,0.0,0.0,0.02,0.0075,0.0,-6.332671903541623,6.918914084246414,0.008850830800625887,0.002042954694668202
0549-2.tif,0.0,154.79653401206616,0.0,0.08399999999999999,0.0005467777777777778,0.0,0.0,0.0325,0.01625,1.0494900173611111e-07,17.027847931068695,8.817691682708752,0.00515945262663428,0.0012236486649934782
0549-3.tif,0.0,186.27815497370634,0.0,0.07538461538461538,8.681788297172913e-05,0.0,0.0,0.022916666666666665,0.0125,5.556640625e-09,30.785540491491933,11.728822395003817,0.009350002676149891,0.002225866016316775
0549-4.tif,0.0,150.33459349065336,0.0,0.09240740740740741,0.0006506858710562414,0.0,0.0,0.014444444444444444,0.0125,8.680555555555555e-12,43.292953616421556,6.6854200552170315,0.00570207414709801,0.0013353493942018452
0549-6.tif,0.0,162.42078806819717,0.0,0.08783333333333333,0.00051225,0.0,0.0,0.01875,0.01390625,5.347649468315972e-08,3.3205141616838234,4.054057141060502,0.0058688116906504125,0.0013413419670497114
0550-1.tif,0.0,163.9762127477868,0.0,0.08933333333333333,0.0003417777777777778,0.0,0.0,0.0,0.0,0.0,-34.32747822161452,17.321847183951103,0.010288334953353082,0.0029779855725829336
0550-2.tif,0.0,151.8125875163027,0.0,0.10354166666666667,0.001794748263888889,0.0,0.0,0.0,0.0,0.0,10.114154524299016,6.06775717011466,0.006663473363048963,0.0018815037231703937
0550-3.tif,0.0,152.98575097047438,0.0,0.09444444444444444,0.001178395061728395,0.0,0.0,0.0,0.0,0.0,-44.97389862222995,5.86780605391472,0.009883407157438405,0.002815869020751177
0550-4.tif,0.0,130.88597667011118,0.0,0.135,0.011391111111111112,0.0,0.0,0.0,0.0,0.0,-34.5709317211206,14.067465228675438,0.0060278319045718835,0.0016833255957248794
0550-6.tif,0.0,161.32652582227232,0.0,0.08866666666666667,0.0005804444444444444,0.0,0.0,0.021666666666666667,0.006875,3.90625e-11,-44.563263099829726,5.595344042023614,0.005619911159319559,0.001616429768492001
0556-1.tif,0.0,181.40966748114968,0.0,0.07958333333333334,9.635416666666667e-05,0.0,0.0,0.0,0.0,0.0,-30.59028429821886,13.179576455762296,0.010528935774283729,0.0030408546522350116
0556-2.tif,0.0,168.3593657420277,0.0,0.08933333333333333,0.00028511111111111114,0.0,0.0,0.025,0.03,0.0,-5.135683207155748,5.733211955479801,0.006378236596927661,0.0018544767002232753
0556-3.tif,0.0,189.55884630641154,0.0,0.08236111111111111,0.00034604552469135797,0.0,0.0,0.029166666666666667,0.01125,5.740017361111111e-10,-45.79615488278141,8.014760097612855,0.009543443082687564,0.0027401340810362367
0556-4.tif,0.0,149.61537354162505,0.0,0.09240740740740741,0.0027111796982167355,0.0,0.0,0.03166666666666667,0.00875,0.0,-16.87691093814887,11.178922699710869,0.00536381783544558,0.0015294650617489137
0556-6.tif,0.0,165.91514310256252,0.0,0.09066666666666666,0.0008123333333333332,0.0,0.0,0.029166666666666667,0.008125,4.340277777777778e-12,26.64949078972442,13.798664837940807,0.006134263192949759,0.001768896992706703
0558-1.tif,0.0,174.97730011505936,0.0,0.08393939393939394,0.0005314508723599632,0.0,0.0,0.016666666666666666,0.015,0.0,-40.192249508144606,10.043323982851499,0.006943118046704264,0.0016727841889325821
0558-2.tif,0.0,154.39433279754797,0.0,0.09314814814814815,0.0012780521262002742,0.0,0.0,0.0,0.0,0.0,-7.7752939280348805,10.943232172169719,0.004188548786792936,0.001058195443267433
0558-3.tif,0.0,175.79413070091076,0.0,0.08484848484848484,0.0003118457300275483,0.0,0.0,0.02,0.01,0.0,38.473195047281436,12.80668425152194,0.006625655732992133,0.0016435531818899424
0558-4.tif,0.0,148.18311096410415,0.0,0.11714285714285716,0.0028164399092970517,0.0,0.0,0.0,0.0,0.0,40.630993737756604,13.505477535339924,0.004124957339865465,0.0010044861606824985
0558-6.tif,0.0,181.7303405231682,0.0,0.08606060606060606,0.0006107438016528925,0.0,0.0,0.025,0.01,1.591796875e-09,1.3143045807004394,4.90192940068036,0.004732910135164313,0.0011559608594063856
0560-1.tif,0.0,168.184670327986,0.0,0.08166666666666667,1.919191919191919e-05,0.0,0.0,0.019414414414414414,0.01304054054054054,5.953592951059166e-09,43.45942379558384,11.85969215050473,0.013705161738931262,0.0038669686123699388
0560-2.tif,0.0,154.45309967753965,0.0,0.09351851851851853,0.0014095336076817557,0.0,0.0,0.02314814814814815,0.014027777777777776,5.2705439814814815e-09,11.852863641622458,8.509716552359691,0.007902245030910469,0.002178648718510623
0560-3.tif,0.0,168.43734410423625,0.0,0.08242424242424243,0.0001143250688705234,0.0,0.0,0.020416666666666666,0.013159722222222224,4.884858726637518e-09,-19.420963407976373,9.251573209365382,0.012443535657817797,0.003570016765809781
0560-4.tif,0.0,141.44949628754426,0.0,0.0874074074074074,0.0017204389574759947,0.0,0.0,0.02129032258064516,0.012661290322580645,3.076656260839403e-09,-34.85964559770859,15.343987401363448,0.007430707303344543,0.002059158720647934
0560-6.tif,0.0,174.68782652118,0.0,0.0708974358974359,0.000126758711374096,0.0,0.0,0.024,0.013071428571428572,7.532773526077098e-09,-20.53226005142246,14.626374410609209,0.00835087337911473,0.002426651110515505
0561-1.tif,0.0,177.19767987047487,0.0,0.07541666666666667,0.00032829861111111113,0.0,0.0,0.017083333333333332,0.012465277777777777,9.985016664523318e-10,-40.37338199443277,9.49131844526235,0.01657265256312884,0.005152635962936173
0561-2.tif,0.0,160.74293141535028,0.0,0.0974074074074074,0.0013377229080932787,0.0,0.0,0.016904761904761905,0.012708333333333332,1.915610138731419e-09,0.30697652125154395,4.11577992850535,0.009139973197731747,0.002902348981117879
0561-3.tif,0.0,181.88269189086535,0.0,0.07958333333333334,0.00012135416666666666,0.0,0.0,0.01685763888888889,0.0135546875,2.6119161535192422e-09,-45.33104546867999,5.3742519812718355,0.01549834823837496,0.004851560098336492
0561-4.tif,0.0,139.77601129426083,0.0,0.09833333333333333,0.0016534722222222222,0.0,0.0,0.017083333333333332,0.01296875,1.8266756572420637e-09,35.221756897127754,16.307888830793452,0.00894552002667369,0.0028283473725836455
0561-6.tif,0.0,172.3920555980853,0.0,0.08166666666666667,0.00017727272727272728,0.0,0.0,0.01847457627118644,0.013283898305084745,6.1050539236809366e-09,44.67494197200413,5.774824953621771,0.00961931455201421,0.003024600484340917
0562-1.tif,0.0,185.95189470090685,0.0,0.07551282051282052,0.00014930966469428006,0.0,0.0,0.0,0.0,0.0,32.67595765125257,16.415725567807502,0.009730104855046903,0.0025476049235933986
0562-2.tif,0.0,154.35530441160745,0.0,0.0961111111111111,0.0018802469135802474,0.0,0.0,0.0,0.0,0.0,8.830751899114283,4.649858742857138,0.0055331732204132,0.0014546108158271574
0562-3.tif,0.0,186.1118820845709,0.0,0.07551282051282052,0.00011811308349769891,0.0,0.0,0.021666666666666667,0.01125,0.0,-44.58530491701516,3.1332486590542215,0.00913561172353957,0.0023895225897345804
0562-4.tif,0.0,148.37273717163293,0.0,0.1025,0.00276875,0.0,0.0,0.0,0.0,0.0,9.776392655299269,10.480055981112303,0.005199339289577622,0.0013354376179740667
0562-6.tif,0.0,176.26983733910788,0.0,0.08287878787878787,0.00044651056014692375,0.0,0.0,0.034166666666666665,0.0125,9.125434027777777e-10,44.243218688944125,9.629666298131502,0.00588909281547271,0.001562782760501333
0564-1.tif,0.0,176.63118747517066,0.0,0.08560606060606062,3.0945821854912754e-05,0.0,0.0,0.02,0.01,1.0850694444444444e-10,47.444066360293505,9.173307082073753,0.010104651932497708,0.0026724030834694287
0564-2.tif,0.0,166.7158715245247,0.0,0.088,0.0003876666666666667,0.0,0.0,0.022083333333333333,0.009375,4.782443576388889e-10,2.959201393044067,5.151321976883126,0.005891015211252279,0.0016151190423879483
0564-3.tif,0.0,165.4294686291082,0.0,0.08950000000000001,0.00027613888888888886,0.0,0.0,0.019166666666666665,0.0115625,1.2269422743055556e-09,12.514335572700164,8.921301444473103,0.009401518306437621,0.0025108015199819533
0564-4.tif,0.0,155.40283137703767,0.0,0.0937037037037037,0.0011714677640603567,0.0,0.0,0.017222222222222222,0.011666666666666667,1.1265432098765428e-09,-29.96037476283844,16.39132404235935,0.005514515357276445,0.001470848520345995
0564-6.tif,0.0,167.60801377318367,0.0,0.09133333333333332,0.0008232222222222223,0.0,0.0,0.02766666666666667,0.01225,8.294097222222221e-09,-44.50293432269083,8.413870398197222,0.005812120651546417,0.0015522225097588586
0565-1.tif,0.0,179.78094309464504,0.0,0.08742424242424242,2.9476584022038562e-05,0.0,0.0,0.0,0.0,0.0,-41.99344636370439,10.981549335696103,0.010183114768185047,0.0029534472183784842
0565-2.tif,0.0,165.9534934355739,0.0,0.088,0.0004676666666666667,0.0,0.0,0.025,0.0125,0.0,-10.08639841510104,6.851352996459452,0.006217994334512183,0.0019109450813771408
0565-3.tif,0.0,170.84287885714858,0.0,0.091,0.0002984444444444445,0.0,0.0,0.015555555555555557,0.010416666666666668,1.6300154320987655e-10,-22.354579517453132,11.135121372606143,0.010973017855215718,0.0033688054209919894
0565-4.tif,0.0,157.90848615574782,0.0,0.09518518518518519,0.0008632373113854595,0.0,0.0,0.0,0.0,0.0,-7.2646545339060244,9.085869434235654,0.006362778391176043,0.0018890913039196664
0565-6.tif,0.0,167.58459070368704,0.0,0.092,0.0007598888888888889,0.0,0.0,0.02375,0.0121875,9.57675509982639e-09,-44.29850597800764,4.8666694873245495,0.007171118976373056,0.002213515918921714
0566-1.tif,0.0,183.8550689824258,0.0,0.08027777777777777,0.00013557098765432102,0.0,0.0,0.01611111111111111,0.010833333333333332,3.761574074074074e-11,-17.33161423633458,10.807591144830875,0.010145284803989607,0.002621778994182622
0566-2.tif,0.0,145.92655687022838,0.0,0.09354166666666666,0.0011489149305555556,0.0,0.0,0.016999999999999998,0.0105,3.6458333333333337e-11,44.663756583080804,11.942218558913424,0.005752878691071625,0.0014772607321360347
0566-3.tif,0.0,174.98497951411588,0.0,0.08545454545454545,9.752066115702479e-05,0.0,0.0,0.0162962962962963,0.013194444444444444,1.5452460562414268e-09,45.59434705199961,4.596017001537881,0.009131297557429266,0.0023124641182112196
0566-4.tif,0.0,137.29797658742098,0.0,0.10833333333333334,0.0036809523809523807,0.0,0.0,0.015384615384615384,0.011057692307692308,2.3478591387245235e-10,11.403432899213598,8.391732574488138,0.005513788685286747,0.0013692493529268413
0566-6.tif,0.0,164.96946875053794,0.0,0.08916666666666667,0.0007479166666666667,0.0,0.0,0.018518518518518517,0.01125,6.254286694101507e-10,44.62458550556661,7.1695152734735155,0.006338616276634278,0.0016365632247654536
0567-1.tif,0.0,175.93344306552092,0.0,0.08454545454545455,2.1763085399449033e-05,0.0,0.0,0.0,0.0,0.0,43.99630927209876,8.771901703654292,0.011107729514745857,0.002775267233507671
0567-2.tif,0.0,158.41010068805588,0.0,0.09518518518518519,0.0012021262002743483,0.0,0.0,0.021666666666666667,0.0175,0.0,38.62699650501543,9.39515170366836,0.00635931937767082,0.001650085349821804
0567-3.tif,0.0,173.94497453696863,0.0,0.08409090909090909,2.796143250688705e-05,0.0,0.0,0.0,0.0,0.0,11.951488347043703,13.931662817811567,0.010365226146380049,0.002569097157704113
0567-4.tif,0.0,145.9320829684349,0.0,0.10083333333333333,0.002002083333333333,0.0,0.0,0.0,0.0,0.0,23.398828107692793,11.63080622675843,0.007040345314845699,0.0017483736202079875
0567-6.tif,0.0,174.2645657868773,0.0,0.0846969696969697,0.0006337465564738292,0.0,0.0,0.026,0.01575,1.5149305555555555e-09,23.725135382170837,13.496655249061378,0.007255964856338827,0.001867616365648821
0568-1.tif,0.0,182.54687328668646,0.0,0.0801388888888889,5.9008487654320985e-05,0.0,0.0,0.0175,0.0103125,2.587619357638889e-09,28.08796398663165,15.77944895625344,0.01091911202862677,0.0028551329898908093
0568-2.tif,0.0,145.10354923295296,0.0,0.09479166666666666,0.0011461371527777778,0.0,0.0,0.01904761904761905,0.011785714285714287,1.0818806689342405e-09,-36.980670368260924,11.517681321107391,0.006734476771752279,0.001790517024514931
0568-3.tif,0.0,187.37271024452494,0.0,0.08236111111111111,0.000146971450617284,0.0,0.0,0.020416666666666666,0.0121875,1.330295138888889e-09,-11.992693991967158,9.842510072432221,0.011246403083133998,0.003078005414648181
0568-4.tif,0.0,140.17288432503628,0.0,0.11142857142857143,0.004297959183673469,0.0,0.0,0.021666666666666667,0.00625,0.0,-6.076173347979298,6.12140930324289,0.006031763992491304,0.001585824797037355
0568-6.tif,0.0,173.1870760582598,0.0,0.07597222222222223,8.493441358024691e-05,0.0,0.0,0.020392156862745096,0.00963235294117647,1.1044730392156863e-09,-22.204824279517542,16.35659403503323,0.006388974049353942,0.0016829308795752447
0570-1.tif,0.0,180.46537473789797,0.0,0.07847222222222222,9.234182098765434e-05,0.0,0.0,0.02638888888888889,0.011041666666666667,1.4752121913580248e-09,13.903601075148883,7.7642567910914275,0.013328800236185262,0.004070763675993677
0570-2.tif,0.0,160.90559343913438,0.0,0.0962962962962963,0.0012486282578875172,0.0,0.0,0.03666666666666667,0.01375,0.0,-44.779693842713044,7.746654346608914,0.007627407591893934,0.002394226050329188
0570-3.tif,0.0,178.40892089678573,0.0,0.08636363636363636,0.0001519283746556474,0.0,0.0,0.0,0.0,0.0,44.12575179486323,9.062997453993486,0.012854960198428985,0.004134829058685448
0570-4.tif,0.0,147.1639710493027,0.0,0.11452380952380951,0.004300566893424037,0.0,0.0,0.024166666666666666,0.01125,5.941840277777778e-09,44.87122164654919,4.858765035523126,0.007146135485471985,0.002282664143442387
0570-6.tif,0.0,163.29302364230978,0.0,0.08833333333333333,0.0001822222222222222,0.0,0.0,0.031111111111111114,0.015416666666666667,1.893325617283951e-09,-14.943379503139509,8.277579535524463,0.0061752458936421735,0.0015918530679773352
0571-1.tif,0.0,179.76255558065725,0.0,0.08863636363636364,0.0002867768595041323,0.0,0.0,0.02022222222222222,0.011083333333333334,2.1156635802469138e-09,43.11984716535971,6.958312368157337,0.01079026930757978,0.002739965684639239
0571-2.tif,0.0,148.7892469232908,0.0,0.09240740740740741,0.0008969821673525377,0.0,0.0,0.020833333333333332,0.009791666666666666,8.488859953703704e-10,45.046577178253024,6.5738386107349,0.006530535451188833,0.0017558875183049845
0571-3.tif,0.0,161.47942068816423,0.0,0.088,0.0006771111111111111,0.0,0.0,0.026862745098039216,0.00963235294117647,2.7527873894655897e-09,10.833204291299195,7.397247390901262,0.011081243206429817,0.003025077856661936
0571-4.tif,0.0,135.75523700763813,0.0,0.1080952380952381,0.003222562358276644,0.0,0.0,0.022,0.00775,3.7222222222222216e-10,-21.68780439079846,8.871297436853455,0.006474826143750933,0.0017027752661129508
0571-6.tif,0.0,177.1931424243676,0.0,0.08439393939393938,0.000309228650137741,0.0,0.0,0.02378787878787879,0.012159090909090908,6.6691058310376495e-09,45.2258615106829,4.076380713382556,0.0065019910283242,0.001750450189596298
0573-1.tif,0.0,184.53119875405747,0.0,0.08125,0.00037598379629629624,0.0,0.0,0.03074074074074074,0.02263888888888889,2.763985339506173e-08,-0.7058617476225273,6.438232459385467,0.00961714406470227,0.002379978067597789
0573-2.tif,0.0,154.48287931029768,0.0,0.09222222222222222,0.0007944444444444444,0.0,0.0,0.029583333333333333,0.020625,3.0533854166666667e-09,22.984607109327193,9.277009979670062,0.005300535413704891,0.0013247671233963805
0573-3.tif,0.0,180.44112613259762,0.0,0.08712121212121213,0.0003788337924701561,0.0,0.0,0.022291666666666668,0.01765625,5.010308159722223e-10,-43.94057232607407,7.524970457646329,0.00855400783985862,0.0020950836393792086
0573-4.tif,0.0,140.68754164815022,0.0,0.10857142857142857,0.002905895691609977,0.0,0.0,0.02666666666666667,0.0175,0.0,1.6112359735145592,5.719505268867818,0.005089488963211837,0.001263917263764157
0573-6.tif,0.0,174.18307338991224,0.0,0.08257575757575758,0.001006749311294766,0.0,0.0,0.028333333333333332,0.026875,8.273172260802468e-09,-7.09476258931297,8.447250570773804,0.0058486115440772035,0.0014070006869558685
0575-1.tif,0.0,181.6473597760492,0.0,0.08097222222222222,0.00010854552469135804,0.0,0.0,0.0,0.0,0.0,43.2174335660997,6.987539640842103,0.009185394612822011,0.0023997490521544254
0575-2.tif,0.0,150.49556000177188,0.0,0.10541666666666667,0.0017609375,0.0,0.0,0.02,0.01125,0.0,33.1892950073861,15.232313305844018,0.005750327507245214,0.0015386737962450573
0575-3.tif,0.0,182.4334846769116,0.0,0.0801388888888889,6.039737654320988e-05,0.0,0.0,0.0,0.0,0.0,-28.550637455103903,10.712182957409153,0.008073193005431432,0.002119011921732096
0575-4.tif,0.0,137.19671096640764,0.0,0.10785714285714285,0.002779138321995465,0.0,0.0,0.0,0.0,0.0,-44.53466114494191,6.869249674456389,0.005660581182720774,0.0015468984077324516
0575-6.tif,0.0,168.49400999726572,0.0,0.09033333333333333,0.00044211111111111117,0.0,0.0,0.018571428571428572,0.010892857142857142,3.867276077097505e-10,11.620900350144325,6.051237486930445,0.005468791324264113,0.0014887884016408952
0577-1.tif,0.0,167.96310102455575,0.0,0.09216666666666666,0.0003911388888888889,0.0,0.0,0.02,0.0115625,1.9395345052083335e-08,-1.4300266880287358,4.917751373729665,0.010295473568112378,0.0026940674039284502
0577-2.tif,0.0,143.9896176812759,0.0,0.09291666666666666,0.0007553819444444445,0.0,0.0,0.019583333333333335,0.01046875,6.352403428819444e-10,14.5155386832152,9.585330155527119,0.006175307459977815,0.0016424900976694141
0577-3.tif,0.0,164.74407901423328,0.0,0.09083333333333334,0.00029958333333333334,0.0,0.0,0.0225,0.009375,2.460575810185185e-09,44.53684923907348,4.770954331303741,0.011066408288262485,0.0029955215564604603
0577-4.tif,0.0,136.7305173507363,0.0,0.1080952380952381,0.0033233560090702953,0.0,0.0,0.017222222222222222,0.010833333333333332,3.0478395061728397e-10,-5.649994974921051,4.294426793633303,0.0062683747215756536,0.0016683165538799833
0577-6.tif,0.0,171.87372221747245,0.0,0.08272727272727272,0.0005698347107438016,0.0,0.0,0.023636363636363636,0.011022727272727273,1.1196481864095503e-09,43.71007123726922,13.836168770271522,0.006791234808552095,0.0018497051829369396
0578-1.tif,0.0,172.0433569384958,0.0,0.08378787878787879,0.00024550045913682275,0.0,0.0,0.02893939393939394,0.01693181818181818,6.589976469237834e-09,-37.443163640287594,13.904622196346455,0.011463081693535665,0.0026512636778605815
0578-2.tif,0.0,178.2888089821793,0.0,0.07791666666666666,0.0002060763888888889,0.0,0.0,0.026041666666666668,0.016875,3.231309678819444e-08,3.4960081498286355,10.763292514269006,0.007454026851443465,0.0017835104437367564
0578-3.tif,0.0,183.76554396275978,0.0,0.08069444444444444,9.095293209876543e-05,0.0,0.0,0.024444444444444442,0.016666666666666666,4.3233453360768175e-09,24.908511702694717,15.700107339232554,0.011921725435577518,0.0028442599479648768
0578-4.tif,0.0,188.06683943394847,0.0,0.08166666666666667,0.0003398148148148148,0.0,0.0,0.0290625,0.019921875,3.5873192681206595e-08,-21.88390169387988,11.851070448946599,0.007369205237609594,0.001767365591224089
0578-6.tif,0.0,185.2982882309002,0.0,0.0811111111111111,0.00016080246913580245,0.0,0.0,0.029656862745098038,0.01871323529411765,3.652402696679162e-08,-29.49451835443652,15.000492098967927,0.008133986635249134,0.0019590517711215606
0580-1.tif,0.0,181.10914032720484,0.0,0.07930555555555556,8.586033950617284e-05,0.0,0.0,0.020555555555555556,0.013020833333333332,5.4929530767746915e-09,4.872141606697879,7.193047930144889,0.01305059954552478,0.003518730484912398
0580-2.tif,0.0,162.11861793449802,0.0,0.08833333333333333,0.0009199999999999999,0.0,0.0,0.02638888888888889,0.011666666666666667,5.578342013888889e-09,33.82196742174081,12.11595618249207,0.007271839613100616,0.0019476776962609897
0580-3.tif,0.0,174.15962904441685,0.0,0.08409090909090909,9.715335169880624e-05,0.0,0.0,0.023472222222222224,0.013958333333333333,9.812162422839507e-09,-17.125953307276962,6.979161534187236,0.011881517778781192,0.003248848795628933
0580-4.tif,0.0,149.8276375961869,0.0,0.10520833333333333,0.002172526041666667,0.0,0.0,0.022,0.010249999999999999,5.440972222222223e-10,-14.596101201336893,9.388728856595545,0.007171096716694931,0.001998215421636435
0580-6.tif,0.0,180.12063676042857,0.0,0.07805555555555556,0.0001888117283950617,0.0,0.0,0.021041666666666667,0.01234375,6.662258572048611e-09,-34.653691254544555,12.628689486210224,0.008010277008624276,0.0022803621115244817
0582-1.tif,0.0,168.77549190171737,0.0,0.08196969696969697,7.26354453627181e-05,0.0,0.0,0.020666666666666667,0.01,5.4513888888888884e-11,11.976873312609921,5.18718119302034,0.010684071693728052,0.0027252715845875767
0582-2.tif,0.0,151.387685777142,0.0,0.0825,0.0010390277777777778,0.0,0.0,0.02,0.0075,0.0,46.25067680391322,6.085727542147712,0.006962489639509071,0.0019208033666012628
0582-3.tif,0.0,179.38748513339834,0.0,0.0788888888888889,7.098765432098765e-05,0.0,0.0,0.01875,0.0165625,1.8977864583333335e-09,17.753339508739263,8.64116757571947,0.011123675502516984,0.0030640409860653497
0582-4.tif,0.0,136.8226498062364,0.0,0.10833333333333334,0.003704761904761905,0.0,0.0,0.024166666666666666,0.01,1.042751736111111e-09,44.97892782877739,4.84824908093707,0.006708365721995399,0.0018340027029230435
0582-6.tif,0.0,167.63742289702367,0.0,0.08090909090909092,0.0004885674931129477,0.0,0.0,0.019333333333333334,0.0105,9.868055555555558e-10,35.70814699422672,14.031889958921267,0.006938340526523685,0.0019239211690419795
0585-1.tif,0.0,184.4734069448019,0.0,0.08069444444444444,0.0001062307098765432,0.0,0.0,0.0,0.0,0.0,-40.751279600923915,10.113960270907862,0.015426661909097753,0.005507618919420635
0585-2.tif,0.0,157.7680576035593,0.0,0.095,0.001271604938271605,0.0,0.0,0.023333333333333334,0.01875,0.0,9.631426895556306,6.626574323570623,0.00805817367257936,0.0029070758821250512
0585-3.tif,0.0,170.03618895857304,0.0,0.08287878787878787,7.226813590449953e-05,0.0,0.0,0.0,0.0,0.0,13.149913669318943,9.097376225724204,0.012388507114592506,0.004421347677788049
0585-4.tif,0.0,149.35251199596937,0.0,0.10333333333333333,0.0022125,0.0,0.0,0.0,0.0,0.0,21.572853432937727,12.153310652343265,0.007282927649449919,0.0025900556043993985
0585-6.tif,0.0,164.54801605238774,0.0,0.09016666666666667,0.000684138888888889,0.0,0.0,0.025833333333333333,0.017291666666666667,5.806929976851852e-09,-1.5577036009778051,4.305417756748716,0.00825720578634426,0.0028743014984162615
0592-1.tif,0.0,155.38520516275375,0.0,0.08549999999999999,0.0009789166666666668,0.0,0.0,0.015,0.01,0.0,35.32713955872585,13.285531192009547,0.007979779720190722,0.0019387360591347814
0592-2.tif,0.0,150.98331033594408,0.0,0.09148148148148148,0.0015045953360768175,0.0,0.0,0.01888888888888889,0.010416666666666668,1.6493055555555555e-10,15.584553200207262,10.313214093596306,0.004465617731231822,0.0011564141244770178
0592-3.tif,0.0,160.30096693407685,0.0,0.09666666666666666,0.0012518518518518519,0.0,0.0,0.02,0.012083333333333333,3.421103395061728e-09,45.13422256330522,6.651425819940799,0.00711472149878711,0.0018500946889532474
0592-4.tif,0.0,129.86788158227063,0.0,0.135,0.009237777777777777,0.0,0.0,0.0,0.0,0.0,44.4581360845851,3.9400275366113755,0.004371772239417879,0.001103054199630027
0592-6.tif,0.0,182.80765589344017,0.0,0.07805555555555556,0.0002628858024691358,0.0,0.0,0.021944444444444444,0.014583333333333332,1.0162278163580248e-09,8.219878404470473,8.264169203808972,0.004940421007209246,0.0012411000955141111
0598-1.tif,0.0,172.91761043919152,0.0,0.0846969696969697,9.687786960514233e-05,0.0,0.0,0.0,0.0,0.0,-1.9550494013981834,4.188750957978071,0.013063474379380557,0.0038792071516277385
0598-2.tif,0.0,154.13837938683537,0.0,0.09277777777777778,0.0012506172839506172,0.0,0.0,0.0,0.0,0.0,43.1294754347951,8.435826666315181,0.007693047736522473,0.0023716800028913848
0598-3.tif,0.0,161.78048590554644,0.0,0.08816666666666667,0.00035580555555555555,0.0,0.0,0.0,0.0,0.0,44.759386704611444,9.816417699440793,0.011527966246762503,0.0035114147362736046
0598-4.tif,0.0,142.83726535816905,0.0,0.11261904761904762,0.0044157596371882085,0.0,0.0,0.0,0.0,0.0,-33.60206845919341,16.73271441710966,0.007619332406784849,0.002354053125375441
0598-6.tif,0.0,166.23820408037307,0.0,0.09116666666666667,0.0004766944444444444,0.0,0.0,0.01625,0.0121875,3.5888671875e-10,-44.40928834597953,4.852061096843453,0.0075115614301888775,0.002374708414502347
0599-1.tif,0.0,138.5609461661876,0.0,0.09625,0.003018576388888889,0.0,0.0,0.0,0.0,0.0,-40.197812732184694,13.064694983348941,0.007723386143573429,0.002182770082370173
0599-2.tif,0.0,125.15333804853691,0.0,0.09229166666666666,0.006118012152777778,0.0,0.0,0.0,0.0,0.0,-11.777275840286302,9.404531403431585,0.0058039354838654925,0.0016222606346277262
0599-3.tif,0.0,129.81242354305866,0.0,0.1175,0.009108101851851852,0.0,0.0,0.0,0.0,0.0,-45.352697707607035,6.250547837046598,0.006875381411236489,0.0019978554369468817
0599-4.tif,0.0,132.40936522769073,0.0,0.15875,0.022522743055555555,0.0,0.0,0.0,0.0,0.0,20.597560405166114,8.884419946620314,0.004552042380292138,0.0013007778748396178
0599-6.tif,0.0,141.75979683958354,0.0,0.09037037037037036,0.003977640603566529,0.0,0.0,0.021666666666666667,0.01125,1.736111111111111e-11,-12.442650237291708,11.184583965222433,0.006217131174126587,0.0016672882930596476
0600-1.tif,0.0,177.87423381579347,0.0,0.08590909090909091,0.0002476584022038567,0.0,0.0,0.02666666666666667,0.009583333333333334,2.722439236111111e-09,36.18702633539708,12.75141085445432,0.011723478765033874,0.0033986795138435475
0600-2.tif,0.0,179.23603308362846,0.0,0.08833333333333333,0.00016212121212121213,0.0,0.0,0.024,0.009250000000000001,9.836805555555555e-10,-31.792444502542452,16.041022727138316,0.006810745899519741,0.002014490790669995
0600-3.tif,0.0,177.54342191888347,0.0,0.08575757575757575,0.0003400826446280992,0.0,0.0,0.03,0.01125,0.0,-16.050266377900833,7.79241955722682,0.010570263570365362,0.0031617689030776657
0600-4.tif,0.0,136.9748494249948,0.0,0.10857142857142857,0.0038860544217687075,0.0,0.0,0.02,0.011666666666666667,5.758101851851852e-10,-44.52748742456411,8.67654861738934,0.006400797693272612,0.0018759461716952564
0600-6.tif,0.0,183.0863604548831,0.0,0.07875,0.00037876157407407406,0.0,0.0,0.025,0.009250000000000001,5.9243055555555555e-09,43.59323534848682,6.1420845373002795,0.006541092416897503,0.0019488165498614456
0602-1.tif,0.0,182.28260132432314,0.0,0.0798611111111111,0.00013354552469135804,0.0,0.0,0.013333333333333334,0.028125,2.2960069444444446e-09,34.08034483080744,16.501336087769698,0.011186406581545995,0.003116789932656666
0602-2.tif,0.0,156.16387874535323,0.0,0.088,0.0012004444444444445,0.0,0.0,0.021666666666666667,0.00625,0.0,-11.696166318961176,6.191634219409901,0.006962834182162601,0.00197021811932908
0602-3.tif,0.0,171.91155671836995,0.0,0.08363636363636363,7.011019283746556e-05,0.0,0.0,0.0,0.0,0.0,23.837074390663354,16.404356704843245,0.01024387946175824,0.0029231408069195627
0602-4.tif,0.0,144.59204464630827,0.0,0.11357142857142856,0.004666213151927437,0.0,0.0,0.0,0.0,0.0,-42.12571918412467,9.003627115944239,0.006198053728959306,0.0017646975816539082
0602-6.tif,0.0,170.56881018599051,0.0,0.09316666666666666,0.00035136111111111105,0.0,0.0,0.021666666666666667,0.00625,0.0,35.21726509145583,13.129375524327974,0.006614255313011872,0.0018889899840535984
0603-1.tif,0.0,160.29873970313434,0.0,0.0845,0.0006683611111111111,0.0,0.0,0.0,0.0,0.0,-43.205398608068194,8.352295140255489,0.00951137410391506,0.002332728568729055
0603-2.tif,0.0,145.6773027729779,0.0,0.101875,0.0019641927083333334,0.0,0.0,0.0,0.0,0.0,26.342511470682748,21.132954244800814,0.006541798566884823,0.0017091615831983191
0603-3.tif,0.0,152.77421248365184,0.0,0.09407407407407407,0.0010463648834019203,0.0,0.0,0.0,0.0,0.0,41.981623258672755,9.161659727624485,0.00929644131305817,0.002431711877574573
0603-4.tif,0.0,132.59011610557133,0.0,0.13733333333333334,0.010276222222222223,0.0,0.0,0.0,0.0,0.0,18.26085973189299,8.759019928731966,0.006327435452823105,0.0016674661302019931
0603-6.tif,0.0,163.57387695821268,0.0,0.08950000000000001,0.00050225,0.0,0.0,0.0,0.0,0.0,39.2655096123,12.202549169342669,0.005916437340564844,0.001590272062191323
0604-1.tif,0.0,168.09395107763066,0.0,0.08075757575757575,6.988062442607897e-05,0.0,0.0,0.013333333333333334,0.01125,0.0,-43.15057881561512,7.702546574944272,0.010300010285967325,0.0028641253322805663
0604-2.tif,0.0,147.10367092632325,0.0,0.09277777777777778,0.0029691358024691358,0.0,0.0,0.018055555555555557,0.009583333333333334,2.879050925925926e-10,-16.422234181434856,8.253140085696563,0.006218310773328432,0.0017711367504736203
0604-3.tif,0.0,153.68282272264523,0.0,0.09444444444444444,0.0008648148148148148,0.0,0.0,0.013333333333333334,0.00875,0.0,14.604920421155795,7.754524011517625,0.009711188038432997,0.002699215122475497
0604-4.tif,0.0,135.83122781223614,0.0,0.12416666666666666,0.006110879629629629,0.0,0.0,0.014166666666666666,0.01,1.736111111111111e-11,36.8822153385253,15.054891539646684,0.006345301860793806,0.001767308137922533
0604-6.tif,0.0,171.1069150820296,0.0,0.08136363636363636,0.00015798898071625345,0.0,0.0,0.016666666666666666,0.0115625,1.584201388888889e-09,11.49341579494105,7.268666738903867,0.006139414021149343,0.0017215916091106905
0606-1.tif,0.0,169.81711976908178,0.0,0.08303030303030304,3.37465564738292e-05,0.0,0.0,0.0,0.0,0.0,40.920421801229836,11.361024763740255,0.009271726491758604,0.002520606418554104
0606-2.tif,0.0,148.67952111841092,0.0,0.09129629629629629,0.0020430727023319616,0.0,0.0,0.0,0.0,0.0,-20.38218459188637,8.6903393557124,0.005671797053566588,0.001560790888052132
0606-3.tif,0.0,159.93412900264505,0.0,0.08733333333333333,0.00026844444444444447,0.0,0.0,0.0,0.0,0.0,46.02894691594865,9.302217791456378,0.008737144559915885,0.002454750691371971
0606-4.tif,0.0,130.11737244597626,0.0,0.1175,0.005193287037037037,0.0,0.0,0.0,0.0,0.0,-42.74460765348056,6.771551353066751,0.004896013315614327,0.0013214368536758555
0606-6.tif,0.0,183.0056745652356,0.0,0.08,0.00015972222222222223,0.0,0.0,0.0,0.0,0.0,-20.78766004187673,25.888543383726983,0.005943229669664985,0.001551972077693945
0607-1.tif,0.0,170.51661698106338,0.0,0.08060606060606061,0.0002652892561983471,0.0,0.0,0.0,0.0,0.0,-37.68969335657229,13.011658625762458,0.00819751394293288,0.0021389253249770156
0607-2.tif,0.0,145.53867586603744,0.0,0.10166666666666667,0.0019284722222222223,0.0,0.0,0.0,0.0,0.0,43.952920113973576,10.381789173243765,0.004978363171027462,0.0013102440764703276
0607-3.tif,0.0,168.71243077355226,0.0,0.09166666666666666,0.0005416666666666666,0.0,0.0,0.015555555555555557,0.0125,5.33371913580247e-10,41.9314506795499,6.36069303888895,0.007437186913128313,0.001980770434266306
0607-4.tif,0.0,136.89561046017985,0.0,0.1252777777777778,0.006149459876543209,0.0,0.0,0.018333333333333333,0.0075,0.0,-34.78675098047383,12.506186559486817,0.004730741718130377,0.001231891457543812
0607-6.tif,0.0,171.9144449686788,0.0,0.08136363636363636,0.00019031221303948575,0.0,0.0,0.016666666666666666,0.01125,0.0,0.20717404458015398,13.216441260631916,0.0047220576560343995,0.0012483079780336859
0609-1.tif,0.0,164.9497293818347,0.0,0.0905,0.00028725,0.0,0.0,0.0,0.0,0.0,-15.061133614359415,8.304336196275985,0.00976830443376573,0.0029436618712412516
0609-2.tif,0.0,161.65645672227262,0.0,0.09685185185185186,0.0009941015089163236,0.0,0.0,0.0,0.0,0.0,27.501534985062634,11.814255875066571,0.006018707332415602,0.001814066286267231
0609-3.tif,0.0,146.50630964375594,0.0,0.103125,0.0011586371527777777,0.0,0.0,0.0,0.0,0.0,-17.180056920344725,9.20056268187271,0.008760996267318672,0.0026125949053511003
0609-4.tif,0.0,145.24698792057617,0.0,0.11357142857142856,0.003663038548752835,0.0,0.0,0.0,0.0,0.0,-30.789660490097262,13.873153388234531,0.005657415891389519,0.0016552195784800485
0609-6.tif,0.0,171.12882980050114,0.0,0.08333333333333333,0.0004282828282828283,0.0,0.0,0.016666666666666666,0.00875,0.0,29.812966532372528,17.593871653860173,0.005442144077005698,0.0015861555270037314
0612-1.tif,0.0,170.39040139893117,0.0,0.08378787878787879,6.115702479338842e-05,0.0,0.0,0.0,0.0,0.0,-43.77726075366132,13.155560162506962,0.008204789737666566,0.0024659843463970942
0612-2.tif,0.0,149.26154896690574,0.0,0.09018518518518519,0.0007126200274348422,0.0,0.0,0.018333333333333333,0.00875,0.0,-33.06452562011767,13.668163400418523,0.005107882995865161,0.0015608499811131562
0612-3.tif,0.0,171.6947185818157,0.0,0.08333333333333333,4.242424242424243e-05,0.0,0.0,0.0,0.0,0.0,44.3983206935309,4.125376505818923,0.007578950553724931,0.002253875664977597
0612-4.tif,0.0,131.28781282327148,0.0,0.11833333333333333,0.006732407407407407,0.0,0.0,0.0,0.0,0.0,-32.64032656737501,17.230418817595986,0.004439845382626975,0.0012482304385680518
0612-6.tif,0.0,163.38971310063386,0.0,0.08866666666666667,0.0006160000000000001,0.0,0.0,0.0,0.0,0.0,43.147739845146745,8.48181893345217,0.004717875325626305,0.001407866801775156
0704-1.tif,0.0,145.5833520588608,0.0,0.08483333333333333,0.0019252499999999999,0.0,0.0,0.028333333333333332,0.01625,0.0,45.14776699548627,5.82633153143478,0.01036652849286498,0.0027299973506156963
0704-2.tif,0.0,133.49516845189567,0.0,0.0851851851851852,0.0016762002743484225,0.0,0.0,0.02,0.00875,0.0,32.97727813814809,13.172092350530164,0.005604648270303332,0.0014995620828851472
0704-3.tif,0.0,145.6735283416453,0.0,0.0845,0.0013955833333333333,0.0,0.0,0.028333333333333332,0.01125,0.0,45.040542528243236,11.266722093451612,0.009163961585534128,0.0024272720792169666
0704-4.tif,0.0,129.25996630391364,0.0,0.13533333333333333,0.01448377777777778,0.0,0.0,0.021666666666666667,0.00875,0.0,39.229228484715144,12.944402067121963,0.005285949491719525,0.0014106460593645996
0704-6.tif,0.0,156.9518680643492,0.0,0.07848484848484849,0.00043962350780532604,0.0,0.0,0.0,0.0,0.0,38.28563775660206,13.190745341115477,0.0059165399470298965,0.0015766294738192687
0705-1.tif,0.0,158.56421412159807,0.0,0.09703703703703703,0.0007313443072702332,0.0,0.0,0.0,0.0,0.0,-31.699978880374896,16.976890146668865,0.013057634567902519,0.004672966767576174
0705-2.tif,0.0,124.38659369625822,0.0,0.09229166666666666,0.005436067708333333,0.0,0.0,0.0,0.0,0.0,-17.344750233918784,8.806433676122506,0.006049342802442955,0.001956943792843507
0705-3.tif,0.0,122.08689477803591,0.0,0.09,0.006525,0.0,0.0,0.0,0.0,0.0,28.266473953286354,17.496016340178535,0.009136404971020896,0.002910335601675382
0705-4.tif,0.0,125.33743344357353,0.0,0.13099999999999998,0.015650666666666667,0.0,0.0,0.0,0.0,0.0,-10.519714326177688,9.469071029868381,0.005885818833507134,0.0018362863604656943
0705-6.tif,0.0,138.95830309844746,0.0,0.08796296296296297,0.0031924554183813446,0.0,0.0,0.0,0.0,0.0,-44.22041444140502,7.791607296015116,0.005980540516630497,0.0018964258281834925
0706-1.tif,0.0,173.8440392995975,0.0,0.0834848484848485,2.6997245179063364e-05,0.0,0.0,0.0,0.0,0.0,40.52979804051044,10.865350762157535,0.01501818026580766,0.0052857876997009
0706-2.tif,0.0,159.47354012500003,0.0,0.09555555555555556,0.0011888888888888889,0.0,0.0,0.0,0.0,0.0,42.72020710563963,9.355747155901003,0.009267640468687883,0.003344129361006575
0706-3.tif,0.0,177.36818266595117,0.0,0.088,0.00033600000000000004,0.0,0.0,0.0,0.0,0.0,34.77289415446912,14.836635042297129,0.014511582115220387,0.0052202521158784985
0706-4.tif,0.0,147.52663954350754,0.0,0.11476190476190477,0.003882086167800454,0.0,0.0,0.0,0.0,0.0,8.692377189993893,6.795828500719369,0.008974497459563493,0.0032535960290262893
0706-6.tif,0.0,169.11954791686057,0.0,0.09066666666666666,0.0005206666666666667,0.0,0.0,0.0,0.0,0.0,-5.994936892165875,7.883332603909022,0.00888439491357661,0.0032101390780757606
0707-1.tif,0.0,159.03133114488568,0.0,0.06782051282051282,0.0003877712031558186,0.0,0.0,0.016833333333333332,0.011125000000000001,1.2712239583333334e-09,-27.818226036074307,16.8992625398563,0.00975127502651177,0.0023268689698002845
0707-2.tif,0.0,130.88349781389553,0.0,0.08611111111111111,0.002705555555555556,0.0,0.0,0.02020833333333333,0.01359375,4.144965277777778e-09,24.105243742509497,14.49635938598743,0.005379788378674733,0.0012523901385914627
0707-3.tif,0.0,170.49921472611604,0.0,0.06690476190476191,8.684807256235828e-05,0.0,0.0,0.016666666666666666,0.012,1.2186342592592595e-09,38.67264300745351,14.404864606679483,0.009100049479101067,0.002073967458128369
0707-4.tif,0.0,130.58879009610828,0.0,0.09541666666666666,0.004617881944444444,0.0,0.0,0.018833333333333334,0.010125,7.402777777777778e-10,42.082426064395705,8.900038997159138,0.0052873665789683584,0.00120260069330837
0707-6.tif,0.0,135.84946223260837,0.0,0.07287878787878788,0.0016439853076216716,0.0,0.0,0.02611111111111111,0.016458333333333332,9.416956018518518e-09,15.855555084495759,13.838732666553591,0.005132727779439255,0.0011905280977414247
0709-1.tif,0.0,176.78918707507728,0.0,0.08439393939393938,0.000594077134986226,0.0,0.0,0.0,0.0,0.0,43.38879653355995,7.983432234633493,0.010690646016107518,0.003069823984996737
0709-2.tif,0.0,145.784298634644,0.0,0.101875,0.002158637152777778,0.0,0.0,0.0,0.0,0.0,-6.571192905847047,5.252588133484626,0.006226238803229518,0.0018181692681114136
0709-3.tif,0.0,154.84317873254864,0.0,0.095,0.0007679012345679013,0.0,0.0,0.0,0.0,0.0,-44.60137626495101,5.186917624669127,0.009525609608685617,0.0028081615450781202
0709-4.tif,0.0,134.11021967176163,0.0,0.12055555555555554,0.006328395061728395,0.0,0.0,0.0,0.0,0.0,-17.730555091237203,10.751147821568196,0.006285571791981183,0.0018464140324885513
0709-6.tif,0.0,175.0280136308344,0.0,0.08272727272727272,0.00022589531680440773,0.0,0.0,0.02388888888888889,0.00875,1.870177469135802e-09,-36.451555989429856,12.785232884377598,0.0065563341815041525,0.001967907362477714
0710-1.tif,0.0,174.04459438124854,0.0,0.08393939393939394,4.054178145087235e-05,0.0,0.0,0.0,0.0,0.0,-20.651227752411177,11.448245440037812,0.008946371384578038,0.002255459501133301
0710-2.tif,0.0,167.6057948859133,0.0,0.09016666666666667,0.0006580277777777778,0.0,0.0,0.0,0.0,0.0,43.39317328892293,9.662884814696621,0.0053202270062432345,0.0013466809738845711
0710-3.tif,0.0,175.44483146815378,0.0,0.08409090909090909,2.796143250688705e-05,0.0,0.0,0.015833333333333335,0.019375,4.78515625e-10,44.46070508626373,3.507220825629134,0.007938961510130937,0.002036677241263888
0710-4.tif,0.0,150.42318904500442,0.0,0.10333333333333333,0.0021381944444444443,0.0,0.0,0.0,0.0,0.0,-6.019892690952271,7.4330283806058075,0.004576539073143285,0.001137317560101226
0710-6.tif,0.0,168.4816491956987,0.0,0.09,0.00041944444444444445,0.0,0.0,0.022777777777777775,0.010208333333333333,2.496262538580247e-09,-14.026712217952666,8.943570356015512,0.005541766283781768,0.0014545353053091736
0717-1.tif,0.0,169.0066361287496,0.0,0.07863636363636363,0.0002963728191000919,0.0,0.0,0.0175,0.0125,1.3292100694444445e-09,44.19470482755454,8.421653534705964,0.012617722503757055,0.0037350028031872874
0717-2.tif,0.0,150.9947350075492,0.0,0.0925925925925926,0.0020852537722908094,0.0,0.0,0.025833333333333333,0.011875,3.2100694444444447e-08,8.371380992625133,8.306771400672986,0.007449881559320697,0.002252522696138439
0717-3.tif,0.0,181.1080621549322,0.0,0.07972222222222222,7.538580246913579e-05,0.0,0.0,0.015303030303030303,0.011590909090909091,3.545397153351699e-10,5.903897414293507,11.183589247442672,0.012521413653162384,0.0037591699244397506
0717-4.tif,0.0,147.45131399889254,0.0,0.09092592592592592,0.000813031550068587,0.0,0.0,0.016666666666666666,0.01125,0.0,32.03308229257921,16.75523261483194,0.0076566460992388025,0.002289378760905391
0717-6.tif,0.0,178.92191943537233,0.0,0.07708333333333334,0.00021487268518518519,0.0,0.0,0.025357142857142856,0.0125,1.504803093112245e-08,13.788507032058622,9.659933155446623,0.008313386794875236,0.002476315420363877
0718-1.tif,0.0,150.99350979429548,0.0,0.0898148148148148,0.0014922496570644718,0.0,0.0,0.0,0.0,0.0,-29.28871458328905,15.54593521293516,0.008841384534270589,0.0024293203437062254
0718-2.tif,0.0,147.20054347725758,0.0,0.10291666666666667,0.0021776041666666667,0.0,0.0,0.0,0.0,0.0,-7.042675730708606,7.680778168533892,0.0057118446344216044,0.0016060306495915895
0718-3.tif,0.0,162.7699283859794,0.0,0.08883333333333333,0.0004133611111111111,0.0,0.0,0.0,0.0,0.0,23.091800371828022,13.746929636845886,0.008932393912891856,0.0024907404589166364
0718-4.tif,0.0,137.60487651539216,0.0,0.12666666666666668,0.006749074074074074,0.0,0.0,0.0,0.0,0.0,30.54387920279113,14.928010831168287,0.00603733905735629,0.0016595707035273175
0718-6.tif,0.0,172.9562656352328,0.0,0.08363636363636363,0.0006185950413223141,0.0,0.0,0.02,0.0075,0.0,44.91014771444926,7.513821743206608,0.005772682592414266,0.001603433410563409
0894-1.tif,0.0,168.93629634339158,0.0,0.08212121212121212,5.863177226813592e-05,0.0,0.0,0.022738095238095238,0.009464285714285713,1.55984268707483e-09,40.192582776023976,12.068974348864456,0.014131817975171905,0.004276178785584094
0894-2.tif,0.0,153.64265721375193,0.0,0.08366666666666667,0.0009621111111111112,0.0,0.0,0.02382352941176471,0.010294117647058822,1.3245806901191851e-09,22.493999007116717,12.930509423691895,0.00953129363967743,0.00301817483284905
0894-3.tif,0.0,172.53502059968386,0.0,0.08439393939393938,0.00010417814508723599,0.0,0.0,0.02181818181818182,0.010965909090909092,2.8475809228650134e-09,39.2064760908197,11.943275090091108,0.014820587619348461,0.004653178544643205
0894-4.tif,0.0,136.35248439247448,0.0,0.10857142857142857,0.0031368480725623583,0.0,0.0,0.025277777777777777,0.010416666666666668,7.781756365740742e-09,17.287221922023736,11.536145918441038,0.00877190454075115,0.0028122341636289206
0894-6.tif,0.0,177.01475142547363,0.0,0.08333333333333333,0.00013383838383838382,0.0,0.0,0.024285714285714285,0.009702380952380952,3.283041225749559e-09,-3.7746512778547987,6.983770403739705,0.009198249235903825,0.0027750033745443424
0895-1.tif,0.0,173.96806858986764,0.0,0.08575757575757575,0.00023099173553719007,0.0,0.0,0.029666666666666668,0.01625,5.25733024691358e-10,20.99019341798774,7.303678360381881,0.02006045687660846,0.0072186159841396615
0895-2.tif,0.0,154.28786018884603,0.0,0.08616666666666667,0.0019555833333333335,0.0,0.0,0.03222222222222222,0.017083333333333332,7.98852237654321e-09,44.738778215476096,8.762320364508115,0.011397970314744628,0.004160904521089283
0895-3.tif,0.0,183.1441053203992,0.0,0.08041666666666666,0.00013385416666666667,0.0,0.0,0.024499999999999997,0.025249999999999998,1.0948958333333335e-08,40.814051248625375,12.84260818924643,0.017392797209730457,0.006221053477776083
0895-4.tif,0.0,142.53299379788405,0.0,0.09958333333333333,0.0019435763888888888,0.0,0.0,0.026,0.01625,1.34375e-10,10.286441254657788,7.383655001317398,0.011014856198422244,0.004041825702879364
0895-6.tif,0.0,171.27880707217142,0.0,0.0925,0.0010984722222222223,0.0,0.0,0.0375,0.012916666666666667,2.2868441358024697e-09,-5.481756955210362,4.443621196420349,0.010238623425098537,0.0036530121556184202
0901-1.tif,0.0,179.33463057151627,0.0,0.08651515151515152,0.0003578053259871443,0.0,0.0,0.013333333333333334,0.0125,0.0,38.44107960136734,13.254470567052515,0.013974995606113975,0.005002084437778934
0901-2.tif,0.0,173.16343837221785,0.0,0.08181818181818182,0.0002805325987144169,0.0,0.0,0.014166666666666666,0.0125,3.90625e-11,-42.559118436921764,10.739227593216636,0.008029205147282717,0.002865716462238078
0901-3.tif,0.0,173.9180841660809,0.0,0.08393939393939394,7.640036730945821e-05,0.0,0.0,0.0,0.0,0.0,-28.276719101048144,13.13814802622957,0.013050689207824848,0.004643610626123
0901-4.tif,0.0,154.90629425559183,0.0,0.09351851851851853,0.0007706447187928669,0.0,0.0,0.0,0.0,0.0,-40.91149598798881,9.546708073012944,0.008473498325285137,0.0031076468792280536
0901-6.tif,0.0,173.91976119272167,0.0,0.08212121212121212,0.00016873278236914605,0.0,0.0,0.01888888888888889,0.012222222222222223,6.356095679012346e-10,-44.68794795959588,7.362239973713011,0.00894102086463421,0.0032484333376538374
0907-1.tif,0.0,170.7835496566731,0.0,0.08409090909090909,6.634527089072542e-05,0.0,0.0,0.0,0.0,0.0,-21.68292500154638,12.192767021675923,0.009054384826676056,0.0023988799647791576
0907-2.tif,0.0,141.6096181430389,0.0,0.09979166666666667,0.0024503038194444446,0.0,0.0,0.0,0.0,0.0,-43.38562614178703,7.069385738852879,0.005270506241246311,0.0014105948737000956
0907-3.tif,0.0,159.19191598728398,0.0,0.08666666666666667,0.00032833333333333336,0.0,0.0,0.023333333333333334,0.0075,0.0,-27.580275963961544,12.001427660850082,0.008660121700510288,0.0022777777838725137
0907-4.tif,0.0,132.02968126407742,0.0,0.11861111111111113,0.006834645061728395,0.0,0.0,0.0,0.0,0.0,-43.59302228322132,9.84411077748008,0.005327644396307025,0.001381457482321273
0907-6.tif,0.0,162.36200752516982,0.0,0.08866666666666667,0.0005304444444444444,0.0,0.0,0.020555555555555556,0.009583333333333334,1.5446566358024693e-09,-41.888419310430905,8.701963099048363,0.006049463475922098,0.0016118783844282177
0909-1.tif,0.0,155.52928984599652,0.0,0.09555555555555556,0.0012351851851851853,0.0,0.0,0.02357142857142857,0.007678571428571429,7.709750566893425e-10,44.93527958359498,9.039805901828933,0.010506638504694655,0.0029124942876984886
0909-2.tif,0.0,152.2578076815767,0.0,0.09407407407407407,0.002586488340192044,0.0,0.0,0.028205128205128206,0.007884615384615384,6.094777284681131e-09,45.30327408162444,6.275055822307621,0.006964014827987461,0.0019754635464221456
0909-3.tif,0.0,162.92791084473959,0.0,0.089,0.0004101111111111111,0.0,0.0,0.026805555555555555,0.0078125,2.464162567515432e-09,9.3001231384182,10.527074895378977,0.011634270170367573,0.0033143236046505498
0909-4.tif,0.0,139.7205666131292,0.0,0.12666666666666668,0.00629074074074074,0.0,0.0,0.02666666666666667,0.006875,3.515625e-10,-41.26605296035621,12.60539199965877,0.006866322297075256,0.0019342780246043884
0909-6.tif,0.0,169.58716211893977,0.0,0.08409090909090909,0.0005471533516988062,0.0,0.0,0.030833333333333334,0.0088125,2.6165256076388894e-09,-14.54016165173166,8.356746880065174,0.00700425511767898,0.001979592063809195
0918-1.tif,0.0,143.92050274756238,0.0,0.09979166666666667,0.0014850260416666666,0.0,0.0,0.0,0.0,0.0,18.40782654306605,9.576351376201778,0.01062901267454767,0.0033488821289507902
0918-2.tif,0.0,146.32974769925764,0.0,0.10229166666666667,0.0015846788194444445,0.0,0.0,0.0,0.0,0.0,-45.00107439797793,7.6424338840262225,0.0064459312632241085,0.0020871396693819553
0918-3.tif,0.0,138.5009025241352,0.0,0.10928571428571428,0.003526077097505669,0.0,0.0,0.02,0.015,0.0,38.10149031371804,10.008819553529937,0.01047493156210614,0.0034017954476415523
0918-4.tif,0.0,120.89481194640055,0.0,0.12733333333333335,0.01047288888888889,0.0,0.0,0.0,0.0,0.0,-9.041367420777918,11.250148937354561,0.006436207648060753,0.0020735787878645878
0918-6.tif,0.0,170.77492904079594,0.0,0.08181818181818182,0.0002552800734618917,0.0,0.0,0.0,0.0,0.0,43.734458045506905,11.470995881382754,0.006525721679343062,0.0020860286484552697
0920-1.tif,0.0,177.48433029425442,0.0,0.08545454545454545,6.822773186409551e-05,0.0,0.0,0.02210144927536232,0.01201086956521739,1.638652593992859e-08,11.52321568126593,9.26670165998555,0.011597851492346427,0.0028875627434222484
0920-2.tif,0.0,154.8541571931474,0.0,0.09222222222222222,0.0008222222222222222,0.0,0.0,0.017833333333333333,0.0105,8.078450520833333e-10,41.33259239971358,9.060143752802686,0.007603578789154672,0.002008645735623737
0920-3.tif,0.0,177.1677445875017,0.0,0.08484848484848484,9.012855831037649e-05,0.0,0.0,0.022238095238095237,0.012892857142857143,1.6839781746031746e-08,31.485393918199673,17.29422902486195,0.011229185163590102,0.0027865491677232916
0920-4.tif,0.0,161.5744101025902,0.0,0.09759259259259259,0.000925377229080933,0.0,0.0,0.019629629629629632,0.011319444444444444,3.93352409122085e-09,41.052142030519065,13.394925917549772,0.007111026662332203,0.0018565729206946803
0920-6.tif,0.0,178.42505429451325,0.0,0.08681818181818182,0.00027245179063360876,0.0,0.0,0.020238095238095236,0.011845238095238096,9.775191326530612e-09,-20.51070378989669,11.756671102063589,0.008099545512422401,0.0021818890376419657
0921-1.tif,0.0,170.00549334828872,0.0,0.09266666666666667,0.0006490000000000001,0.0,0.0,0.0,0.0,0.0,-20.378053379315656,13.215547833787651,0.00888311517364107,0.002269357980362977
0921-2.tif,0.0,150.5943779384432,0.0,0.1025,0.0024444444444444444,0.0,0.0,0.0,0.0,0.0,-41.81396053000507,9.014870815795103,0.005713657615295132,0.0015163865728304372
0921-3.tif,0.0,166.9132005831942,0.0,0.09133333333333332,0.0008059999999999999,0.0,0.0,0.023333333333333334,0.01,0.0,45.24890696250573,6.147595133014522,0.009245198318642482,0.002426432713699196
0921-4.tif,0.0,133.5148084731902,0.0,0.12027777777777779,0.006001311728395062,0.0,0.0,0.0,0.0,0.0,-11.791150844301981,8.734737881402511,0.005779424163465242,0.0014928748865861068
0921-6.tif,0.0,178.75097124833258,0.0,0.08439393939393938,0.00015670339761248851,0.0,0.0,0.024444444444444442,0.007083333333333334,3.2503858024691355e-10,-31.4058741655228,21.216673790661435,0.005669914017101833,0.0014945975716245106
0922-1.tif,0.0,167.2121431787963,0.0,0.08833333333333333,0.00038388888888888885,0.0,0.0,0.020925925925925924,0.010833333333333332,8.21866426611797e-10,1.5393883856487234,4.080580397044259,0.009323304520456297,0.0022633448138914356
0922-2.tif,0.0,163.67560135627681,0.0,0.08700000000000001,0.00044488888888888887,0.0,0.0,0.01875,0.01375,1.1857096354166668e-09,18.345837083887798,8.630092762280574,0.005517952812184366,0.0013918740050395681
0922-3.tif,0.0,155.3056663486558,0.0,0.09555555555555556,0.0011259259259259258,0.0,0.0,0.01611111111111111,0.011666666666666667,1.3406635802469135e-10,6.961197130549995,9.819745405226843,0.008740517722523997,0.0022100369730194314
0922-4.tif,0.0,141.75618620198065,0.0,0.1252777777777778,0.007056867283950617,0.0,0.0,0.016666666666666666,0.01175,9.618055555555557e-11,42.04842720604746,10.354023579649787,0.005223729206514808,0.0013110351059660876
0922-6.tif,0.0,174.1146652831595,0.0,0.08257575757575758,0.00017998163452708909,0.0,0.0,0.019102564102564102,0.010961538461538462,1.0449026134122288e-09,5.8690004300117575,2.9063319345364826,0.006254124496303334,0.0016597093339663898
0923-1.tif,0.0,189.84452554011406,0.0,0.07615384615384616,0.00013264299802761341,0.0,0.0,0.022142857142857145,0.009285714285714286,3.195861678004535e-10,24.74576029240745,10.855591171633831,0.013231076996133715,0.003768986175155761
0923-2.tif,0.0,153.38564804046496,0.0,0.08600000000000001,0.0012856666666666667,0.0,0.0,0.025238095238095237,0.011964285714285714,4.592899659863946e-09,37.65246773556507,12.822742775775415,0.008240010775033503,0.002417127816723983
0923-3.tif,0.0,176.03496156249102,0.0,0.07666666666666666,0.00015416666666666666,0.0,0.0,0.025512820512820514,0.0125,2.3692266600920446e-09,31.72121040696727,15.823827623067732,0.01314814790083854,0.00384099699369452
0923-4.tif,0.0,157.4391628534654,0.0,0.09425925925925926,0.0008210562414266118,0.0,0.0,0.02666666666666667,0.012678571428571428,4.367205215419501e-09,-42.23981009962687,9.34884781020428,0.007964939813901369,0.002327939976404032
0923-6.tif,0.0,178.86457367037698,0.0,0.07217948717948718,0.00022537804076265612,0.0,0.0,0.027857142857142858,0.012142857142857143,8.314997874149661e-09,9.3686624624201,5.350440492812708,0.008775392554311139,0.00263721726538049
0925-1.tif,0.0,159.34971157335804,0.0,0.0875,0.0004129166666666667,0.0,0.0,0.0,0.0,0.0,44.72800873314024,7.9237831722398235,0.009059924282871088,0.0023401542842862435
0925-2.tif,0.0,145.9909586241559,0.0,0.09458333333333334,0.0015387152777777777,0.0,0.0,0.03,0.01125,0.0,0.5033565709067556,8.419674392687222,0.00534100955765519,0.0014325926401266144
0925-3.tif,0.0,158.26721832614047,0.0,0.08666666666666667,0.0005044444444444444,0.0,0.0,0.015,0.01125,0.0,4.309595100140732,7.034998357874164,0.008745444079180037,0.0022852604734727956
0925-4.tif,0.0,143.7019484906172,0.0,0.11214285714285716,0.004721201814058957,0.0,0.0,0.015,0.01125,0.0,20.34154762276171,9.657002638854587,0.005066959257819468,0.0012806619947743191
0925-6.tif,0.0,168.4398178051206,0.0,0.08303030303030304,0.0006887970615243342,0.0,0.0,0.03208333333333333,0.01125,1.0316297743055556e-09,19.104108087183548,9.319002948356331,0.005740891300262291,0.001487550897332289
0926-1.tif,0.0,172.37837902578025,0.0,0.08303030303030304,0.00011000918273645545,0.0,0.0,0.0,0.0,0.0,44.217103188317,5.41623216636682,0.00922260589581497,0.002447093405477637
0926-2.tif,0.0,145.55475773742333,0.0,0.11214285714285716,0.004187074829931973,0.0,0.0,0.021666666666666667,0.0075,0.0,-41.69244250616351,8.6597898687307,0.005291909901312665,0.0014496973274109506
0926-3.tif,0.0,153.6535388463279,0.0,0.09407407407407407,0.000803772290809328,0.0,0.0,0.0,0.0,0.0,11.810166403533676,6.947375079893846,0.008346261617010913,0.002268495987650837
0926-4.tif,0.0,140.44622763585664,0.0,0.125,0.006562037037037037,0.0,0.0,0.0,0.0,0.0,39.387966738303376,11.869679031365973,0.005108647122460848,0.001356751896242113
0926-6.tif,0.0,171.74421791981496,0.0,0.0803030303030303,0.00015647382920110192,0.0,0.0,0.0,0.0,0.0,-22.670484900488287,14.260992798894922,0.005411946110855392,0.0014865463183129388
0927-1.tif,0.0,145.01846146841672,0.0,0.07136363636363637,0.0007887970615243343,0.0,0.0,0.024393939393939395,0.010568181818181819,2.739325068870524e-09,-2.0101523389241476,6.28329614216098,0.008583786874738672,0.002140273027361478
0927-2.tif,0.0,162.30834852218786,0.0,0.08766666666666667,0.0006117777777777778,0.0,0.0,0.025,0.015714285714285715,2.0586557539682538e-08,-38.2100618246328,11.730743579621434,0.005499622010225608,0.0013520512247135231
0927-3.tif,0.0,170.92207044927426,0.0,0.0834848484848485,0.00013911845730027545,0.0,0.0,0.028452380952380955,0.01625,1.1555502409297053e-08,-1.9958742896931327,5.079284033600155,0.009192843721946875,0.0022452291407940635
0927-4.tif,0.0,150.69850696008902,0.0,0.0925925925925926,0.001866735253772291,0.0,0.0,0.026458333333333334,0.01390625,1.037868923611111e-08,-45.25239821528973,8.754466316048427,0.005299522140264755,0.0012521466285398475
0927-6.tif,0.0,178.45096122501045,0.0,0.0776388888888889,0.00023586033950617283,0.0,0.0,0.02547619047619048,0.014285714285714285,8.575259530895693e-09,42.65166827567967,11.17672629394325,0.005811877880513404,0.0014188022776584072
0928-1.tif,0.0,177.78076386381065,0.0,0.08575757575757575,0.0002910927456382002,0.0,0.0,0.0,0.0,0.0,42.061282611028744,11.980256309630258,0.011242485490175032,0.0030495949753091625
0928-2.tif,0.0,169.14881706370159,0.0,0.0905,0.0007583611111111112,0.0,0.0,0.021666666666666667,0.01,0.0,44.264119795104975,6.187849468036143,0.007518799449604402,0.00211934292548152
0928-3.tif,0.0,178.6301268605669,0.0,0.08606060606060606,0.0005051882460973369,0.0,0.0,0.021666666666666667,0.012916666666666667,1.3030478395061728e-09,43.781225337122045,9.02809459799685,0.0111529328998683,0.003071307121990216
0928-4.tif,0.0,141.3797523516009,0.0,0.11404761904761905,0.003644331065759637,0.0,0.0,0.028333333333333332,0.01625,0.0,-43.889023468339616,7.901317767876096,0.007121221892008164,0.002001476053518155
0928-6.tif,0.0,180.75265097179994,0.0,0.0853030303030303,0.0007872819100091827,0.0,0.0,0.0,0.0,0.0,30.099473316429453,13.155522447346746,0.00825909438441492,0.002385638683737063
0932-1.tif,0.0,141.36722165348192,0.0,0.09458333333333334,0.002293576388888889,0.0,0.0,0.016666666666666666,0.01125,0.0,-42.30474949962731,9.221659860606497,0.00943688174003913,0.0025868165000974244
0932-2.tif,0.0,159.53670424074832,0.0,0.09537037037037037,0.000989368998628258,0.0,0.0,0.014166666666666666,0.011875,4.340277777777778e-12,29.901995435826407,21.119570660117773,0.006323977819928428,0.0017940324445949952
0932-3.tif,0.0,145.44168573905242,0.0,0.10125,0.0020977430555555554,0.0,0.0,0.015,0.010625,3.515625e-10,-27.037474880106053,11.48808494794532,0.009611198032949346,0.0026570934457681044
0932-4.tif,0.0,138.70420737258527,0.0,0.12416666666666666,0.006392361111111111,0.0,0.0,0.015833333333333335,0.009375,4.340277777777778e-12,-21.517407539572247,11.44209919408173,0.005698291552462522,0.0015610355279658602
0932-6.tif,0.0,171.45618163898968,0.0,0.08318181818181818,0.0004825528007346188,0.0,0.0,0.0,0.0,0.0,-43.36355233526121,9.305985499281348,0.005695143527217367,0.0016066182767657138
0934-1.tif,0.0,174.12128595384948,0.0,0.08424242424242424,5.169880624426078e-05,0.0,0.0,0.013333333333333334,0.01375,2.7777777777777777e-10,15.390662232334659,7.86157150076037,0.010826219741021043,0.003046389047773165
0934-2.tif,0.0,146.96636047446745,0.0,0.10145833333333333,0.002447526041666667,0.0,0.0,0.02666666666666667,0.01,0.0,-36.020804232601485,11.455476534751558,0.004896632200070577,0.001281197072000698
0934-3.tif,0.0,169.85579688529089,0.0,0.092,0.0005482222222222222,0.0,0.0,0.02,0.0125,0.0,41.9681214492784,7.962487076950614,0.007802952507883796,0.002062240356550773
0934-4.tif,0.0,132.97932170078172,0.0,0.10547619047619047,0.003372789115646259,0.0,0.0,0.0,0.0,0.0,33.504004201806644,12.555932158798758,0.004781984174201832,0.001238115782592106
0934-6.tif,0.0,166.08172836247752,0.0,0.08966666666666666,0.0005343333333333334,0.0,0.0,0.0275,0.00875,1.3129340277777777e-10,14.87871493855486,9.37886337339482,0.005881979066772099,0.0015621646552208756
0935-1.tif,0.0,171.5019233776176,0.0,0.08,0.00037222222222222225,0.0,0.0,0.02666666666666667,0.01,0.0,46.343149248821746,7.218323737653825,0.012920055832164979,0.0035084126336734304
0935-2.tif,0.0,159.15162581638933,0.0,0.0961111111111111,0.0015777777777777778,0.0,0.0,0.016666666666666666,0.0125,0.0,31.464318603024886,12.479436415922986,0.007543187026777632,0.002051947861793831
0935-3.tif,0.0,176.5495484433635,0.0,0.08560606060606062,4.6602387511478417e-05,0.0,0.0,0.022916666666666665,0.010625,4.2805989583333334e-09,1.5578024750504378,4.363530003691731,0.01236250319780796,0.0033467636884308787
0935-4.tif,0.0,151.69812453571836,0.0,0.10375,0.0018845486111111111,0.0,0.0,0.0,0.0,0.0,44.01642707965939,5.383071637765653,0.007156472198594447,0.001956591834808413
0935-6.tif,0.0,174.9797408908306,0.0,0.09333333333333334,0.0006583333333333334,0.0,0.0,0.032857142857142856,0.013392857142857142,1.0880987811791383e-08,9.127658384518806,9.257762064422652,0.007888329349191035,0.0021853518947037446
0936-1.tif,0.0,174.805765224021,0.0,0.08484848484848484,3.760330578512396e-05,0.0,0.0,0.0,0.0,0.0,39.52436544556356,11.451682554631441,0.010874365161986357,0.0029912764736159192
0936-2.tif,0.0,158.19532230758279,0.0,0.09555555555555556,0.001312962962962963,0.0,0.0,0.0,0.0,0.0,13.92289603352167,11.95773971176046,0.006361387423379885,0.001797807095121556
0936-3.tif,0.0,171.80334364874534,0.0,0.08378787878787879,3.287419651056015e-05,0.0,0.0,0.013333333333333334,0.01,0.0,-24.628506345131772,10.174945981394835,0.009655968158145869,0.002701206844207945
0936-4.tif,0.0,151.6347951860361,0.0,0.105,0.002295138888888889,0.0,0.0,0.0,0.0,0.0,-32.92207520730562,14.54245801887081,0.006082088102104922,0.0016985094298396807
0936-6.tif,0.0,169.41342653670958,0.0,0.09233333333333334,0.0004073333333333334,0.0,0.0,0.029444444444444447,0.007916666666666666,1.068672839506173e-09,-32.88273698024437,16.187390212708326,0.0069123814229113964,0.0019380160947315684
0937-1.tif,0.0,166.48137909921596,0.0,0.09116666666666667,0.0006666944444444444,0.0,0.0,0.018333333333333333,0.01125,0.0,-45.497701618993894,2.750333924271115,0.008949295384870416,0.0024247190138125697
0937-2.tif,0.0,156.74514346543563,0.0,0.09685185185185186,0.0012008916323731139,0.0,0.0,0.0,0.0,0.0,-12.893171167803619,7.029668854817163,0.005478064511742659,0.001552153189890129
0937-3.tif,0.0,151.38216539605978,0.0,0.0925925925925926,0.000814883401920439,0.0,0.0,0.0175,0.01375,6.781684027777778e-10,-35.28313095808779,12.90948539952874,0.00886654626762986,0.002499627678004081
0937-4.tif,0.0,147.72647396831454,0.0,0.10145833333333333,0.0018190538194444445,0.0,0.0,0.0,0.0,0.0,-1.1015252508126634,10.463805331037774,0.005436205580293756,0.0014934800055900154
0937-6.tif,0.0,175.09794385094418,0.0,0.07597222222222223,0.0002266010802469136,0.0,0.0,0.0175,0.01125,8.905707465277777e-10,16.90234957351055,8.726598858911823,0.005982569285110174,0.0017054697128396144
0938-1.tif,0.0,175.67415780991303,0.0,0.08515151515151516,7.346189164370981e-05,0.0,0.0,0.0,0.0,0.0,-35.070074805681834,14.408099116561536,0.011183571588792395,0.0028214029195708116
0938-2.tif,0.0,154.98712849782075,0.0,0.09296296296296297,0.00065480109739369,0.0,0.0,0.023333333333333334,0.0075,0.0,-44.28864678849582,8.710350692652048,0.006535389920546411,0.0016578311982346418
0938-3.tif,0.0,179.25282811963913,0.0,0.08621212121212121,0.00032933884297520677,0.0,0.0,0.02,0.01,0.0,25.32537569026226,16.091697282703983,0.010485026446372567,0.0026541984979244204
0938-4.tif,0.0,153.45800084938995,0.0,0.10541666666666667,0.002315798611111111,0.0,0.0,0.0,0.0,0.0,-19.08089295576187,9.24825363372385,0.006613352367405698,0.001649456912352213
0938-6.tif,0.0,175.56353709001067,0.0,0.08257575757575758,0.00016584022038567493,0.0,0.0,0.023333333333333334,0.007916666666666666,6.780478395061727e-10,-4.93646491367113,6.346009227956616,0.0071073847785260175,0.0018728743862671212
0939-1.tif,0.0,156.9464876956474,0.0,0.0962962962962963,0.0008998628257887518,0.0,0.0,0.0,0.0,0.0,42.43244920467078,8.274184688996876,0.008891536322404376,0.002533620775928067
0939-2.tif,0.0,144.73688345442142,0.0,0.09895833333333333,0.0022582899305555555,0.0,0.0,0.0,0.0,0.0,26.814790304232346,23.07592178419916,0.006268862453621895,0.0019782979260241375
0939-3.tif,0.0,148.396449326928,0.0,0.10270833333333333,0.0019812065972222223,0.0,0.0,0.02,0.00875,0.0,-44.56527150012783,9.432366481088833,0.00976468902010344,0.0031380354089597354
0939-4.tif,0.0,133.62218711310217,0.0,0.13833333333333334,0.010857777777777779,0.0,0.0,0.0,0.0,0.0,-43.993905683386366,6.829016061436,0.006584661856892243,0.0021581806659392187
0939-6.tif,0.0,166.47214543764244,0.0,0.09016666666666667,0.0004469166666666667,0.0,0.0,0.023333333333333334,0.00875,0.0,32.66560121519939,15.460894567749737,0.006957251530573817,0.0024029658792415936
0941-1.tif,0.0,171.50364427614943,0.0,0.08318181818181818,6.083562901744719e-05,0.0,0.0,0.018636363636363635,0.012272727272727274,4.774305555555556e-10,-44.45174957457812,9.27741414446375,0.009388025028402832,0.0023769327360927527
0941-2.tif,0.0,154.39168821031058,0.0,0.0835,0.0007558055555555557,0.0,0.0,0.015,0.01,0.0,11.243493606489338,6.639692353862549,0.005579680283540403,0.0014282387405845122
0941-3.tif,0.0,176.8626860652699,0.0,0.08606060606060606,0.0003683195592286502,0.0,0.0,0.022698412698412697,0.012976190476190476,4.4573176492819354e-09,44.40299321874928,6.62363685691651,0.009161187929663599,0.0023371975338982217
0941-4.tif,0.0,132.636191799222,0.0,0.10738095238095238,0.003692743764172336,0.0,0.0,0.021904761904761903,0.010714285714285714,9.541524943310658e-10,44.897192355894724,4.59378437329282,0.005703305991313689,0.0014191143710662667
0941-6.tif,0.0,175.03169619973465,0.0,0.07777777777777778,0.000228858024691358,0.0,0.0,0.019833333333333335,0.0155,5.947439236111111e-09,39.04746707658233,12.34708906592009,0.006127163441256427,0.0015670197760389983
0944-1.tif,0.0,185.97855701300367,0.0,0.08236111111111111,0.00035206404320987656,0.0,0.0,0.020416666666666666,0.031875,1.17119140625e-07,32.41220963245272,12.509707499069041,0.008966730974223722,0.001998079334203473
0944-2.tif,0.0,163.41758031361118,0.0,0.08393939393939394,0.0008375114784205694,0.0,0.0,0.018333333333333333,0.011666666666666667,4.505449459876543e-10,-44.43098883115984,7.687923426904464,0.0056941182678685205,0.0013282164485688315
0944-3.tif,0.0,180.745628573752,0.0,0.08,7.361111111111111e-05,0.0,0.0,0.018958333333333334,0.01171875,5.663384331597223e-10,-42.88008342506024,8.414465179186411,0.008526153626516299,0.0019137601772418198
0944-4.tif,0.0,159.07737111229866,0.0,0.09833333333333333,0.001854320987654321,0.0,0.0,0.019814814814814816,0.01125,6.800840192043895e-10,38.12195172534679,12.856312198289265,0.005376758874294572,0.0011530143703686016
0944-6.tif,0.0,170.04354017590776,0.0,0.08287878787878787,5.509641873278237e-05,0.0,0.0,0.025606060606060604,0.012159090909090908,1.0846246556473831e-08,-33.565205759167014,12.980281799763791,0.00568688951220096,0.0012814536627909956
0945-1.tif,0.0,181.50671475182398,0.0,0.08621212121212121,9.196510560146924e-05,0.0,0.0,0.022666666666666665,0.016,2.8168402777777777e-08,11.385269207862748,5.94606717417246,0.008025575979403106,0.0018930829328581574
0945-2.tif,0.0,183.5833654528806,0.0,0.0788888888888889,0.000541820987654321,0.0,0.0,0.01875,0.016875,7.555067274305555e-09,29.146734873112983,15.05808255259427,0.0048401264045508,0.0011795382660554842
0945-3.tif,0.0,189.69310009123214,0.0,0.09,0.0005343434343434343,0.0,0.0,0.025555555555555557,0.025,2.3697916666666666e-09,44.13289513247303,8.761594908238013,0.00786465407770816,0.0018959479833610866
0945-4.tif,0.0,167.71594703214387,0.0,0.08303030303030304,0.0004110192837465565,0.0,0.0,0.02388888888888889,0.02125,7.702751253858026e-08,-45.21984737202199,8.55868644797822,0.004763432468816263,0.001128222014144051
0945-6.tif,0.0,180.5964462244174,0.0,0.08287878787878787,0.0004894398530762168,0.0,0.0,0.021333333333333336,0.023,1.425347222222222e-09,-44.51432999620655,6.956339431574552,0.005461033555903715,0.0013505629936469991
0946-1.tif,0.0,185.48088786533668,0.0,0.08097222222222222,8.493441358024691e-05,0.0,0.0,0.017291666666666667,0.01328125,4.871961805555556e-10,11.965367578196277,9.684396030413549,0.010672801516749798,0.0026472388648355
0946-2.tif,0.0,158.00392400190572,0.0,0.09666666666666666,0.0012049382716049382,0.0,0.0,0.029166666666666667,0.01375,1.6416015625e-08,-37.574189251692076,14.687501080079489,0.006652546508442677,0.001712522675308059
0946-3.tif,0.0,175.82690519859577,0.0,0.07924242424242424,0.00014866850321395777,0.0,0.0,0.019,0.013000000000000001,9.442013888888887e-09,-16.730165606698503,7.677696202892691,0.010392335398395696,0.002712192066001992
0946-4.tif,0.0,144.93071993282484,0.0,0.10041666666666667,0.0014789930555555557,0.0,0.0,0.015,0.01125,0.0,35.75201972302406,14.382753508319707,0.006231908781479929,0.0016286590984968304
0946-6.tif,0.0,176.867240701418,0.0,0.08318181818181818,0.0001219467401285583,0.0,0.0,0.018000000000000002,0.01175,4.142361111111112e-10,20.717399335409684,8.227743709941732,0.006793241905982054,0.0018170859620040023
0948-1.tif,0.0,169.88450135798993,0.0,0.0925,0.0004101388888888889,0.0,0.0,0.022083333333333333,0.00875,2.1158854166666667e-10,-16.40548038544804,9.17833253838482,0.009515202345517669,0.002569830315157993
0948-2.tif,0.0,162.8511970993588,0.0,0.08600000000000001,0.0004673333333333334,0.0,0.0,0.02666666666666667,0.01,0.0,20.515101879785053,8.582594792568027,0.005358497682231024,0.0014794317758911027
0948-3.tif,0.0,150.60601860319585,0.0,0.10354166666666667,0.0028787760416666666,0.0,0.0,0.016666666666666666,0.015,0.0,13.175472535760775,11.084585040037773,0.0073771145005294405,0.002053495049941623
0948-4.tif,0.0,141.4040382761975,0.0,0.1252777777777778,0.007539274691358024,0.0,0.0,0.0,0.0,0.0,42.53235694758619,9.647119988357975,0.004362780055676003,0.0011871635273781331
0948-6.tif,0.0,175.56409086142872,0.0,0.08287878787878787,0.00015509641873278238,0.0,0.0,0.024583333333333332,0.009375,5.5067274305555555e-11,43.108839652903484,7.344053856557566,0.005036039544501673,0.0014019721100920217
0950-1.tif,0.0,178.0226265269546,0.0,0.08590909090909091,0.00029917355371900827,0.0,0.0,0.0,0.0,0.0,-44.673993917740226,4.682853463673834,0.010256122851748593,0.002620507369387081
0950-2.tif,0.0,159.1573121160319,0.0,0.09796296296296296,0.0012078875171467763,0.0,0.0,0.0,0.0,0.0,-34.955464519879925,15.20663426446827,0.00629284799781408,0.0016325299122502083
0950-3.tif,0.0,173.78746598455635,0.0,0.0846969696969697,4.0817263544536284e-05,0.0,0.0,0.02666666666666667,0.01,2.712673611111111e-11,40.57269141018386,8.995806124969734,0.009972774825651317,0.0026034251694351794
0950-4.tif,0.0,152.44671200127604,0.0,0.105,0.0023888888888888887,0.0,0.0,0.0,0.0,0.0,-19.553598959647225,11.247071773119547,0.006147179419939361,0.0016185445761980669
0950-6.tif,0.0,168.20019487371457,0.0,0.0796969696969697,0.000212534435261708,0.0,0.0,0.03222222222222222,0.009583333333333334,1.9921875e-09,23.540130291990874,11.38487631207273,0.0064642687585902405,0.0017294530005580813
0952-1.tif,0.0,169.96688811517245,0.0,0.07924242424242424,0.00029260789715335173,0.0,0.0,0.016666666666666666,0.01625,0.0,10.130276987296531,8.734589653884424,0.01670533595994005,0.006726088884763372
0952-2.tif,0.0,151.6687179348464,0.0,0.09296296296296297,0.002303566529492456,0.0,0.0,0.02,0.0075,0.0,24.487251039981984,10.224231344980817,0.009772278288083186,0.00392362624195389
0952-3.tif,0.0,177.61709752536024,0.0,0.08666666666666667,0.00037878787878787884,0.0,0.0,0.0,0.0,0.0,16.42764670797679,11.974368974492199,0.015305771518553717,0.006296073929505488
0952-4.tif,0.0,133.86881404942676,0.0,0.10738095238095238,0.003336394557823129,0.0,0.0,0.0,0.0,0.0,-43.37727421839798,8.77209783157666,0.00984621494253254,0.0040818759240152614
0952-6.tif,0.0,169.4091857669537,0.0,0.08287878787878787,0.000574793388429752,0.0,0.0,0.0,0.0,0.0,44.53667234559946,7.842821239007056,0.009007130599749155,0.003615969047418627
0953-1.tif,0.0,172.27035841632446,0.0,0.08439393939393938,5.8218549127640044e-05,0.0,0.0,0.0,0.0,0.0,43.137825092726075,7.665575132987107,0.007768823913203585,0.001993533720471333
0953-2.tif,0.0,155.58499284956758,0.0,0.0937037037037037,0.0011406035665294926,0.0,0.0,0.0,0.0,0.0,-19.21623858226679,9.562572258796878,0.004779218930700116,0.0012640595923438848
0953-3.tif,0.0,170.15603541716905,0.0,0.08303030303030304,6.0009182736455465e-05,0.0,0.0,0.0,0.0,0.0,35.332375498477695,13.072451742804903,0.007101929938196053,0.0018568618613031536
0953-4.tif,0.0,142.13544376755573,0.0,0.11214285714285716,0.003786281179138322,0.0,0.0,0.0,0.0,0.0,36.671290732869714,12.705658513669063,0.004360343083162053,0.0011058000261709472
0953-6.tif,0.0,169.27098589736715,0.0,0.08287878787878787,0.000566712580348944,0.0,0.0,0.0,0.0,0.0,-39.38505122421696,10.715190298516154,0.004596549297888247,0.001188424620272743
0956-1.tif,0.0,179.54641925325794,0.0,0.08621212121212121,0.000460651974288338,0.0,0.0,0.015378787878787877,0.012528409090909092,1.5296318117252068e-09,17.727922409173804,11.054914419219294,0.01438673302761953,0.004592451842544149
0956-2.tif,0.0,165.3323724756581,0.0,0.08983333333333333,0.0008858055555555555,0.0,0.0,0.017115384615384616,0.012067307692307691,1.8843739727153187e-09,9.691182081126712,10.365130765668,0.008881345647753272,0.0029124288981278407
0956-3.tif,0.0,173.4899004614683,0.0,0.0773611111111111,0.00016965663580246912,0.0,0.0,0.016,0.0128125,2.0292860243055555e-09,2.6826338379182006,4.86360437920335,0.013981677750032765,0.004528242153474253
0956-4.tif,0.0,149.7337971200891,0.0,0.09074074074074073,0.0008488340192043897,0.0,0.0,0.01641025641025641,0.013701923076923077,3.3226238905325447e-09,44.044790818336075,6.718365216292443,0.008721588686713393,0.00279724280295117
0956-6.tif,0.0,179.15052252846547,0.0,0.08681818181818182,0.00022851239669421485,0.0,0.0,0.02017361111111111,0.014505208333333332,1.0001800913869597e-08,-20.33395199673758,11.297090350773717,0.009874205324680736,0.0032567447414623752
0957-1.tif,0.0,149.98333240730452,0.0,0.09333333333333334,0.002362962962962963,0.0,0.0,0.018333333333333333,0.0103125,1.3753255208333334e-10,-3.6110633683058597,5.165280769776919,0.011673289532173623,0.003609771141750738
0957-2.tif,0.0,162.2864442891026,0.0,0.09759259259259259,0.001247599451303155,0.0,0.0,0.018000000000000002,0.01075,2.0250000000000003e-09,14.808750899506602,8.292200955926997,0.008039681515881206,0.002660771953616711
0957-3.tif,0.0,180.26939716866966,0.0,0.08666666666666667,0.00046868686868686865,0.0,0.0,0.026,0.01,4.493750000000001e-09,-42.86866046125542,9.376736181655941,0.012187718955862688,0.003913823203447676
0957-4.tif,0.0,142.13043913389933,0.0,0.09979166666666667,0.001994748263888889,0.0,0.0,0.019444444444444445,0.009583333333333334,2.6716820987654325e-10,43.259443339931444,8.034166630563256,0.0075975824735721965,0.0024046241932629718
0957-6.tif,0.0,168.80758276807353,0.0,0.09116666666666667,0.0005222499999999999,0.0,0.0,0.021458333333333333,0.01125,5.972629123263889e-10,-43.772929262806265,8.792959554278024,0.007592392561053308,0.002368747825033589
0960-1.tif,0.0,139.86218966813524,0.0,0.09875,0.004600520833333333,0.0,0.0,0.023666666666666666,0.009000000000000001,2.440972222222222e-10,-42.68209404641406,7.2206565664277464,0.010307634458185595,0.003041515001651136
0960-2.tif,0.0,153.8897007599924,0.0,0.09314814814814815,0.0014496570644718793,0.0,0.0,0.025238095238095237,0.010535714285714285,1.6990194515306125e-09,-43.5766533079985,6.787616123608806,0.007272066138418172,0.0021051545997533604
0960-3.tif,0.0,136.01372862692943,0.0,0.10642857142857143,0.004532879818594104,0.0,0.0,0.02972222222222222,0.010833333333333332,1.3713831018518518e-08,-22.129417484436257,10.808511018376887,0.00878325940868214,0.002491122231669978
0960-4.tif,0.0,133.05337274943466,0.0,0.16,0.017895833333333333,0.0,0.0,0.02611111111111111,0.009166666666666667,7.040895061728397e-11,30.685152335103027,12.782494912813915,0.0058496467563229695,0.00164430236140297
0960-6.tif,0.0,164.92978303912648,0.0,0.07984848484848485,0.00021538108356290177,0.0,0.0,0.02547619047619048,0.009107142857142857,3.192318594104308e-10,-16.996644464693194,8.959941794733556,0.006093592887243014,0.0016207986568705906
0962-1.tif,0.0,165.11143244477935,0.0,0.08866666666666667,0.00046877777777777776,0.0,0.0,0.0,0.0,0.0,17.00175964216442,11.304449730080908,0.007008899948273753,0.001848519480528289
0962-2.tif,0.0,142.5850075393623,0.0,0.11023809523809523,0.004367800453514739,0.0,0.0,0.0,0.0,0.0,43.80792445017768,5.634548455078315,0.004350890300711538,0.001155184736808942
0962-3.tif,0.0,147.02724237364993,0.0,0.08722222222222223,0.0013419753086419753,0.0,0.0,0.013333333333333334,0.01375,0.0,-19.837645606953693,9.306587339483306,0.006647381038341876,0.0017720996829207185
0962-4.tif,0.0,129.56133253748547,0.0,0.13366666666666668,0.01082711111111111,0.0,0.0,0.0,0.0,0.0,44.523596697265496,5.626554728874404,0.00422027792502884,0.0011082449861974908
0962-6.tif,0.0,144.21443224981266,0.0,0.099375,0.004006901041666667,0.0,0.0,0.015,0.0125,0.0,-40.62078081373881,10.750742406238425,0.004160005150335638,0.0010870380901597744
0963-1.tif,0.0,172.27793677659366,0.0,0.08136363636363636,0.00043930211202938477,0.0,0.0,0.015,0.0125,0.0,-5.103153975306093,3.7276070810032294,0.010756338610251005,0.0028997036041854703
0963-2.tif,0.0,145.71482422869678,0.0,0.09055555555555556,0.002504938271604938,0.0,0.0,0.02,0.010625,3.1358506944444447e-10,0.13562884261959673,3.593599840605401,0.00653646172115855,0.0018102206497932457
0963-3.tif,0.0,166.36721307630557,0.0,0.091,0.0006828888888888889,0.0,0.0,0.014444444444444444,0.01125,1.253858024691358e-11,-21.849106118242,8.542134962437874,0.010030759666319415,0.0027639989244888897
0963-4.tif,0.0,137.11696184094,0.0,0.1252777777777778,0.007055941358024691,0.0,0.0,0.020833333333333332,0.0125,1.0850694444444444e-10,-26.047225440972483,10.697647130389026,0.00638617161761764,0.0017107812952819599
0963-6.tif,0.0,167.1136100911172,0.0,0.092,0.0004976666666666668,0.0,0.0,0.025833333333333333,0.00859375,1.7369249131944445e-09,37.39668699710175,13.380121690122696,0.00662891225113281,0.001786212734110877
0964-1.tif,0.0,161.3874246230055,0.0,0.08866666666666667,0.0003515555555555556,0.0,0.0,0.0,0.0,0.0,-1.8174534516021175,8.700837602536192,0.009290596964273926,0.0026245100389185043
0964-2.tif,0.0,152.52724346817521,0.0,0.09333333333333334,0.0017530864197530863,0.0,0.0,0.0,0.0,0.0,42.754555739650584,8.736862305260345,0.00613718840402892,0.0017128402600451215
0964-3.tif,0.0,157.26843294189715,0.0,0.09592592592592593,0.0007327846364883402,0.0,0.0,0.0,0.0,0.0,1.067046630855069,4.72297485713208,0.009592641136667137,0.0027307285826131695
0964-4.tif,0.0,127.30326959265263,0.0,0.11444444444444445,0.006069135802469136,0.0,0.0,0.0,0.0,0.0,32.841659248332476,14.926295406531377,0.005758830500718196,0.001604677612711243
0964-6.tif,0.0,171.6533247721274,0.0,0.07777777777777778,0.0005737654320987654,0.0,0.0,0.018666666666666665,0.01225,1.4399305555555555e-09,45.0304008090382,4.931454880683844,0.00637453514420492,0.0018451340211465012
0965-1.tif,0.0,173.24933862307623,0.0,0.08378787878787879,3.0853994490358124e-05,0.0,0.0,0.0,0.0,0.0,-34.10254847968667,13.519902046067521,0.02051978242301258,0.009052491992315989
0965-2.tif,0.0,158.5306279556099,0.0,0.09574074074074074,0.0013309327846364885,0.0,0.0,0.0225,0.011875,1.042751736111111e-09,-28.01178201408543,20.664275546277562,0.011484810511980418,0.005057697200615164
0965-3.tif,0.0,171.8531349728599,0.0,0.08060606060606061,0.0003890266299357209,0.0,0.0,0.020833333333333332,0.0103125,9.754774305555555e-10,44.83104584266999,6.100935639009378,0.01845183154691578,0.008159978292514618
0965-4.tif,0.0,137.59137965403954,0.0,0.12555555555555556,0.007147839506172839,0.0,0.0,0.0,0.0,0.0,43.54093991743167,7.110990038333876,0.011359954120781252,0.005035944253235757
0965-6.tif,0.0,165.16823379374574,0.0,0.08950000000000001,0.00039669444444444447,0.0,0.0,0.0175,0.01,4.340277777777778e-12,-35.37680203785782,16.0960665697534,0.011823609660974984,0.005137018972970111
0966-1.tif,0.0,173.6218430345048,0.0,0.07680555555555556,0.00020113811728395063,0.0,0.0,0.020833333333333332,0.01375,4.4487847222222224e-10,6.433329719339987,5.154069143712826,0.012348008673424914,0.0029575501844239104
0966-2.tif,0.0,173.28254452392596,0.0,0.07694444444444444,0.00010640432098765431,0.0,0.0,0.026851851851851852,0.010833333333333332,1.3919753086419751e-08,44.854999173251066,5.442315703357409,0.007436512256708417,0.0018505989769998007
0966-3.tif,0.0,183.8177335941053,0.0,0.07371794871794872,0.00019451019066403687,0.0,0.0,0.021944444444444444,0.014791666666666668,9.70112364969136e-09,2.93560995494701,6.1228017873629135,0.010812441986837649,0.002654862608812741
0966-4.tif,0.0,163.7444592463644,0.0,0.08766666666666667,0.00033066666666666666,0.0,0.0,0.019166666666666665,0.01125,5.316840277777778e-11,-33.432697344247046,14.250444616742639,0.006663322906647207,0.0016289306002958777
0966-6.tif,0.0,172.4067360767209,0.0,0.092,0.0006937777777777778,0.0,0.0,0.03333333333333333,0.01225,1.937417534722222e-08,-19.5679079546542,12.447647966545572,0.00731559042780906,0.0018466302516717515
0968-1.tif,0.0,179.72407478007935,0.0,0.08696969696969696,0.0003024334251606979,0.0,0.0,0.014285714285714285,0.010357142857142858,2.7777777777777777e-10,14.318380307133907,10.464046424404408,0.014943742574243576,0.004871095026327681
0968-2.tif,0.0,163.17389193208717,0.0,0.08916666666666667,0.0009718055555555556,0.0,0.0,0.014375,0.010625,6.340874565972222e-11,-43.24357791676573,8.20818636005368,0.009071258272925634,0.0030051134275581445
0968-3.tif,0.0,176.1073693959329,0.0,0.0853030303030303,4.33425160697888e-05,0.0,0.0,0.015,0.012083333333333333,7.432725694444444e-10,33.15861272061311,13.169685173813129,0.014463008233691017,0.004867059073246156
0968-4.tif,0.0,142.87143491118243,0.0,0.09875,0.0017491319444444444,0.0,0.0,0.014074074074074074,0.011805555555555555,2.5795181755829907e-10,-40.71420740661555,11.353025474673936,0.008182059223318336,0.002714789893411753
0968-6.tif,0.0,172.72344626277257,0.0,0.08151515151515151,0.00015932047750229566,0.0,0.0,0.015740740740740743,0.010972222222222223,2.373354981138546e-10,-14.014578554299355,10.197045449235787,0.008867038167805373,0.002920212814222731
0972-1.tif,0.0,169.2044292827138,0.0,0.08333333333333333,0.00014444444444444444,0.0,0.0,0.0,0.0,0.0,43.75988477251459,9.515329901241362,0.013908976737911957,0.00512070472927905
0972-2.tif,0.0,147.3499236511509,0.0,0.103125,0.0019878038194444444,0.0,0.0,0.019166666666666665,0.01,5.316840277777778e-11,37.28566628083979,12.61906391417631,0.00974550832373797,0.0036666698762374246
0972-3.tif,0.0,170.35869021958737,0.0,0.08363636363636363,7.970615243342516e-05,0.0,0.0,0.015,0.0103125,1.0633680555555556e-10,-40.32609009344707,10.995358688897044,0.015478301031382527,0.00584631767089319
0972-4.tif,0.0,135.39086933763295,0.0,0.10690476190476189,0.003599546485260771,0.0,0.0,0.015,0.01,0.0,43.83046330686607,5.876315816691828,0.00998122021689825,0.003783842451992486
0972-6.tif,0.0,163.3962463869147,0.0,0.09083333333333334,0.0008895833333333334,0.0,0.0,0.024285714285714285,0.010714285714285714,3.535289115646259e-09,44.66003576511048,5.568120562941752,0.010209732060812327,0.003932153948334648
0976-1.tif,0.0,179.0773226849229,0.0,0.08621212121212121,0.0003333792470156107,0.0,0.0,0.019583333333333335,0.010625,1.050075954861111e-09,44.27458601667609,5.841054387113624,0.01469739987710304,0.004440848582704723
0976-2.tif,0.0,169.95191347131689,0.0,0.0915,0.0005552500000000001,0.0,0.0,0.018333333333333333,0.01375,0.0,39.87311756675714,11.535682616739138,0.008013313108419762,0.002482400853374624
0976-3.tif,0.0,180.57583763088206,0.0,0.07958333333333334,8.246527777777778e-05,0.0,0.0,0.020555555555555556,0.009166666666666667,5.362654320987654e-10,18.96075936842787,10.087602977525593,0.013319974122244343,0.00409877142300874
0976-4.tif,0.0,143.29620535497722,0.0,0.10020833333333333,0.0015898871527777777,0.0,0.0,0.0,0.0,0.0,-25.625111027227018,10.613484625908736,0.007263820721858947,0.002205335246319284
0976-6.tif,0.0,161.90952478120622,0.0,0.08850000000000001,0.0006369166666666667,0.0,0.0,0.020833333333333332,0.011666666666666667,6.955295138888889e-10,19.661987926205327,11.512117342031061,0.008052813901563385,0.0024882186589377507
0992-1.tif,0.0,147.73343110706753,0.0,0.07742424242424242,0.0006653351698806245,0.0,0.0,0.025,0.016727941176470588,3.574921604671281e-08,30.90636164329172,13.873029118582819,0.008252407776537981,0.0021789623633378663
0992-2.tif,0.0,138.83333129170035,0.0,0.12611111111111112,0.007639506172839507,0.0,0.0,0.02,0.0075,0.0,8.152755221927796,10.269605436102896,0.0037532282920791477,0.0010017578379806448
0992-3.tif,0.0,137.93688170077405,0.0,0.14133333333333334,0.006434888888888888,0.0,0.0,0.0,0.0,0.0,-1.8734717303277297,8.699186815391544,0.006155693078364961,0.0016608370309934035
0992-4.tif,0.0,147.04149074325926,0.0,0.1775,0.007514583333333333,0.0,0.0,0.0,0.0,0.0,-44.83938132780578,4.875384322507118,0.0036262907332026634,0.0009341573930133412
0992-6.tif,0.0,153.37318322749036,0.0,0.10354166666666667,0.0011940538194444444,0.0,0.0,0.0,0.0,0.0,-22.706137348539894,11.596530900846815,0.004169890725980574,0.0011306486591875242
1101-1.tif,0.0,176.67395818286292,0.0,0.085,5.505050505050505e-05,0.0,0.0,0.018000000000000002,0.011000000000000001,3.413194444444445e-10,43.82699435087524,11.062394146708426,0.018304004080251995,0.006632453363580282
1101-2.tif,0.0,143.51005470861315,0.0,0.10571428571428572,0.0027236961451247168,0.0,0.0,0.0,0.0,0.0,-5.455319147869197,4.602578237570311,0.0094493158220144,0.0034608068014310637
1101-3.tif,0.0,174.79845537074976,0.0,0.08439393939393938,6.831955922865013e-05,0.0,0.0,0.019444444444444445,0.026666666666666665,3.0559413580246916e-08,8.946600366952845,6.881610846317175,0.017198141117469437,0.006200563820389614
1101-4.tif,0.0,135.77094681852964,0.0,0.10690476190476189,0.0032328798185941045,0.0,0.0,0.021111111111111112,0.014166666666666668,1.577932098765432e-09,-18.85059176553066,9.372236300170938,0.010433687871366849,0.0037534628508401825
1101-6.tif,0.0,168.13655410542432,0.0,0.0905,0.00043558333333333334,0.0,0.0,0.020277777777777777,0.015416666666666667,4.496527777777778e-09,-16.529665770691828,9.465584289955373,0.009750278816662069,0.0034794010015481067
1105-1.tif,0.0,176.5604043631779,0.0,0.08545454545454545,3.994490358126722e-05,0.0,0.0,0.017916666666666668,0.01140625,8.138020833333333e-10,35.30806722694511,11.859192459938267,0.013934143103044925,0.00451248073681766
1105-2.tif,0.0,154.46439719236275,0.0,0.09875,0.0013491319444444445,0.0,0.0,0.025,0.011666666666666667,4.890046296296297e-10,30.5096249260489,9.382568316669962,0.008851916337206804,0.003031906993400438
1105-3.tif,0.0,180.94863835415347,0.0,0.08636363636363636,0.0003898071625344353,0.0,0.0,0.02095238095238095,0.014642857142857141,2.9896541950113383e-09,20.63281719976934,13.761974912567068,0.015025019041238402,0.0050623021372433125
1105-4.tif,0.0,143.60052615192993,0.0,0.10020833333333333,0.0016662760416666666,0.0,0.0,0.0,0.0,0.0,-44.42883194957015,8.901055757498785,0.009124257976809326,0.0030671692444788263
1105-6.tif,0.0,173.2096513862127,0.0,0.08287878787878787,0.00034196510560146926,0.0,0.0,0.02210526315789474,0.014736842105263158,7.011147660818714e-09,15.22280441998574,10.122869802763667,0.009961458858977444,0.0033350790616588476
1117-1.tif,0.0,165.22121409424656,0.0,0.0915,0.0006830277777777778,0.0,0.0,0.0,0.0,0.0,20.05477600092679,10.025607201405258,0.010513572643588414,0.0030140125186562698
1117-2.tif,0.0,145.10226278961562,0.0,0.09916666666666667,0.0023340277777777777,0.0,0.0,0.0,0.0,0.0,9.993325039105935,5.130665167190279,0.006517850713232606,0.002019081092525339
1117-3.tif,0.0,156.42327192588704,0.0,0.0962962962962963,0.0010097393689986283,0.0,0.0,0.018333333333333333,0.00875,0.0,-19.04744709394513,9.217648839586943,0.010054464284417166,0.003000511916350864
1117-4.tif,0.0,132.22599701160996,0.0,0.11944444444444445,0.007417283950617284,0.0,0.0,0.013333333333333334,0.01375,0.0,45.32425188383626,6.848049303711693,0.005896795799040957,0.0016810559884471979
1117-6.tif,0.0,160.2599128585233,0.0,0.08883333333333333,0.0012083611111111112,0.0,0.0,0.0,0.0,0.0,-43.844919277739265,5.865239717059856,0.006428143118836318,0.0019017637767048921
1120-1.tif,0.0,177.03913173834385,0.0,0.08484848484848484,5.376492194674011e-05,0.0,0.0,0.0,0.0,0.0,43.485546668364925,11.299646441873948,0.013060946721421746,0.004010160317440579
1120-2.tif,0.0,149.51411015620724,0.0,0.10291666666666667,0.0024164930555555554,0.0,0.0,0.0,0.0,0.0,-15.385391251201353,9.782423475820904,0.007863512373847133,0.0024877807240927512
1120-3.tif,0.0,174.9635477908343,0.0,0.08136363636363636,0.00032465564738292014,0.0,0.0,0.01611111111111111,0.012916666666666667,1.687885802469136e-10,22.950398544239118,11.418305888750771,0.013909704181879399,0.0046012504143537625
1120-4.tif,0.0,145.97716716436625,0.0,0.10104166666666667,0.0017867621527777777,0.0,0.0,0.0,0.0,0.0,-14.660936155677065,9.902058833308532,0.0077331103926561295,0.0024711289725023447
1120-6.tif,0.0,167.25232088965225,0.0,0.091,0.0004623333333333333,0.0,0.0,0.011666666666666667,0.015,0.0,43.901513222736455,9.658085901136662,0.008064820736984597,0.0025507880426402325
1121-1.tif,0.0,176.57078766193337,0.0,0.08545454545454545,0.00011267217630853993,0.0,0.0,0.019791666666666666,0.0134375,3.2552083333333333e-09,-43.23946173276556,6.643047102415809,0.011764644657861355,0.003287191829669139
1121-2.tif,0.0,149.31441118803554,0.0,0.0874074074074074,0.0017013031550068584,0.0,0.0,0.020555555555555556,0.010833333333333332,1.9627700617283952e-09,-39.76947635483651,10.903915794105005,0.007165399735825918,0.002103006081446482
1121-3.tif,0.0,165.98690578645648,0.0,0.09033333333333333,0.00041544444444444447,0.0,0.0,0.021666666666666667,0.010625,2.7777777777777777e-10,41.58711200255747,8.251343953698568,0.010997471518337349,0.0032899420217593965
1121-4.tif,0.0,145.96296619348348,0.0,0.11333333333333333,0.004348412698412698,0.0,0.0,0.019166666666666665,0.010625,1.042751736111111e-09,-43.26093244882441,7.832975956310597,0.006289287280527945,0.0018002210766093238
1121-6.tif,0.0,156.01907132554004,0.0,0.1075,0.001563888888888889,0.0,0.0,0.024166666666666666,0.01203125,8.695746527777778e-09,44.87319419458817,8.677834922403655,0.0062990894893152835,0.0018653826745680146
1122-1.tif,0.0,176.31269570472418,0.0,0.0846969696969697,3.8797061524334247e-05,0.0,0.0,0.0,0.0,0.0,-39.16248719152319,13.05587446067654,0.00948710600817412,0.002858134642503514
1122-2.tif,0.0,147.16338446908273,0.0,0.103125,0.002398220486111111,0.0,0.0,0.0,0.0,0.0,40.724744745127595,14.084091019342893,0.005865572487290309,0.0018239233766047015
1122-3.tif,0.0,171.74342943925265,0.0,0.08075757575757575,0.0002617998163452709,0.0,0.0,0.0,0.0,0.0,-6.918447848060853,6.639787553161353,0.009209950173653362,0.002880585805601471
1122-4.tif,0.0,135.4858227390058,0.0,0.12222222222222222,0.007183024691358024,0.0,0.0,0.0,0.0,0.0,44.07031162273402,6.962575214562507,0.005734797167608619,0.0017694735315035575
1122-6.tif,0.0,145.0134093416498,0.0,0.09958333333333333,0.0025519097222222223,0.0,0.0,0.02,0.00875,0.0,-43.414491776647544,5.790333283670383,0.0060798993394149065,0.0019398439739381848
1124-1.tif,0.0,180.80844091936723,0.0,0.07777777777777778,0.00010339506172839506,0.0,0.0,0.0,0.0,0.0,42.93614508171493,8.474449817854923,0.008185803956254411,0.0022476715696145666
1124-2.tif,0.0,147.39725444282857,0.0,0.10208333333333333,0.0019803819444444443,0.0,0.0,0.024166666666666666,0.011875,2.712673611111111e-11,-9.814240347222821,7.148356195158732,0.0051387773466045035,0.001460597390524696
1124-3.tif,0.0,153.759585067078,0.0,0.09462962962962963,0.0011998628257887517,0.0,0.0,0.020833333333333332,0.01125,1.3292100694444445e-09,-41.48740019388076,9.259673336846811,0.007657739852735345,0.0021169560025905993
1124-4.tif,0.0,132.91434167245544,0.0,0.137,0.010998222222222222,0.0,0.0,0.0,0.0,0.0,-29.426223484717646,17.682638848673225,0.004739583294176784,0.001296234055286575
1124-6.tif,0.0,158.37188163484697,0.0,0.08833333333333333,0.0014416666666666666,0.0,0.0,0.035333333333333335,0.0105,5.666666666666667e-10,-43.040197553131016,9.08006368673969,0.0055273822428660545,0.0015518779891887419
1130-1.tif,0.0,180.15358339335762,0.0,0.08027777777777777,0.00023325617283950615,0.0,0.0,0.02,0.009375,5.392795138888888e-10,-15.905230364807293,10.014559000260885,0.009941206249409274,0.0027900309614006923
1130-2.tif,0.0,159.05860555153876,0.0,0.0937037037037037,0.0008189986282578875,0.0,0.0,0.02777777777777778,0.012083333333333333,5.112847222222222e-09,-23.592051756369703,10.967236340410787,0.006499858776919461,0.0019290624947611267
1130-3.tif,0.0,176.6149490747779,0.0,0.08090909090909092,0.00014664830119375576,0.0,0.0,0.02611111111111111,0.010833333333333332,8.024691358024692e-10,36.59666493678201,15.04761081862787,0.010238031882464723,0.0030052562847553365
1130-4.tif,0.0,147.0096595465754,0.0,0.08944444444444444,0.0015555555555555555,0.0,0.0,0.0,0.0,0.0,-14.404172386316233,10.863229356250924,0.005803518860924057,0.0015805547188303595
1130-6.tif,0.0,168.00452622871006,0.0,0.08466666666666667,0.0005415555555555555,0.0,0.0,0.025,0.014375,1.3023003472222223e-08,17.694846605596563,6.8029761748320805,0.006844026033781063,0.002016039560135759
1133-1.tif,0.0,185.93521808803138,0.0,0.08166666666666667,4.2129629629629625e-05,0.0,0.0,0.019444444444444445,0.012708333333333332,1.5432098765432103e-10,17.84099872844875,8.70956417457168,0.014138075162299422,0.0041387128383657285
1133-2.tif,0.0,137.43634890377436,0.0,0.11023809523809523,0.005604308390022676,0.0,0.0,0.0225,0.010625,5.251736111111111e-10,16.481984071472464,7.657339450827087,0.007915943729140769,0.002438921843173277
1133-3.tif,0.0,187.49605124047076,0.0,0.08152777777777777,0.00012289737654320987,0.0,0.0,0.0125,0.016875,1.0381401909722223e-09,-28.25093532100974,14.35577252699877,0.01190883267627189,0.003548119768067439
1133-4.tif,0.0,141.46770342064337,0.0,0.09729166666666667,0.001715234375,0.0,0.0,0.016666666666666666,0.01,0.0,-18.431741597299272,9.758828673189983,0.006940790445314266,0.002011812019395991
1133-6.tif,0.0,173.90392861832908,0.0,0.08227272727272728,0.00011579430670339763,0.0,0.0,0.022916666666666665,0.01125,6.974283854166667e-10,-38.79787973575339,11.452610891826112,0.007403917214862627,0.0021202806970037815
1139-1.tif,0.0,177.49616584278345,0.0,0.08606060606060606,2.286501377410468e-05,0.0,0.0,0.023333333333333334,0.01625,0.0,-6.914276691654375,7.791447767962241,0.014441745344752432,0.0038689419348284194
1139-2.tif,0.0,166.88012226329283,0.0,0.08766666666666667,0.0007190000000000001,0.0,0.0,0.015,0.0125,0.0,10.277554783002827,4.854120210147518,0.008192325108656855,0.0022082582056862734
1139-3.tif,0.0,172.4702872961021,0.0,0.08136363636363636,0.0003559687786960514,0.0,0.0,0.02,0.01875,0.0,25.890989423364623,9.849684435324688,0.012209822444367323,0.0033363883978299994
1139-4.tif,0.0,142.21718741088128,0.0,0.098125,0.0017968315972222222,0.0,0.0,0.017222222222222222,0.01583333333333333,7.619598765432099e-11,17.261136841603054,9.971589767971201,0.007697615582512266,0.0020669890994020825
1139-6.tif,0.0,174.20826855615474,0.0,0.08333333333333333,0.0003611111111111111,0.0,0.0,0.017222222222222222,0.012916666666666667,1.0706018518518519e-10,-16.503055951958896,10.379432717892374,0.008152282673130869,0.002249101398952064
