image_name,openness,conscientiousness,extraversion,agreeableness,neuroticism
0052-1.tif,0.3411194444444441,0.6107844324855667,0.25418279848431796,0.3245576166741642,0.37790843709192873
0052-2.tif,0.37292031249999974,0.5721428985502959,0.30844455697461665,0.34529708542332793,0.38076532392518087
0052-3.tif,0.4131752933935917,0.6473931092922405,0.3616358703051248,0.33017897802543694,0.3194937271635975
0052-4.tif,0.3575562777777776,0.5614020628684968,0.29193035594346367,0.27558843841387076,0.3981357906506175
0052-6.tif,0.3628130594135801,0.6157118434217993,0.2829530256334508,0.3186833031518933,0.33897087216409594
0053-1.tif,0.38882333386516743,0.6207022991599169,0.3364695823959068,0.2947269311476492,0.3386800520381972
0053-2.tif,0.32156010802469054,0.6083601958250192,0.24816076251871322,0.3777822756374892,0.3310530528142337
0053-3.tif,0.42173276167011703,0.6289604692650765,0.36944563190254953,0.26811029579708817,0.32617421424909565
0053-4.tif,0.4791383146719973,0.6136933165679483,0.4637300182936054,0.28601907924455866,0.3184468418912422
0053-6.tif,0.40524145433782904,0.5968287855678585,0.35854548848192014,0.29264098913001924,0.3508535008505448
0057-1.tif,0.30289804268824494,0.5902489836205765,0.2639363649460387,0.4188561753296752,0.35718139956150885
0057-2.tif,0.42611516846823905,0.6092510957726001,0.3880846033079304,0.2839117032431281,0.3168797509255547
0057-3.tif,0.4159999999999998,0.5995054706432661,0.3465029322494081,0.3384779209583729,0.33152742505164795
0057-4.tif,0.46803407315697,0.44090555807358606,0.46034465028619964,0.29018226268546204,0.47109387846640915
0057-6.tif,0.3395987847222221,0.6128425960699402,0.2602474446064851,0.36221579099886236,0.31619051756032124
0058-1.tif,0.31190701092643014,0.5891010938618021,0.28727166739024146,0.43074613599267003,0.3527326292850834
0058-2.tif,0.176,0.603698594228672,0.09686263054994136,0.5030263540483614,0.32377731262193893
0058-3.tif,0.28849999999999987,0.6111822535361866,0.2120679746690904,0.4293855563684696,0.31966295493439745
0058-4.tif,0.176,0.47537037268883386,0.12254991881189663,0.5259626613661093,0.4294858728383718
0058-6.tif,0.3901030927036776,0.6169965626131804,0.3626701206365975,0.35500365405566514,0.3080983596726045
0059-1.tif,0.29381961450885885,0.5981417622326733,0.25854411739037886,0.426450080365353,0.33497060358169417
0059-2.tif,0.176,0.5738266501942023,0.09593915629245031,0.42648788087174105,0.35732208847307406
0059-3.tif,0.318367313444336,0.6092146575569263,0.293876227189051,0.4281220862476781,0.31682381434141776
0059-4.tif,0.176,0.511198328808984,0.12009659644265462,0.43747382082676256,0.3924881589365361
0059-6.tif,0.304848470198508,0.6005295895881068,0.26483499192711213,0.41658118778577524,0.32696867446041805
0073-1.tif,0.4353158652553363,0.6351845399610626,0.40878507193757135,0.30900380663130234,0.3241244318690742
0073-2.tif,0.29982656249999984,0.5990968936581171,0.22396342168242817,0.29531849994084003,0.34897195350018106
0073-3.tif,0.4504399531088096,0.5923291054007395,0.40920868497188523,0.25197976156267526,0.3634346581088877
0073-4.tif,0.40875932325649816,0.48880076312938564,0.3907684098241626,0.33004664542597595,0.46463869374885364
0073-6.tif,0.29975156249999974,0.5881229450619637,0.22862089647547867,0.412539346750757,0.34945307116641205
0074-1.tif,0.26226406249999973,0.6108792015568058,0.17857632005167165,0.3365481475351182,0.3562687534837998
0074-2.tif,0.38472383819996825,0.5723602916578369,0.3488343386152458,0.34209574367792644,0.37920599148206724
0074-3.tif,0.27710617497691525,0.6380210446489574,0.19552171586308453,0.31753272739977734,0.3072421880222996
0074-4.tif,0.3400025939754222,0.5932601231045528,0.2942258544649745,0.4058892064674591,0.3341402586439381
0074-6.tif,0.3682979564562678,0.5977838970756879,0.3202021912192638,0.3743442054079013,0.335565407147397
0075-1.tif,0.176,0.5718303619417683,0.1037080118831414,0.4335025657676775,0.3671196808832524
0075-2.tif,0.28854685478081904,0.553462418490538,0.2517665362055514,0.42675726833282296,0.3809694895418752
0075-3.tif,0.176,0.5616519808488311,0.1100023214665418,0.43129253133194356,0.36483570488707673
0075-4.tif,0.31857946475290155,0.4567335953099561,0.319440818394702,0.455296715740546,0.4408425086560635
0075-6.tif,0.30476524707869934,0.5800197621758301,0.27073255889552394,0.4231218319577732,0.3571252660930726
0076-1.tif,0.28068963950268944,0.5974545469198105,0.23766541072636616,0.4235966306375756,0.3565820338004972
0076-2.tif,0.3176580042612458,0.5760708061567879,0.29309311819232375,0.4282508797488769,0.36428703110972444
0076-3.tif,0.31038079546383746,0.6061731903599544,0.2784867695405129,0.42358928177770133,0.3453653492562221
0076-4.tif,0.31193139207804027,0.4163991954864451,0.31707875946164266,0.4627263982609987,0.49717669492409133
0076-6.tif,0.25480082525088654,0.6174745253733674,0.20257690512405802,0.42382364450669413,0.31431574782695165
0077-1.tif,0.176,0.6317591426258244,0.0909371316316891,0.5194447601474502,0.3087262912872035
0077-2.tif,0.39550130584163856,0.5744919221246824,0.38057705087081783,0.36102889019769246,0.3545029393173933
0077-3.tif,0.3454882169117304,0.6415610429431331,0.29030060730870927,0.38201308338373763,0.290915166716504
0077-4.tif,0.2629479846176645,0.4961176184060646,0.24203820331982806,0.45439772494846015,0.4192756990951805
0077-6.tif,0.4600054603805201,0.6210566516239064,0.43906374962760786,0.29411538247050284,0.3070565205352253
0078-1.tif,0.3322343631897193,0.5990731845417546,0.25040358921590283,0.3146746126282494,0.3566498694346447
0078-2.tif,0.31365225694444415,0.5863948797211467,0.2370807876342983,0.39488365585935253,0.3430953116335965
0078-3.tif,0.5000828860157538,0.6327147428597564,0.4768619500732376,0.2536780974732288,0.30743552654776735
0078-4.tif,0.3825847205450244,0.5721817587624921,0.35039683378211006,0.3757560355347312,0.34419879439442175
0078-6.tif,0.388375886699036,0.6258807836739981,0.3376411189409384,0.2977577258462852,0.3036359029340989
0079-1.tif,0.30859561647379896,0.599363439874858,0.27466951343166157,0.42217395873638447,0.34791050253573647
0079-2.tif,0.38146298350684804,0.5839572608696533,0.3430535690130586,0.32312769064347713,0.3380920770025997
0079-3.tif,0.4599258252268286,0.6215789909987119,0.41115876701682996,0.24169182483027482,0.31569434804388735
0079-4.tif,0.176,0.4042647712116858,0.12232076777318109,0.48446371117847864,0.5290806820186046
0079-6.tif,0.3548006944444432,0.5926957331337364,0.2798711500520301,0.29952796591521463,0.3435906013709192
0080-1.tif,0.176,0.6178872269055269,0.09105322854430624,0.4898065393643043,0.3262813476472157
0080-2.tif,0.25849999999999984,0.5797453463001659,0.19020719294005267,0.3470307805286151,0.34185827635958743
0080-3.tif,0.32,0.6173005503313925,0.2848771110152507,0.4161375413925685,0.3230165952749537
0080-4.tif,0.29600000000000004,0.5677586996619999,0.2340205068867846,0.3173327306627819,0.3491186240121958
0080-6.tif,0.27365987654320895,0.5920392882034156,0.19539884981592365,0.33902725435557257,0.3468795420517824
0081-1.tif,0.176,0.5993070185585161,0.08801159061334629,0.5235874455829905,0.36362266004817073
0081-2.tif,0.3070019612191051,0.5572308832351313,0.2870084897052665,0.43762607943814824,0.38270876424318445
0081-3.tif,0.176,0.6368773402482768,0.09281122821299209,0.40960614865121514,0.3099709986650235
0081-4.tif,0.2974327540484031,0.5222025039545711,0.27245006154631307,0.4360571396720335,0.4186380704291371
0081-6.tif,0.176,0.5669446209855216,0.09440321340228915,0.4529340453341787,0.3860964103180994
0083-1.tif,0.28359691358024625,0.5789095119009275,0.2000089914714921,0.33571787302658584,0.39620350045681996
0083-2.tif,0.38202652793580655,0.5991648790777292,0.34513965234218885,0.3308932454708494,0.33599457726914345
0083-3.tif,0.25849999999999984,0.5613873671717163,0.177266369604759,0.3674617263596796,0.40914429444372874
0083-4.tif,0.3063005479989177,0.5222264501437947,0.28580593499386203,0.4373317880597917,0.41139169033787315
0083-6.tif,0.33134671201813926,0.6379539037223646,0.24812169216838745,0.3967047446978832,0.2907096060618839
0084-1.tif,0.176,0.6256925765534718,0.09412301095956704,0.40992318452980386,0.3440500734221933
0084-2.tif,0.2770456145533102,0.595699389676891,0.23773085623600151,0.428910595272354,0.34337130221226686
0084-3.tif,0.3080643260675889,0.5963949828512705,0.2800162920627342,0.42903858327757854,0.37643749708442253
0084-4.tif,0.31704874515512943,0.590988094565882,0.2991769163466157,0.43585885999825263,0.34458288942622056
0084-6.tif,0.26976111111111095,0.5929206059201155,0.19480564483071244,0.3473225883806664,0.3530475166336089
0095-1.tif,0.4298393204495853,0.6024179756349466,0.40717167287237327,0.3214740461040901,0.34837252833387927
0095-2.tif,0.4445577770927338,0.6219426601840203,0.4258669047067419,0.3178493110930949,0.2963747249079757
0095-3.tif,0.48606515682156304,0.6039923245340757,0.45907729010374265,0.2696321378791346,0.3408900724269707
0095-4.tif,0.176,0.5531532343644159,0.11329486747141572,0.4325909672039146,0.3551262189268472
0095-6.tif,0.3990477564091892,0.6159223057139857,0.3520677203136062,0.30018335523210166,0.305617692347649
0096-1.tif,0.4455708595243073,0.6181539435588896,0.42036248509791674,0.3009854072501207,0.3731767585720301
0096-2.tif,0.362637688211488,0.5675473891659112,0.3243823328443833,0.38087417090234915,0.37813214533738027
0096-3.tif,0.41900573990924145,0.5848002083380726,0.38760845003117705,0.3105114093587817,0.392717790047703
0096-4.tif,0.30349999999999966,0.5581029635992426,0.2453614487277099,0.41695586020465425,0.37909612275279475
0096-6.tif,0.399359401142783,0.6049077197872772,0.3669543295882397,0.31126293918791936,0.34364513020801785
0097-1.tif,0.3873392361111108,0.6141799959721833,0.2968613237948772,0.3530824555787804,0.35466426713568344
0097-2.tif,0.41130720328082926,0.5424960454752757,0.38593370331390353,0.3221552150380551,0.41990844328436794
0097-3.tif,0.36858146551642873,0.5999228976899152,0.32768258735207767,0.33954024582209086,0.37430136234094175
0097-4.tif,0.3190171124865372,0.5585897854240939,0.2987626387942288,0.4325130134277939,0.3652723918106003
0097-6.tif,0.2697775607638886,0.6001700019808539,0.18838803491461942,0.3258110413199727,0.3462420031153241
0098-1.tif,0.3134555912463115,0.6082130287594311,0.27706905514699465,0.4180580096562235,0.37168503322266333
0098-2.tif,0.3231751736111108,0.5730447673901102,0.25459222964957373,0.30505105644727665,0.383920027418459
0098-3.tif,0.31136736111111096,0.6244480789259336,0.22851895301193653,0.3787735594040933,0.33937910617339356
0098-4.tif,0.2785057098765424,0.5894953150200205,0.2110167558864816,0.46188798786471774,0.34083594684643925
0098-6.tif,0.4585887172631777,0.6229540769310663,0.4374924000332251,0.30087426393173394,0.3156620490449432
0152-1.tif,0.176,0.6191161782323452,0.09295828395543755,0.4089829174539765,0.3866364804865725
0152-2.tif,0.48050419128888233,0.5522477332701127,0.44050917001820356,0.2583891958216576,0.43826723872029744
0152-3.tif,0.39535645236869865,0.5906387425759603,0.3639786610900959,0.33791901232442073,0.40300069660072896
0152-4.tif,0.31946115426871635,0.5736652572621745,0.30392843714849815,0.43774427013903283,0.3842056385855019
0152-6.tif,0.48651091480575487,0.5844280932998502,0.44407857057788264,0.2488304519730496,0.38706135895816557
0153-1.tif,0.30104480623506674,0.5882130720567277,0.26600917603174185,0.42445619291488396,0.3878072500758692
0153-2.tif,0.176,0.637673266218525,0.09070592262699204,0.4063535636973345,0.30078868861590874
0153-3.tif,0.27023570653049345,0.608945861189019,0.2163702582053294,0.4164504120130075,0.35533708392537994
0153-4.tif,0.3186952199815391,0.6105420650777482,0.2970054837482906,0.431145619559376,0.3273986255814281
0153-6.tif,0.3238430555555549,0.6076286411319526,0.24689096554739187,0.3703534195728368,0.33727488901771724
0155-1.tif,0.4188019861590698,0.6167146135559435,0.3787846211995238,0.2988075799346447,0.3800633352077803
0155-2.tif,0.4898178547248468,0.6113543226670102,0.46554692062533154,0.27015234925558357,0.345944463970357
0155-3.tif,0.4072246084111037,0.5938767698950289,0.36745535601370605,0.3203806530862392,0.3966132882359504
0155-4.tif,0.4027342855509521,0.5987624142753416,0.36015814490475584,0.3109852335395544,0.3604197437065659
0155-6.tif,0.5181390384337243,0.6203744545812229,0.4936822500260917,0.2462053507849538,0.3345399554374794
0156-1.tif,0.47266148795531127,0.6191118904069004,0.42757609452209755,0.23877551187750892,0.411775087310243
0156-2.tif,0.500298472222222,0.6101920431111645,0.4732174674456717,0.2601289453387081,0.3726484827898361
0156-3.tif,0.4158620289521423,0.6231636976479316,0.36134203908873586,0.32695603196584294,0.3817621024723448
0156-4.tif,0.3936102225082849,0.582426715155277,0.3583497592120696,0.3174855362237588,0.3960583249178766
0156-6.tif,0.46936348743623263,0.5849377987351168,0.43286063204614056,0.2577735524062098,0.40139525163586426
0157-1.tif,0.38793295073062994,0.6145020669163975,0.3473603226395998,0.33376082094383946,0.339944549857384
0157-2.tif,0.176,0.5283498711150122,0.11236609803327019,0.42853912115543896,0.40614121293704486
0157-3.tif,0.176,0.6226837311163838,0.08722228677426896,0.4101363571822388,0.32740061774601353
0157-4.tif,0.31484202600557815,0.5650325655504767,0.29386219813750675,0.4333015220003825,0.3719941319061826
0157-6.tif,0.316344304740607,0.6132104484690413,0.28983492028926316,0.4267571305514578,0.3216462479753805
0161-1.tif,0.176,0.5847015260628462,0.09439823104622361,0.4303808063061399,0.38254482107919546
0161-2.tif,0.176,0.5242986215644223,0.10553221807573757,0.42729064029611363,0.4011143879080595
0161-3.tif,0.2620417137789034,0.437867605495857,0.23017552139207983,0.4434432218947715,0.5077538810520688
0161-4.tif,0.2967698944982322,0.3990086159688811,0.30902592570548115,0.4767858229607605,0.5312796417579602
0161-6.tif,0.266,0.5696787105341158,0.192944940490419,0.3505193332503519,0.37161022396392757
0162-1.tif,0.27106944444444336,0.6004242206045166,0.18100677628899586,0.3201328335599654,0.3818549609507426
0162-2.tif,0.3981293888934149,0.5685325715108916,0.3707458742177867,0.32530260965553603,0.3818574003144697
0162-3.tif,0.3875819045830053,0.5973101044482648,0.3384047925517966,0.3184212862451594,0.39672957264435493
0162-4.tif,0.29949591503267864,0.569245829199833,0.23112477754885052,0.44652826323333683,0.3925350908875566
0162-6.tif,0.3598005931712955,0.6028015345559444,0.279165430852357,0.24508403939889806,0.33706288234770193
0163-1.tif,0.5314090300758059,0.6274910798048433,0.48362027730855595,0.22577659489314003,0.3543542423533099
0163-2.tif,0.5436581345725247,0.539555585678696,0.5370545374763057,0.22908708655420734,0.4165244940556324
0163-3.tif,0.43867894965277776,0.6139396547281116,0.3624030065676992,0.30436313710526974,0.3580589412042334
0163-4.tif,0.24532071320281879,0.6116996092239405,0.19061721016153343,0.48540226986029095,0.333988702587749
0163-6.tif,0.3802690192743755,0.6164799103545991,0.3095919255956713,0.2330775840116687,0.3308256264450265
0164-1.tif,0.30450284558710333,0.6470963735328645,0.2346271315112219,0.4446741503834664,0.3791314378988586
0164-2.tif,0.4743823546145439,0.5519867552554206,0.45770739597827204,0.2798719228450248,0.4204562601952582
0164-3.tif,0.39477505953435654,0.6341704699226952,0.34077924323476205,0.33969355803626805,0.3705954413431254
0164-4.tif,0.28391331360946637,0.5842879161909167,0.2170569830703899,0.448449640791212,0.3765618354159353
0164-6.tif,0.33395516817838145,0.5781194836513373,0.2565658786174892,0.2827123715562541,0.40075914506111987
0165-1.tif,0.4035410396320713,0.6533728230814582,0.35143723822778317,0.345138786494097,0.3163091865569043
0165-2.tif,0.4159203261849716,0.6190536730565099,0.37380474584210827,0.3416515256644154,0.3270488875502231
0165-3.tif,0.3010501543209876,0.6220010070854192,0.21978972453865464,0.41855912714387006,0.3509536727901824
0165-4.tif,0.4338091165599937,0.5772762311938755,0.4075265960114248,0.30584904856965506,0.37197174987459813
0165-6.tif,0.3215959444444441,0.6070395624852537,0.2401601628173873,0.2806544880911349,0.3458758553380432
0166-1.tif,0.44630737711976304,0.6223258901856198,0.4230799854748797,0.29801232570943936,0.3456403691994245
0166-2.tif,0.176,0.5832457078297483,0.10523666898969894,0.4282051414963179,0.35892339790006517
0166-3.tif,0.176,0.6130001858608849,0.09720898004316546,0.5090899938508129,0.34699865151293574
0166-4.tif,0.24766138315756164,0.49523776243697915,0.21778091121314413,0.5111317324009401,0.43115947738645255
0166-6.tif,0.176,0.6153051425845162,0.09751884205722643,0.414781679768584,0.3250030671825952
0167-1.tif,0.176,0.6023825216456301,0.09091668339304546,0.49745982197136895,0.36254438515165405
0167-2.tif,0.3109999999999997,0.6027787072858984,0.23869441626937976,0.4109709168243243,0.33730899358287775
0167-3.tif,0.2897539392590086,0.581946836011342,0.25473851291879945,0.42884082571207616,0.3857768568352207
0167-4.tif,0.26226044347457317,0.5070112372484601,0.23673061712056762,0.4499042300805787,0.4179890096672006
0167-6.tif,0.3187051020408153,0.5901227118723075,0.23635845791996934,0.33664259419191567,0.35857114517707117
0168-1.tif,0.3190998838554609,0.6403254142591058,0.2813570998862615,0.41419702054439267,0.3216960138586995
0168-2.tif,0.176,0.5681682518243151,0.10373007359119236,0.518422407672806,0.3687247783049984
0168-3.tif,0.31727674104031267,0.6123887885549378,0.2785033777522493,0.4135951146547341,0.34701599239281833
0168-4.tif,0.3130284638224767,0.5363679416875407,0.2980257531413285,0.4406334096004391,0.39647138208685645
0168-6.tif,0.35273124999999994,0.6195770027257043,0.267553837317989,0.3407703459783752,0.3244259522746647
0169-1.tif,0.32,0.6355087116113713,0.2894336271466128,0.42161849114246464,0.3308565292387534
0169-2.tif,0.176,0.5894636354036064,0.09912597977088528,0.4178604806472616,0.3630471086183618
0169-3.tif,0.176,0.6180722070548348,0.10309404307356136,0.42134914275406654,0.3497483698429821
0169-4.tif,0.2603732090773249,0.42269619054877156,0.24701892809727102,0.46385679806021396,0.5024157736135667
0169-6.tif,0.176,0.6152755127711256,0.08506892714012101,0.47163396801970026,0.3336074122832449
0170-1.tif,0.3546874214840352,0.607664600782346,0.2990019013322599,0.3757325204076198,0.39284610863190605
0170-2.tif,0.28099999999999986,0.6372584579126654,0.2048462305119267,0.44106710638665986,0.3179273805052881
0170-3.tif,0.45455827964548057,0.5830641927005615,0.41977583801313545,0.2776770038985431,0.40098221251941807
0170-4.tif,0.251,0.5848317477333435,0.17349655412649345,0.3404916265090608,0.3610308368442392
0170-6.tif,0.422855518824774,0.6274636471621844,0.371162441562866,0.2728805064116484,0.325983775895238
0171-1.tif,0.176,0.6259349405718898,0.0916385222246508,0.5523874455915084,0.3263477262802987
0171-2.tif,0.41240474804780963,0.5845945924531322,0.38524482486228473,0.3313651452996072,0.3656847368220002
0171-3.tif,0.5125592454892928,0.5839051058244894,0.4948881269122096,0.25898586113433647,0.37162228403918135
0171-4.tif,0.176,0.5373128260909679,0.1187911920702006,0.5779212777061014,0.3768370237696434
0171-6.tif,0.4724022674911172,0.581577515085062,0.4522070478875631,0.28936913196297587,0.3613017544549021
0172-1.tif,0.26451683333333337,0.5940405899730754,0.17133166220571372,0.33405256852394793,0.41132057222832574
0172-2.tif,0.3471406738104155,0.5069303388421924,0.30308808862893505,0.3505726241209962,0.43956543278530885
0172-3.tif,0.30349999999999966,0.5819721187202089,0.21806810666998677,0.39732571001075484,0.38452138646328243
0172-4.tif,0.3136665141715043,0.47448682283191285,0.2919988082420394,0.433263144199519,0.4607431576808045
0172-6.tif,0.4129174901557617,0.5964664852854525,0.3762248948212571,0.32702764483065944,0.3448713076172477
0173-1.tif,0.266,0.5899897902238613,0.17761832684071907,0.3335462876399067,0.40365646546945894
0173-2.tif,0.27349999999999997,0.4652508317146203,0.22207950172449906,0.38353227991206773,0.4816536233463091
0173-3.tif,0.4468519336066777,0.578418498065079,0.4108280852005646,0.2996216420695617,0.38603465573774387
0173-4.tif,0.27061283784086865,0.42210602732946306,0.25979172038145404,0.4624615278944964,0.5018398751146068
0173-6.tif,0.32326149999999865,0.5212517302257486,0.2523560040674282,0.402431869450151,0.41355503837283913
0175-1.tif,0.2996346404082728,0.5556919011886029,0.26704345006868807,0.42811450438956933,0.46110124454784035
0175-2.tif,0.266,0.6207143354355548,0.2001091857334693,0.4861111224606043,0.3190217585484236
0175-3.tif,0.2589191620753491,0.6333856884403434,0.21311226525560067,0.4300392435227726,0.34087107618528734
0175-4.tif,0.176,0.5060081486651214,0.11460346327918197,0.43330614505611476,0.433619740540667
0175-6.tif,0.2735071180555552,0.6003255893444357,0.1995992562806622,0.4019255610841195,0.3545714947099999
0176-1.tif,0.2959999999999998,0.6382690014106576,0.20693889393297638,0.4395682055111575,0.3631487658067992
0176-2.tif,0.5375364880702549,0.5668205102117955,0.5251642788172775,0.23502262621936978,0.39365647431818407
0176-3.tif,0.4658621126093699,0.5941437808396854,0.43881833606919973,0.29132660808516486,0.39858657591456437
0176-4.tif,0.176,0.4756980010459269,0.11837960822730784,0.43804922536718965,0.46037719826329093
0176-6.tif,0.38193703703703635,0.615918510652238,0.3087053145285873,0.2294174751547019,0.32831298774883266
0177-1.tif,0.40553540936912297,0.5642728945043375,0.37568759562657694,0.3396735087314083,0.43477233451080705
0177-2.tif,0.38017699935407845,0.5830597067823682,0.3474660806633535,0.34683853263954517,0.37576740849880175
0177-3.tif,0.3710709218242373,0.6272626650996201,0.31313842916573476,0.31504958591071247,0.3461797721711231
0177-4.tif,0.44062057061159293,0.6029665515120997,0.41616317253869867,0.31988497914319997,0.3489672633455196
0177-6.tif,0.29876914169667323,0.6105283647301164,0.21164158001541328,0.30034975859297586,0.3417185648087387
0178-1.tif,0.43007984750633965,0.6246629721560789,0.39666577742360665,0.3225859388444271,0.34512089090658826
0178-2.tif,0.29785649999999986,0.6219371373441953,0.21914334773656335,0.41822600493750783,0.31959325846484715
0178-3.tif,0.29949769280597416,0.618864054098773,0.2150878560761743,0.3844423297978542,0.3423949295886017
0178-4.tif,0.4556104463556412,0.6003506468001565,0.4303853154304732,0.30326068764219816,0.34579548962399037
0178-6.tif,0.32988612456597194,0.6176182153664336,0.24734251500711418,0.3801140057728666,0.32371780761303426
0179-1.tif,0.27351076388888856,0.6191698556099691,0.19788824870822097,0.32496671124585447,0.3540427237526645
0179-2.tif,0.3035254774305554,0.6251298012116719,0.23462203795583841,0.30474723971653667,0.31256831056374595
0179-3.tif,0.30265683333333304,0.5983526665317163,0.2203822178226758,0.3176749190530311,0.37658629187497233
0179-4.tif,0.38582678174879825,0.5957260597218048,0.35404977730653175,0.3429012625539982,0.3472165944479337
0179-6.tif,0.4514068452380948,0.6100891329466857,0.42152304823823306,0.2971854077365194,0.34179571214098015
0180-1.tif,0.3198913103437112,0.6264452362691456,0.2833064175176141,0.4149006504498419,0.3293661150002729
0180-2.tif,0.2771106344215155,0.567863706495963,0.24396991137041663,0.43557386694717853,0.37639090561966737
0180-3.tif,0.2959999999999998,0.5880889791799622,0.2172624690100648,0.31389104186728056,0.37109809568499774
0180-4.tif,0.24170094424230287,0.5793812081340903,0.19816400187343025,0.4986431108093759,0.3449327219946736
0180-6.tif,0.176,0.6019092430933782,0.09055581561176819,0.4180759215019853,0.3402020989646978
0181-1.tif,0.24724999999999986,0.6296179111883468,0.1617236905867263,0.3406363458940008,0.3694299108125481
0181-2.tif,0.44133720918358316,0.6111441036383515,0.4145721258213253,0.30617707972358893,0.34890323534761
0181-3.tif,0.2860676890432091,0.6018492163243458,0.20531385337676536,0.3210499791895987,0.4050508328485611
0181-4.tif,0.40211136937613623,0.5718199431075363,0.38043207631690934,0.33830429019958175,0.3979170401059512
0181-6.tif,0.34669409507887483,0.596967578306115,0.2722283598976555,0.3399111806991805,0.3786966731248257
0182-1.tif,0.29982688253326895,0.5872350883126953,0.2608441912739076,0.4205552239554116,0.387594938314335
0182-2.tif,0.3166890335559611,0.5710926463415446,0.298422735991676,0.43563391459898776,0.3698871756569664
0182-3.tif,0.2985065627354919,0.5678643950863966,0.26301797199214544,0.4247330440273134,0.4010866424328145
0182-4.tif,0.2722363809928937,0.4896470369057353,0.25039098715549657,0.4497998410600955,0.43972617658942403
0182-6.tif,0.176,0.5986456328921953,0.09392702793186557,0.5233719511006334,0.3365694267096537
0183-1.tif,0.40976075102880566,0.6282177810384266,0.38470434898777406,0.3454975652900447,0.3513763435762692
0183-2.tif,0.3723993632994148,0.6024213575264458,0.3382013414752795,0.3481382372366958,0.34747863912823823
0183-3.tif,0.3578920686685346,0.6356381989294946,0.3058941802438893,0.3867456530702484,0.3375371017684513
0183-4.tif,0.27624293060361343,0.4983788248222422,0.21345776422144036,0.4155879786282132,0.45945974829557246
0183-6.tif,0.33235386259039984,0.6261536201477595,0.2534038736447536,0.27444796694085255,0.32355346278930863
0184-1.tif,0.35164518214213614,0.6116992853594045,0.3041663647826695,0.345407047089386,0.38970378085472634
0184-2.tif,0.28711868998628143,0.6288002945366901,0.2066909178291439,0.4369274501034624,0.32554845945041466
0184-3.tif,0.2850552228009249,0.5971914586539282,0.20008360378307782,0.40425991663545713,0.39046988366178254
0184-4.tif,0.2817423570019719,0.6076608262446894,0.21152075218780866,0.4537551409837844,0.3388421031601001
0184-6.tif,0.38823281708474955,0.6090628413734576,0.34761149800186764,0.32034714284115073,0.3474313821236451
0185-1.tif,0.24754109798954035,0.6422935107802248,0.19492762847717895,0.4872150568220271,0.32207384740990397
0185-2.tif,0.26915926362784415,0.5871061309292543,0.22903141879392183,0.43135777916254203,0.35919689516709075
0185-3.tif,0.2576383961700017,0.5970764369512013,0.2075620077553193,0.42564302954788813,0.3624338276511966
0185-4.tif,0.32,0.47753640901527084,0.3210479115843896,0.4552679393352833,0.45151116410611436
0185-6.tif,0.2693597323462369,0.6071238736583914,0.21893292200029799,0.4200764390812371,0.33654830394903595
0186-1.tif,0.38958255054781893,0.6302650109415308,0.3493440327501328,0.31646501055502213,0.3391545836971511
0186-2.tif,0.176,0.5741980089430185,0.1001505475356648,0.4388216886495965,0.37913209064250847
0186-3.tif,0.4252434473439487,0.5868710188213853,0.41016072586838087,0.3289493839864746,0.37398475174355716
0186-4.tif,0.3496436193226825,0.5542442478187817,0.3161687148893031,0.34907510664318625,0.37816829661848783
0186-6.tif,0.293605941358024,0.6095777478809367,0.20864318440403526,0.36846262457675283,0.33669983428177996
0187-1.tif,0.48686945068670967,0.5980856421331413,0.4539420588797415,0.2596296029563214,0.42905690622102866
0187-2.tif,0.47234023146735,0.6204123485344144,0.45781724442081717,0.2962907739238767,0.35025355500403405
0187-3.tif,0.4940732002874796,0.6084715437095312,0.47137548907633114,0.2596164222658641,0.40735208573038495
0187-4.tif,0.176,0.5913734053582711,0.1033308804584416,0.5234808333732636,0.37055770251812176
0187-6.tif,0.47674964014542676,0.5958755679727453,0.4492764760025957,0.267466854605329,0.3936666938964239
0188-1.tif,0.3709999999999999,0.6268101370770701,0.28985443609397155,0.3604280404247021,0.36414912332089977
0188-2.tif,0.4206973878210276,0.6088996507193061,0.4043791275738513,0.33985089635133936,0.3443159625731942
0188-3.tif,0.4184763997717979,0.5521770701241162,0.3813585865975813,0.30455327386714437,0.46457996252827194
0188-4.tif,0.3838163126075844,0.49254173242419125,0.37144242739442823,0.3604591051801478,0.46000949607184694
0188-6.tif,0.3592355833333332,0.632284588265188,0.2819640466197016,0.3891775478517971,0.323304570191069
0189-1.tif,0.4305223698163647,0.6315265053495472,0.40050079621024337,0.3165181929238344,0.3530827096957182
0189-2.tif,0.251,0.592498540781869,0.1801905518682667,0.35404539094743687,0.3706881424021374
0189-3.tif,0.2942716905381944,0.622558702561254,0.21522691457276608,0.3016096243394656,0.368366823782733
0189-4.tif,0.4007655926920594,0.4792658631433793,0.38674578523142655,0.3363808915351553,0.47483078084031716
0189-6.tif,0.3773507894396938,0.6162588561646606,0.32643791162610253,0.311194830310276,0.34718204329734986
0190-1.tif,0.2786664959251598,0.6150340307324005,0.19201823897687612,0.3883709563586712,0.36810483660455084
0190-2.tif,0.27436774691357896,0.6002645649328683,0.19271774558924643,0.4123618857588659,0.3614682225068235
0190-3.tif,0.43128131007304804,0.6403786658283266,0.40314138819404044,0.32823371506621535,0.3358399178171361
0190-4.tif,0.4229410415724371,0.5735015522087626,0.39853698285910055,0.3343832286077323,0.3917383940220043
0190-6.tif,0.3688303733436809,0.6221744771614552,0.3183021422144711,0.3284723904232794,0.32695944070766625
0191-1.tif,0.3177209960937498,0.5876452016100898,0.2414197356307534,0.3280869116742235,0.4056179770707499
0191-2.tif,0.3925950329641212,0.6242292334519696,0.3376789356196191,0.29995895398285255,0.3231677749941398
0191-3.tif,0.32538344360428434,0.6411409879685779,0.24240120768878373,0.41561019198799104,0.32505784741302235
0191-4.tif,0.4092755094880224,0.5820265087996881,0.37704506567752283,0.31357974607074607,0.3720010019291321
0191-6.tif,0.4062796734480127,0.5971271070518636,0.35396177564590475,0.3436689710879694,0.356749713415147
0192-1.tif,0.176,0.6350668621318561,0.09484783027504012,0.5395251679876,0.3172816966981805
0192-2.tif,0.4366883490806953,0.5558385397422655,0.4217372936547801,0.31124628848261565,0.38995721109122367
0192-3.tif,0.28849999999999976,0.5966077508212478,0.20992446010127552,0.32340306683468184,0.3593249370485647
0192-4.tif,0.176,0.5451062778156521,0.11098085211004519,0.4269988380835022,0.38225934035952724
0192-6.tif,0.41120672096521493,0.6123668341372402,0.3661457317474197,0.28064807141039544,0.32644349435904163
0193-1.tif,0.5071686670906357,0.5787222575734686,0.4754934566694117,0.24698622519664498,0.4316461598608402
0193-2.tif,0.47325092763070553,0.6099714253351609,0.4279705961970793,0.23511387412179155,0.35216902522286725
0193-3.tif,0.34105046296296293,0.6145500445444076,0.26141525704429946,0.26611058423936096,0.36551663452445066
0193-4.tif,0.3184999999999997,0.5998830566048055,0.24525676871941304,0.4256117816412982,0.3446786767178613
0193-6.tif,0.37174492630385453,0.6280203031237479,0.2943273658548583,0.24488615431260227,0.3201929315766119
0194-1.tif,0.2622543209876534,0.6149557137171429,0.18341849721634312,0.4346572085363449,0.36236609111781626
0194-2.tif,0.30869972972155046,0.6232806877973307,0.25261177596162115,0.42277912148498303,0.32398696501715446
0194-3.tif,0.31328487467292987,0.5873576943488471,0.2875233671438023,0.4295213254765527,0.3948788295843945
0194-4.tif,0.39686968413141727,0.5506761199300563,0.3850790682276859,0.3711695223303354,0.3894508288227093
0194-6.tif,0.176,0.6060092756532999,0.09084401338109974,0.4932016596329029,0.34452779736052613
0195-1.tif,0.2654902756344299,0.6102039449832412,0.1893633922599715,0.46482621184722844,0.3752570453424799
0195-2.tif,0.2796456973865745,0.5582981891279647,0.20497478712431466,0.3249916560063404,0.38164512400998046
0195-3.tif,0.26735399039780405,0.5930733923909582,0.18314866457599283,0.40052034122656865,0.3789079494661255
0195-4.tif,0.3814813770033871,0.48817474387113813,0.3613681612909198,0.35981086978347077,0.47041473595659283
0195-6.tif,0.44799002873859606,0.6142484408137152,0.43045484959560676,0.3185228456592463,0.3222749805842656
0196-1.tif,0.4442264099950484,0.6103633987946017,0.4188263828075103,0.3037265497542679,0.4084108446078465
0196-2.tif,0.43452259945562366,0.592787770419165,0.40991459540121833,0.3080491711340957,0.3865558123743273
0196-3.tif,0.31331667683919256,0.6151064686713904,0.23014286374308413,0.285407019950252,0.3681657228232603
0196-4.tif,0.37809738776813634,0.5633395743104477,0.3481651562881659,0.33414153073774105,0.38921312838216443
0196-6.tif,0.44764314593057275,0.5925987088730011,0.41383785716683974,0.28217696242335283,0.3611468201743115
0197-1.tif,0.37774895403747005,0.5992467040906782,0.3318019979883038,0.31860867958803063,0.38662264231366394
0197-2.tif,0.4469274734458874,0.6101688616957989,0.42517698376130686,0.3114559083320268,0.34556656709869876
0197-3.tif,0.3493687690972219,0.6311338411424402,0.2633797324058674,0.39346087349145065,0.3368919706886482
0197-4.tif,0.4660568523353448,0.6517905118751057,0.44385561800216294,0.29490787458898665,0.3016657678599911
0197-6.tif,0.383375736961451,0.6143950123031989,0.29929925064810114,0.3239238308889054,0.4005877867388185
0198-1.tif,0.31805556253512207,0.6203369912136704,0.28345659889031044,0.41771123244843333,0.33140329701713017
0198-2.tif,0.439500032696654,0.6268088903929228,0.39088899369673136,0.30624498228707475,0.2998710778575256
0198-3.tif,0.38488930450186165,0.6107189262217827,0.3394220216379275,0.3189729336473457,0.34620706518580485
0198-4.tif,0.2592039804362369,0.5923880776124707,0.20765403179338032,0.4228558386517286,0.33991510764921334
0198-6.tif,0.5246640703290397,0.6319243293428406,0.5029003281008049,0.2344651979817714,0.3036564797813584
0199-1.tif,0.3326112581976543,0.6240476132525301,0.2817929655496779,0.34880373396604364,0.35534028762552106
0199-2.tif,0.26640731651470073,0.6029760479640184,0.22508870297781106,0.4312200204606549,0.3420069074889966
0199-3.tif,0.36401835660327,0.6052749460653613,0.31504887073039595,0.3292430555549373,0.35892769618181936
0199-4.tif,0.401818339027168,0.5942651591537182,0.3622416049936728,0.30112405972277306,0.3463219335191084
0199-6.tif,0.4283000158083151,0.598409603190603,0.38784817870460536,0.28550665356944605,0.3608612886397879
0200-1.tif,0.478501617897507,0.6097733106046466,0.42966846359328453,0.2833128856460676,0.3589161103618835
0200-2.tif,0.29203640989134116,0.568066538512473,0.2623192095262784,0.4334256597146536,0.3818102354216591
0200-3.tif,0.26206750651245475,0.6093748044674232,0.20675409511847603,0.41823013692720235,0.34972432351686544
0200-4.tif,0.5555859605499909,0.5322906317193532,0.5504257249512202,0.23429360090697685,0.4028857785188708
0200-6.tif,0.385479819713045,0.6347261709353484,0.3366688714144626,0.3041629995096115,0.2980117520531214
0201-1.tif,0.31908455328432017,0.6090975248049552,0.29079468774934475,0.4250403593726256,0.38716541674595545
0201-2.tif,0.26225069444444415,0.5591630446590314,0.1896879368662383,0.3529119327284529,0.4126903426128325
0201-3.tif,0.2853855158730155,0.6093337975501238,0.20569704418359974,0.4102979957515583,0.36648773131871776
0201-4.tif,0.26753072222222085,0.5595529540781389,0.20773411825448587,0.3494893288918957,0.3755736919209647
0201-6.tif,0.358275237080482,0.6215378036308248,0.3084038965864685,0.32982960549031354,0.328565340166386
0202-1.tif,0.4188614760441051,0.6044692172272953,0.3839471692182492,0.32428073704385413,0.3819868557009462
0202-2.tif,0.2735478489543954,0.6085444077607478,0.2000873751022493,0.43506833670207806,0.3426093855326515
0202-3.tif,0.28205698382692657,0.6153874893296502,0.2034574908999719,0.32346787463943355,0.36192090769037216
0202-4.tif,0.41294161222988446,0.5274204722220467,0.40078569070939773,0.35131180254090955,0.42741694156063714
0202-6.tif,0.29414827451814035,0.6288176086839091,0.20673084422926893,0.29528748857304266,0.316651510027593
0203-1.tif,0.2818044756758529,0.6131268095995801,0.19844252806137602,0.43297524017460853,0.3722306936498728
0203-2.tif,0.362418237063121,0.6084816941626484,0.32482088380902857,0.3482155679457419,0.3388268691020647
0203-3.tif,0.27894156172839424,0.638388442342283,0.2009614459308045,0.45890355589264936,0.32017955178850566
0203-4.tif,0.40819295365808267,0.5171505874851303,0.39898171533565885,0.3577958737981635,0.4242948599969283
0203-6.tif,0.3114498390022669,0.6099877402924887,0.22961755317721,0.37132741690258386,0.3367596857770993
0204-1.tif,0.31893554546415714,0.6408078529263078,0.28500388435398927,0.41833395663844375,0.31635648288727564
0204-2.tif,0.4009999999999997,0.580831507508561,0.3389625594974081,0.23892680858089996,0.3547348339411085
0204-3.tif,0.5096352519456376,0.6118783427126024,0.48173384189225443,0.24233662799502612,0.3439014295737614
0204-4.tif,0.35599999999999965,0.515622876642809,0.3042081968499654,0.31410373596005503,0.4255321129661647
0204-6.tif,0.49708812208009395,0.6111551290392422,0.46686355286100784,0.2601970891226601,0.32765130179500906
0205-1.tif,0.2801456353669257,0.6177084899896184,0.23122466095530203,0.4177933206573825,0.35239460084084934
0205-2.tif,0.27202015188807493,0.5932206486805158,0.23672062580959474,0.43536683815482236,0.3479198456272422
0205-3.tif,0.176,0.6054552310837928,0.10300285205809497,0.5344267402060666,0.3596559321755171
0205-4.tif,0.31894151451533936,0.5234035556409314,0.3168123275128051,0.45216951223683866,0.40056677415465236
0205-6.tif,0.176,0.5967173085932158,0.09674736460213915,0.47919218102182026,0.3536971550765731
0206-1.tif,0.28727794444444427,0.5910816375055405,0.20360015766625358,0.4404373308488256,0.3909505032132486
0206-2.tif,0.2535529905338828,0.5649216311064843,0.20385538644360174,0.42741901951499806,0.37958195990479077
0206-3.tif,0.38156684015644327,0.6096228288872513,0.3334103611637173,0.3160720399350367,0.3637033086159435
0206-4.tif,0.31099999999999983,0.5534408853306554,0.2494064320385822,0.42670455229735993,0.3847977995662602
0206-6.tif,0.2959999999999997,0.5728059345528251,0.22581311809189103,0.32515906068653,0.3901318720233989
0207-1.tif,0.3183207267689046,0.595056351566937,0.2855690522875106,0.42112296338858884,0.45763794212154885
0207-2.tif,0.5438751102488473,0.576891536291536,0.5367439371329928,0.2429083989471695,0.4248119837397011
0207-3.tif,0.5196646566216074,0.6040601996466739,0.4738801777347397,0.20745186706390573,0.4427030774091852
0207-4.tif,0.31596857308062154,0.59432537945551,0.286420723725056,0.4245155660750308,0.4061454666781823
0207-6.tif,0.573925559983111,0.5754125804996063,0.5500790339587431,0.20164576324875683,0.4338578757601413
0208-1.tif,0.26975659722222206,0.6417554712437052,0.18942561736185493,0.32586630292844904,0.32392278596351337
0208-2.tif,0.337880462105069,0.5922492212957579,0.299474392202031,0.41508846983276265,0.34426825224684393
0208-3.tif,0.39477050861026386,0.5939131970535719,0.3652420090933009,0.3452797684350823,0.3782828833455089
0208-4.tif,0.3514834438913421,0.5415868314973742,0.3212675585272496,0.35740923623496296,0.39659877485286216
0208-6.tif,0.41368756062147405,0.5909236081608648,0.38038364915777007,0.3119305124599892,0.36078235635365224
0209-1.tif,0.27331895238524245,0.6082913275731853,0.22749505844117177,0.42424276722116316,0.3790103687312826
0209-2.tif,0.40165155220605653,0.6004155104596219,0.3900686740250284,0.36248566311288355,0.3353089285592301
0209-3.tif,0.176,0.6162771598515232,0.09367924026883953,0.48931892515657527,0.34845113929437876
0209-4.tif,0.3192457096331988,0.5758146297011092,0.30591495157199394,0.4399970408418004,0.3525128789296878
0209-6.tif,0.30858204089506086,0.6069904931373025,0.22768972591405845,0.318767664254752,0.3405973011334595
0210-1.tif,0.4135454202507333,0.5975926940894444,0.37846387941282633,0.32634175855081304,0.42651702610885855
0210-2.tif,0.3747842854456852,0.6083949681832392,0.3319007573439199,0.3232868350796368,0.3540020906353188
0210-3.tif,0.2889466271022057,0.6231249809058359,0.2054264781477035,0.4080495450552303,0.38097276382767226
0210-4.tif,0.42390187158424336,0.5438896042531308,0.4059748366793343,0.3343361066359211,0.41491278326999936
0210-6.tif,0.4383603669363072,0.623514889271821,0.4177425133062062,0.32420518904876433,0.3277614115664626
0211-1.tif,0.4137848524305553,0.6444867260367104,0.38328311477667837,0.33210387001506525,0.33899413618528557
0211-2.tif,0.2623001736111111,0.6023751963547337,0.199508040020963,0.34200128208722363,0.34393912897230444
0211-3.tif,0.31139999999999984,0.6169668978806216,0.23487066753119862,0.34138470017209327,0.3580675748720058
0211-4.tif,0.3409583472881353,0.5408318579199954,0.30939603482480527,0.3654394391246305,0.3959719209807764
0211-6.tif,0.26980017361111097,0.5676475984859318,0.19495919449208896,0.3616828291533086,0.38556888306532355
0212-1.tif,0.32,0.6393630049515963,0.29050070543717277,0.42318164422589166,0.34613759916609593
0212-2.tif,0.30847790377633544,0.5680347321754269,0.28691840960518716,0.43562020558246833,0.38746339911077693
0212-3.tif,0.176,0.6055118507726538,0.09856649140657861,0.418403817518683,0.37277406959729203
0212-4.tif,0.2359999999999997,0.509027035763656,0.18472373073655143,0.3835807387628804,0.42104134503338986
0212-6.tif,0.4052445311593854,0.6124416046531527,0.3759890380565768,0.3402028945542977,0.33767144166046054
0213-1.tif,0.3192904652680786,0.6131914603294552,0.288835641041972,0.42182558903256634,0.3535019547702178
0213-2.tif,0.31100000000000005,0.5560871243334617,0.2365099986721551,0.3088564243148447,0.38830391345659493
0213-3.tif,0.176,0.6182458643068353,0.08721746899534008,0.4868528776218513,0.3459229165779867
0213-4.tif,0.2585872477866756,0.5305436772778027,0.22306074459099967,0.4405787028975494,0.4163768250563206
0213-6.tif,0.2510501736111108,0.5869738936965948,0.17130004922663666,0.35508571550851337,0.3680435278354949
0214-1.tif,0.35698021817751746,0.6099600650079949,0.2947324084683486,0.32312574182971776,0.3589005379805173
0214-2.tif,0.34963361665847176,0.6210643618786835,0.3034821901394975,0.34704884406751024,0.331758504939336
0214-3.tif,0.2838263780381945,0.6225666833825635,0.19738439684741185,0.42158989300351113,0.35993257658900407
0214-4.tif,0.32,0.5941984865748572,0.3024065788434946,0.4350924874375626,0.34344493683232796
0214-6.tif,0.28722084780092594,0.5926713469340346,0.20034708534077017,0.35627419449659253,0.3742833282552923
0215-1.tif,0.27852978395061645,0.6305845738809234,0.1913132130052622,0.31362097443706755,0.35153279620063177
0215-2.tif,0.4404741977004729,0.5893934252958546,0.4269967964760534,0.3248988601221119,0.3594204493489324
0215-3.tif,0.2835782407407407,0.595401623609575,0.2030215275990071,0.37046423301702003,0.4101334991501342
0215-4.tif,0.2547562499999998,0.555774006785174,0.1853282011974579,0.3686892305722715,0.40691509247190927
0215-6.tif,0.3352626302083332,0.6021480536551637,0.26670537679244943,0.40914496086065905,0.36294461290800284
0216-1.tif,0.40530334039227534,0.6146576978997979,0.37216880844510786,0.339978315828034,0.35500322162469156
0216-2.tif,0.176,0.5585439970017013,0.10706111523678105,0.4408641224460694,0.3944086131510146
0216-3.tif,0.2885015625,0.6227003572118621,0.20835634301049244,0.30884197704144317,0.3390621482594241
0216-4.tif,0.2659999999999997,0.4894526224352253,0.21217100422418608,0.3678867932567016,0.44314733801134537
0216-6.tif,0.176,0.619789600791798,0.08806022510747918,0.5172129854450006,0.32593447999359115
0217-1.tif,0.251,0.5943280494909108,0.17162368024335856,0.4021618963664158,0.35884702450046646
0217-2.tif,0.25849999999999984,0.5833193185747925,0.1909525839477747,0.35337081249672747,0.3481718480085071
0217-3.tif,0.281,0.5735975900420421,0.20871237579652374,0.42477640798796373,0.3725865570616438
0217-4.tif,0.176,0.4185220842369798,0.1305107999248248,0.4491712809677316,0.49682307468333287
0217-6.tif,0.2935566358024689,0.588621708321281,0.21220329718944042,0.3412257162292966,0.3567174405224912
0218-1.tif,0.3164082088456339,0.6175728833402121,0.29051714190334,0.427752689093745,0.33298239282942677
0218-2.tif,0.2503666456604655,0.5989778309184239,0.20911200375677055,0.43758375256670234,0.3246482867802552
0218-3.tif,0.2762201540267013,0.5950610569136133,0.23199980137319332,0.4241549308225215,0.35237336228996996
0218-4.tif,0.3155016342920062,0.43119854778318034,0.3287803629273887,0.47018096587683866,0.4811942613592715
0218-6.tif,0.2922793402777777,0.6044260203366245,0.21886634818400266,0.3893739248415251,0.3356638924624577
0219-1.tif,0.31802103181141095,0.6319885991757552,0.2931899234876021,0.4288980942336153,0.36053453185223633
0219-2.tif,0.176,0.6188915246512301,0.09913689073624199,0.41699232835956657,0.3229352862836517
0219-3.tif,0.176,0.5883166860663833,0.09903601889065755,0.41622342382073046,0.3850685978318507
0219-4.tif,0.176,0.4600674869563444,0.12122249860681092,0.46058380312054853,0.47712316941305205
0219-6.tif,0.27302650105165766,0.5996742876437439,0.22365351884100476,0.41976082504309387,0.35118674201001615
0220-1.tif,0.31651314674183617,0.628575531977537,0.28121149245804616,0.41775917301844523,0.33337655019959406
0220-2.tif,0.176,0.5693995799318734,0.09708749725220828,0.4143194133161344,0.36722944460143736
0220-3.tif,0.2905522324535036,0.5648939609302953,0.24825124706533375,0.42044321647368815,0.4002793811753045
0220-4.tif,0.2727592979453037,0.5413111176575665,0.2454773634499139,0.44351794030278807,0.3839405488081997
0220-6.tif,0.2509024962527949,0.6215827689391886,0.19751269231085486,0.42416666796636376,0.3106656540282073
0221-1.tif,0.31543820545238616,0.5833811441116221,0.29583828422921205,0.43518202883889834,0.3824375693638477
0221-2.tif,0.3900171539280519,0.592490585329153,0.357497894969767,0.3219801095646196,0.3554606596729948
0221-3.tif,0.39444369627238784,0.5943913515759538,0.37666235863757463,0.3590292023317688,0.3704651203448303
0221-4.tif,0.3096596426718173,0.455565759614195,0.30478272630290487,0.4530141453666472,0.48383526967762064
0221-6.tif,0.44693214305036616,0.6021414113037256,0.41126183821973017,0.2835654397685167,0.3545804872421159
0222-1.tif,0.5266592790266951,0.6135592183151826,0.49736006533452,0.22493961459824416,0.34441671670782575
0222-2.tif,0.4553209796606265,0.635542645536182,0.40767906982506313,0.28806285788895375,0.2989224027935229
0222-3.tif,0.3372013888888885,0.6170463686585801,0.2539165347109276,0.25545958027253934,0.3384020595708521
0222-4.tif,0.43498847815941966,0.5816313043934779,0.40440408884734774,0.3004608979832746,0.3682125829764853
0222-6.tif,0.3811592013888886,0.6015614117255466,0.31262218243190826,0.30820943102543075,0.3436092340396687
0223-1.tif,0.267405265659901,0.6147117388585754,0.21351564741651297,0.4177180849656085,0.3601062313376247
0223-2.tif,0.32599999999999996,0.6055068618253618,0.24579116118663555,0.2749403318391959,0.35635879336219023
0223-3.tif,0.3522562499999998,0.5537303417867995,0.28144239662514614,0.2737077485810841,0.41604103231326867
0223-4.tif,0.176,0.5915681052601764,0.10964996154014951,0.42895190189933846,0.3440644133059055
0223-6.tif,0.176,0.4946180757458067,0.10914861714121231,0.4284745332035107,0.42875005064395255
0224-1.tif,0.2568280110568849,0.6095252025611655,0.21007302421371282,0.4298496538617325,0.36174463518544564
0224-2.tif,0.28849999999999987,0.5855195710450196,0.20697168217583478,0.36619824646358035,0.362070200530576
0224-3.tif,0.3710102358092011,0.6090963532640254,0.3201336358363938,0.3691946132459214,0.34493527700584387
0224-4.tif,0.2843067562891474,0.4267005209152369,0.2696374216892691,0.4526573487208433,0.49985768319980395
0224-6.tif,0.25703667195698693,0.6047542940688113,0.20814081377846255,0.4266908051702803,0.3355124370771092
0227-1.tif,0.4217136488340184,0.619433247019364,0.39544546338069125,0.33640980652099883,0.3614450575970094
0227-2.tif,0.2848448676215278,0.5914933924852954,0.21795813553293383,0.4693745466844882,0.3578244228029101
0227-3.tif,0.28250927777777746,0.6205530938266743,0.2024961668093154,0.43548322071954165,0.36398464816663734
0227-4.tif,0.3609153452116749,0.5366766083795126,0.32618972100088245,0.3524016054130186,0.4114159951261067
0227-6.tif,0.36077698206852893,0.6063688165218729,0.308895137678583,0.3307278792234623,0.3548301911284185
0228-1.tif,0.33982345323228413,0.628720728937025,0.2852337438362312,0.4000032131201542,0.3408854257905186
0228-2.tif,0.41501884658698723,0.5675202598074898,0.38984105880165426,0.33940625677896186,0.3727145025068207
0228-3.tif,0.2726263452708906,0.5961509167139283,0.19618913751574302,0.42799315327198834,0.36400159710966795
0228-4.tif,0.3775131398631967,0.49861120130042247,0.36026221043278933,0.3608731765582083,0.4212882068487883
0228-6.tif,0.2792452823591818,0.620130548194343,0.19630059999133048,0.3170819348726716,0.3151557820256613
0229-1.tif,0.27523350550964104,0.5850241689874549,0.19447599177722463,0.34918423710579194,0.45668598131314736
0229-2.tif,0.3472964229983924,0.5758308319026773,0.2953480373300525,0.39931205118710505,0.4035820667791874
0229-3.tif,0.35339748971685686,0.6230227414630255,0.29787656396882956,0.3371844390344594,0.3971753792116843
0229-4.tif,0.28210051374716444,0.46015676335063566,0.22720730729186317,0.3818853467139744,0.5129019486627445
0229-6.tif,0.2713820294784579,0.6166472435609482,0.19943075576512764,0.42664429203274434,0.35856547648841336
0230-1.tif,0.176,0.6297013027759296,0.088439074996581,0.40575439448926937,0.3385164059177711
0230-2.tif,0.176,0.573446691639421,0.1061237160618969,0.5452555588098598,0.37072004762615923
0230-3.tif,0.176,0.6010846635771029,0.08927772799419999,0.5192588060033057,0.3635965756873954
0230-4.tif,0.2801131939690852,0.49691728151662756,0.26059075544728055,0.44914374274468055,0.4326179037911888
0230-6.tif,0.28099999999999986,0.5927706141879263,0.1948894563083074,0.35866439976658027,0.3640706212394693
0231-1.tif,0.3454418230237467,0.6190569096945617,0.2984457292404591,0.34957290810944264,0.3596905005727342
0231-2.tif,0.40674284318848225,0.6016634478635219,0.3858019626160313,0.35020456675712436,0.346421134387979
0231-3.tif,0.2528819444444443,0.6036590328876406,0.1733553071771477,0.35817754583704065,0.37616542622551974
0231-4.tif,0.3963661779120825,0.529509688046601,0.3886807678521765,0.3726421411639455,0.41338364154483037
0231-6.tif,0.30250374149659826,0.6118319779642967,0.22401951360397665,0.29872484635859436,0.33823320695575554
0232-1.tif,0.40112881405376966,0.5944028964974718,0.36869595912184994,0.3364911841374125,0.3834358528121539
0232-2.tif,0.3662982383258732,0.6153615389632356,0.3220942056053764,0.33634176605108496,0.3324230553968032
0232-3.tif,0.3206648888888888,0.5933704261916549,0.2423514498471839,0.3493291070694753,0.38757069375060726
0232-4.tif,0.4137543402777775,0.5993909784191421,0.40202534437891696,0.3514484990243263,0.3340800941387632
0232-6.tif,0.33889388020833244,0.5890011290438127,0.2576123557497541,0.3770482756499562,0.367568192378348
0233-1.tif,0.176,0.5926584277491204,0.09091017326610101,0.4384476529817653,0.39136823618654853
0233-2.tif,0.176,0.5889433290100032,0.10136052951312403,0.4282088922824807,0.3634807461705378
0233-3.tif,0.288073293270231,0.5905786767523823,0.24163824810210605,0.41735666540540733,0.38916923430515454
0233-4.tif,0.176,0.5948821149667858,0.10015622011103516,0.5109486386038447,0.34829224601879694
0233-6.tif,0.2532448646691146,0.619434678867856,0.19725066813767034,0.4206772452378456,0.3272573835021006
0234-1.tif,0.32,0.605895538427125,0.28965358495639454,0.42182114829556594,0.36543240793762116
0234-2.tif,0.24656743091699632,0.6118663691955533,0.1911444046813696,0.4840244822976746,0.33838244668549056
0234-3.tif,0.176,0.5510996001126769,0.09510928741149187,0.44530182600538437,0.4330058038836909
0234-4.tif,0.176,0.42506870081727516,0.12117153979864209,0.5013678950356425,0.524859640346694
0234-6.tif,0.3485824353947538,0.6226095956492177,0.29608297609610046,0.38110647936001635,0.32373175060964465
0235-1.tif,0.28849999999999987,0.5420491502059172,0.21825244419196888,0.3675390127351516,0.45816262326949825
0235-2.tif,0.350222145061728,0.5752311212088802,0.2757143935275796,0.2698303296957211,0.3830533635575782
0235-3.tif,0.49825705341854204,0.5516149048900683,0.4949189279369425,0.27159243078979434,0.41914496758783915
0235-4.tif,0.44875179091237083,0.3943360466899703,0.4723189573827244,0.3472573751597808,0.5461590917928774
0235-6.tif,0.31561555555555554,0.6105855214195293,0.24922481289107223,0.4035275779418496,0.33825145647395316
0236-1.tif,0.2456606972870866,0.6195963125011968,0.18378213021011525,0.47802318830017243,0.35488304483918137
0236-2.tif,0.176,0.5633704083584643,0.107083881523406,0.5061804035669245,0.3812021901378653
0236-3.tif,0.25100277777777763,0.5971514411203913,0.17020680651317271,0.3563519269146495,0.3651776788104585
0236-4.tif,0.24883276930395315,0.49177400504958957,0.2200357599616954,0.5118124644027248,0.43311967112319544
0236-6.tif,0.271778255208333,0.5900305436821062,0.18846854254375828,0.375431982333233,0.35830342776548973
0237-1.tif,0.3194950621734669,0.6269014697223223,0.29132259166933205,0.4241499686756928,0.33090755222717655
0237-2.tif,0.28849999999999976,0.6185870422999763,0.20911836994341493,0.3801690205067908,0.32121748806731276
0237-3.tif,0.3790840277777777,0.6154743467441177,0.29197570194849765,0.23530350050672547,0.3438358087507515
0237-4.tif,0.4022237497995601,0.5536926528699071,0.39515487234858415,0.36693588663952853,0.3640102735244509
0237-6.tif,0.3811584050194669,0.6065801322118526,0.3404459215818588,0.3217850414891727,0.3378242922515713
0238-1.tif,0.34339850431643504,0.6214347682210031,0.29494056254033935,0.40172907205006086,0.3564192120857738
0238-2.tif,0.2707354166666665,0.5811994000642975,0.21298734624418797,0.4759170811909644,0.35374149598252475
0238-3.tif,0.27816968336483805,0.6242806119190186,0.19523079584805264,0.4447103129994131,0.35710311578537773
0238-4.tif,0.26935589192708304,0.5261489827965846,0.21853219215537234,0.49745056377949515,0.40447346077037755
0238-6.tif,0.4272871724624288,0.6003864324227898,0.3974674380375725,0.3180174023177631,0.3585987599590167
0239-1.tif,0.27102852527006127,0.6427782112272051,0.18474686066902496,0.44208658072928414,0.30431451667307924
0239-2.tif,0.2762627222222219,0.5676279521057699,0.19699151921185404,0.3796550199536746,0.3876011387896951
0239-3.tif,0.27802953777777745,0.6224386265078248,0.19125159375579698,0.31733542864503067,0.3285600864414806
0239-4.tif,0.41714999813868814,0.5927628007078745,0.3940501149052393,0.340283106268279,0.34622737500696527
0239-6.tif,0.3791716565971166,0.6023141169391396,0.3393714108008364,0.3368880354317268,0.3378662910993619
0240-1.tif,0.26779780329141434,0.605578980040567,0.21317597727999893,0.416834264696369,0.36245304023671215
0240-2.tif,0.2734999999999997,0.6052706937658983,0.20444123543446427,0.3292263989184633,0.339370808211102
0240-3.tif,0.31855017361111077,0.634922061382651,0.24602145477795068,0.2794520019832262,0.3262286981683648
0240-4.tif,0.27283029344702925,0.5256583744521097,0.2458947376108177,0.4441082578646917,0.4126230549464827
0240-6.tif,0.3420129500379975,0.6410042311916349,0.28509125984127615,0.3884852119628863,0.2916712597991159
0241-1.tif,0.4118732853690541,0.6123980325791493,0.37978405836860185,0.33433611679202746,0.3483718890315194
0241-2.tif,0.37047232901969507,0.5837063994981518,0.3341907637167663,0.34665669724192705,0.3582607182308062
0241-3.tif,0.2727256369165015,0.6397136739261857,0.18760718184498087,0.46466386522593983,0.3090410850389256
0241-4.tif,0.41989125395985005,0.5874532549027932,0.4057529562090468,0.3465229917528088,0.34129204655284984
0241-6.tif,0.4251094466382799,0.6044976581443523,0.39501529881783193,0.32296771930291673,0.33862268303550386
0242-1.tif,0.176,0.5958550512932591,0.09631930711809508,0.5193128788729663,0.3942841536519461
0242-2.tif,0.176,0.5316184052137382,0.11262012761902289,0.5693161818563848,0.4100420828884069
0242-3.tif,0.176,0.6120139906642207,0.09600845736561221,0.5029839819437346,0.3528102148121794
0242-4.tif,0.2970323654487843,0.3983939409493,0.2998367251530618,0.46647794952796945,0.5330779186064999
0242-6.tif,0.176,0.5835172716632315,0.09376037008636352,0.4313369362826564,0.37126934607209766
0243-1.tif,0.37777937382616855,0.5991942834106565,0.35188988339087307,0.3640809235793488,0.4033456332356148
0243-2.tif,0.3702818198337633,0.5052357278919235,0.3552279349620638,0.37699173898442834,0.45828218793683395
0243-3.tif,0.3077376736111108,0.6083988332699575,0.23447118043125798,0.39631176615253033,0.37462165600331837
0243-4.tif,0.23975000000000002,0.48558558209723446,0.18654123531448377,0.5146977646731115,0.45521015667087444
0243-6.tif,0.2996949759945121,0.5779621542081933,0.22690170562101453,0.45294265190069993,0.37209011922878366
0244-1.tif,0.42545397805212487,0.6384511697414748,0.39652070213529433,0.33242730246578395,0.33931124690686376
0244-2.tif,0.2872131928697398,0.5872563171886213,0.21246799736304475,0.3611708521040967,0.3653954019614638
0244-3.tif,0.4106011923028785,0.574073835410579,0.374441852467599,0.32624509476263513,0.41366268037877363
0244-4.tif,0.38519809699186475,0.5837535640357399,0.3542353480017697,0.34420024240853386,0.356865195415246
0244-6.tif,0.30528290462018065,0.5928408725389163,0.22162797037570175,0.3203380899697774,0.3603374219453137
0245-1.tif,0.39014086414306437,0.6086438787043968,0.34263353364980836,0.3199500221897999,0.41626539948864894
0245-2.tif,0.43017122888440634,0.610731539922839,0.40901131487112485,0.33145838935779376,0.3642590260164562
0245-3.tif,0.40512789621923606,0.5581104035344518,0.3668615607580782,0.32028629967699707,0.48242679087956075
0245-4.tif,0.38736689734380264,0.6017007891757029,0.34504851801175596,0.3212448506501608,0.375491936922717
0245-6.tif,0.2846538676215278,0.5421367585744388,0.2092176971352811,0.3703533976545148,0.4545375855992089
0246-1.tif,0.3095607608030053,0.608476215743577,0.2722658093296292,0.41916981928809677,0.4187185208640848
0246-2.tif,0.310128510944389,0.5966484449373647,0.28637535494816035,0.4327161018659753,0.3742451206055853
0246-3.tif,0.27591108499702294,0.6141459200443363,0.22102053216406592,0.4135413906266875,0.3896663876118892
0246-4.tif,0.32,0.5768510260256158,0.30222661356186864,0.435141654097125,0.3869683821655622
0246-6.tif,0.2872540555555553,0.6120958566699911,0.2027610773070614,0.3070026233666021,0.3519965924282563
0247-1.tif,0.176,0.6053630629645467,0.08776989485097318,0.47709992630655684,0.3523091527086062
0247-2.tif,0.176,0.5786473047359154,0.10448351830379324,0.49471204283389825,0.3563867968786046
0247-3.tif,0.176,0.5129255626122857,0.09891821977492996,0.47218966022823095,0.4537972158669118
0247-4.tif,0.26676831706811566,0.42383408271591877,0.25589195255065944,0.46380061180950516,0.4919414123012551
0247-6.tif,0.24725277777777777,0.6151921635358623,0.18209863630661094,0.486107650900498,0.3183861117075024
0248-1.tif,0.176,0.5570917072393271,0.10014082407196027,0.41620996852259157,0.39580385492640624
0248-2.tif,0.3034999999999999,0.5977482814350151,0.23638908758517682,0.3115574697469951,0.33137006960725623
0248-3.tif,0.176,0.5977016581280887,0.09458109650192632,0.49202997141125493,0.3550593126469841
0248-4.tif,0.176,0.4178166135332259,0.13167716174351848,0.5375717998458325,0.5018294820578747
0248-6.tif,0.27053805555555394,0.6012800227203047,0.1953159417181131,0.40830769225843416,0.33999246126816657
0249-1.tif,0.3287761101569001,0.6325682701508344,0.2651057103959602,0.40450747165362005,0.3184914753378848
0249-2.tif,0.371354676363412,0.5557915217178384,0.3483995123466719,0.36765560501664774,0.3903685046316037
0249-3.tif,0.28861736111111097,0.6020994763247504,0.21809408052199053,0.4533167169559987,0.35056117545276394
0249-4.tif,0.176,0.5165092397794644,0.11348927480985663,0.5557912561103717,0.4049223709884405
0249-6.tif,0.3110763888888886,0.6119774289038451,0.2329238016318858,0.288627915833226,0.3295033951138674
0250-1.tif,0.3851408986517066,0.6072943491840318,0.34580942457736297,0.3267365903591359,0.41498585178502745
0250-2.tif,0.29864036395103444,0.6461991363654529,0.20921743991387415,0.28433207077886113,0.32805087799454974
0250-3.tif,0.30188397962322133,0.6146316051848258,0.2142140331214368,0.2870663086207195,0.4114381667805852
0250-4.tif,0.4256191203125691,0.5574158425288338,0.40468037540137924,0.3160073684300978,0.4205968187963804
0250-6.tif,0.31234535416666553,0.6029727019576249,0.22811569868166662,0.2889047257650052,0.3841121880636466
0251-1.tif,0.3965137962558798,0.586928176946083,0.35357029922991523,0.32855474638874843,0.36835671701888417
0251-2.tif,0.2539860525267078,0.6211891881888565,0.1937210979955719,0.4154233840192109,0.3067579510413527
0251-3.tif,0.26978402777777777,0.5882746324181578,0.18700166828568965,0.32021718247614495,0.36026326830588523
0251-4.tif,0.33725277777777773,0.5854827363932267,0.2653819548170906,0.2754594208589023,0.3376938324801775
0251-6.tif,0.3122815538194441,0.6078130878179576,0.23256172022154775,0.3657447070692608,0.3262155451206963
0252-1.tif,0.29723827922572754,0.6441682271007323,0.20913419845414688,0.44183247408695464,0.3157189658941123
0252-2.tif,0.3037079526486507,0.6347570013635063,0.21877528509817598,0.2911552266417841,0.3058225210957279
0252-3.tif,0.4536884401089469,0.6244014191860472,0.4181307033717861,0.29369190148655555,0.3446188520194126
0252-4.tif,0.3104784259918507,0.5825225480492283,0.23203664875529995,0.31069216266290267,0.36998952374801364
0252-6.tif,0.3112798300107077,0.6036997558867717,0.2299370894106907,0.3361705507737175,0.3459596104047408
0254-1.tif,0.39277907678338037,0.6070060137516015,0.34806513439345227,0.32382385856063645,0.44653819782724047
0254-2.tif,0.4013595072213722,0.5975875938246598,0.3692700258950157,0.3387630608585542,0.39574498310798895
0254-3.tif,0.295072048611111,0.6313061663787138,0.20602827232400905,0.44042387590381726,0.3484604369177341
0254-4.tif,0.417123397261008,0.5646682641965661,0.40811197874161637,0.35694781770657935,0.3760107055671012
0254-6.tif,0.41141760911599645,0.6118708543717425,0.3647522349262526,0.3020037259248763,0.35053248313243357
0255-1.tif,0.4854612414809786,0.5702100199943084,0.4392338784833769,0.2506286620886922,0.4020475093887834
0255-2.tif,0.25849999999999973,0.6069115288806246,0.1885812840963273,0.34444217967280655,0.325818390377377
0255-3.tif,0.176,0.5943163885916477,0.08689320737355034,0.4485608025324672,0.36399779866195037
0255-4.tif,0.3187013642591619,0.5799632480249103,0.3093591684819583,0.44439551459087107,0.3345330627824905
0255-6.tif,0.25849999999999984,0.6231947909231619,0.17442557323118552,0.45170368155713236,0.3122787167615431
0256-1.tif,0.4308684658239521,0.6074812013141647,0.4083476014973112,0.3231604256493861,0.35956884258297084
0256-2.tif,0.4236539059376442,0.5742727133050793,0.39540486268369424,0.3070086023923195,0.37971280415935615
0256-3.tif,0.2855813888888885,0.5501955862513412,0.21070359420170964,0.36007326524576283,0.43106577998315176
0256-4.tif,0.344775,0.5487545302716748,0.2892137405463679,0.36691277089549373,0.3794199435411154
0256-6.tif,0.41254981553819425,0.5753849850466962,0.33544991654839995,0.2527963627730431,0.37381224105291433
0262-1.tif,0.3179775650865321,0.6270816167430721,0.27793709200298955,0.4115797012132112,0.31041569141571623
0262-2.tif,0.176,0.5996138768006666,0.09656906781852767,0.5090577117597078,0.3239279549006265
0262-3.tif,0.2734999999999997,0.6166349175809365,0.1861156302866062,0.3895650936539809,0.32399270596459767
0262-4.tif,0.27774508205226733,0.5687289214821374,0.2437183853722039,0.43413467411002266,0.3600241090857894
0262-6.tif,0.25100861111111084,0.5981900056516145,0.17092016652446457,0.3567461201041987,0.3377414061364456
0263-1.tif,0.176,0.6148538701751206,0.08696348166304958,0.41762641270908757,0.35245197833116526
0263-2.tif,0.35869068754263117,0.5994778149649329,0.3131860633392049,0.3323581798598873,0.34098164667112385
0263-3.tif,0.44795519910161885,0.5860662396073859,0.42090182525365405,0.30263162497101287,0.38849962999718685
0263-4.tif,0.2588604648295886,0.5836115659589011,0.21450777266604454,0.4308151353972462,0.35084302417453844
0263-6.tif,0.2946120555555552,0.6263569927673236,0.20665768842460785,0.4359576238596804,0.3136901365265186
0265-1.tif,0.42522097311397405,0.5767150447886515,0.3890716651026605,0.31092232002375136,0.3985057686008364
0265-2.tif,0.46376531671584026,0.5783337945151925,0.4421707781811108,0.2981055756168218,0.37476506705138074
0265-3.tif,0.4527253285582245,0.6288319170035275,0.4280171237064343,0.3070421899489268,0.3327437481144448
0265-4.tif,0.35457997272475816,0.5563209142711653,0.31909207197103007,0.353531073901618,0.37784095022977504
0265-6.tif,0.38499526909722204,0.6117217163417514,0.3031614094498457,0.218295533707312,0.3283636779491596
0285-1.tif,0.520577165141661,0.5679021404706274,0.47138641096127537,0.22969309479429562,0.42078303054495675
0285-2.tif,0.32393765432098753,0.5499364664336007,0.26102743514235904,0.40728650247595666,0.39786727160903923
0285-3.tif,0.3999657613774099,0.607561621722826,0.3426634659172857,0.3409178989376894,0.37373679985428443
0285-4.tif,0.3699826841366783,0.5319842215016974,0.33342055003114446,0.3903408284669552,0.3979120714551934
0285-6.tif,0.36798325617283867,0.5991376520485471,0.30143560246832424,0.33147392131365455,0.3514970289143176
0286-1.tif,0.176,0.6489862343860929,0.08756043062988939,0.4023545748493485,0.2773355388470436
0286-2.tif,0.4275647603769924,0.6238461404514444,0.3736203644113939,0.26509628103328486,0.29931252574878986
0286-3.tif,0.28099999999999986,0.6055867542413051,0.1991186200765883,0.38399226366775485,0.33404230904569027
0286-4.tif,0.27349999999999997,0.6103310882495366,0.19400093247282899,0.3253576212943433,0.30792983997347134
0286-6.tif,0.176,0.5873938845197676,0.08649791773963897,0.473346373351513,0.3442632887330338
0287-1.tif,0.4147079359779834,0.5963837112979634,0.38555467008056266,0.3211397585635938,0.3584828154155762
0287-2.tif,0.28859999999999986,0.6144209032924492,0.21634212295700628,0.3158363880372288,0.3098151598919517
0287-3.tif,0.34099999999999997,0.5628811134307867,0.2681092808426767,0.30840598670055946,0.4044987721790231
0287-4.tif,0.176,0.5391501676752344,0.1071604881547095,0.4988152484684299,0.39169694770711794
0287-6.tif,0.41388660840307456,0.6343303442430489,0.3638814500434652,0.33351988686901995,0.2914502555931333
0288-1.tif,0.176,0.5673327546108242,0.09841915177678473,0.47289239894931223,0.39863236708400496
0288-2.tif,0.2959329874174659,0.5473314498299455,0.26835408551852075,0.43382807870951395,0.39749583838320435
0288-3.tif,0.176,0.5936555883888984,0.09735072696818785,0.4266242253144267,0.3673736283600212
0288-4.tif,0.176,0.4087959987051105,0.12947501484537688,0.4803620403965939,0.5163614494675518
0288-6.tif,0.314719597432234,0.6031129257238494,0.2853016058293798,0.42424125146814134,0.33646697429993083
0289-1.tif,0.3039901438357672,0.5885548074697109,0.27067590468387404,0.42467968113242666,0.36885223502675335
0289-2.tif,0.176,0.5668033853997878,0.1053244519481005,0.494069118176962,0.35933396848008126
0289-3.tif,0.31099999999999983,0.581797926955569,0.23974375236076612,0.31552539170253935,0.37048266468215413
0289-4.tif,0.31710167997747307,0.4276714587140227,0.3297732375817808,0.4687659860201294,0.48096778850955757
0289-6.tif,0.26107151262119926,0.5835625545092412,0.21092654851523418,0.4234786866829531,0.3415531210951938
0290-1.tif,0.3904902245579196,0.5542857337782046,0.3497823583412297,0.3101175755928816,0.4231014342494862
0290-2.tif,0.24274742631439128,0.6093208132291786,0.186843436432475,0.48485448232323225,0.32296526842559464
0290-3.tif,0.26856219135802434,0.5952891822621235,0.19150943510656337,0.33724504939068356,0.35941086852680937
0290-4.tif,0.2885,0.5763749117085516,0.22796010194225164,0.3187468548677467,0.34106255004243324
0290-6.tif,0.40306442939110043,0.5993492636061206,0.36777233279501553,0.322439990468971,0.3419065081345631
0291-1.tif,0.3859999999999997,0.6388052544649624,0.3013574951392463,0.22583957490275663,0.30617151044664453
0291-2.tif,0.176,0.5923067758794179,0.09796692451306074,0.5411748988732457,0.3308181267440526
0291-3.tif,0.42496789553784087,0.6156121793336542,0.40251488557303217,0.32530439269572553,0.3368585493821499
0291-4.tif,0.29778839300155646,0.5426797612982007,0.27321147471204726,0.43630577620803374,0.3970124370140918
0291-6.tif,0.38484201388888867,0.6058254578407153,0.3075461616094576,0.31054181254828517,0.3264016026520637
0299-1.tif,0.31504173059490675,0.6179997583524683,0.28545313712756354,0.4241101165202258,0.3198503180110503
0299-2.tif,0.3159035952311372,0.5897808731203246,0.2887859858601909,0.42610887602980185,0.32896344337535677
0299-3.tif,0.24126048778283,0.6056573225622639,0.18780373781219034,0.4881416737544097,0.32747755141704343
0299-4.tif,0.176,0.4260696010090021,0.13032291219032235,0.4540890089481683,0.4772608231128174
0299-6.tif,0.176,0.612370420097651,0.0889010282117663,0.4848683572192149,0.31145831016673553
0309-1.tif,0.41898690171897546,0.6151956740683425,0.3853151975964252,0.31788641269451395,0.3545678791938447
0309-2.tif,0.28651587987263216,0.5882567586314225,0.25026562119546886,0.4283508268798155,0.35290740384235825
0309-3.tif,0.176,0.5891171928347778,0.09595522805474735,0.4909222750082341,0.3828054645689919
0309-4.tif,0.28362715419501056,0.5879599136797797,0.22363524943060525,0.3320725258396604,0.33683143261899284
0309-6.tif,0.38842704328602273,0.6183635284564771,0.3400089289474224,0.30626796336073986,0.3277915762712855
0311-1.tif,0.3145400902623191,0.5893693227523837,0.2784476111617705,0.4176651509194797,0.3753847204049255
0311-2.tif,0.4339898518222113,0.6052389091370709,0.41267200962998857,0.3205061849951824,0.32882933633224964
0311-3.tif,0.2681167189988619,0.6075127493331639,0.21371032864498654,0.416548888804356,0.34758514719565253
0311-4.tif,0.176,0.4990959415148868,0.11999813748668314,0.5483258424797168,0.41593177483685667
0311-6.tif,0.4634832331541232,0.5975383913804312,0.4373271586050465,0.28780697955988344,0.3426704590631424
0312-1.tif,0.176,0.6311715367822655,0.09162350186102311,0.5163431792991279,0.3440046087609482
0312-2.tif,0.3939514754888633,0.5663170939797391,0.35974786107684664,0.30689556429407266,0.3813978352566526
0312-3.tif,0.4829074066961474,0.6017992714562133,0.4488647632053534,0.24168079230738657,0.3860714905170338
0312-4.tif,0.176,0.577443302837183,0.11334189351792479,0.5329036420280469,0.3650619002998018
0312-6.tif,0.2735210069444443,0.5964727986941523,0.20340140108298826,0.41773079189658513,0.35481472818490606
0313-1.tif,0.31973790941209823,0.6188222941955552,0.3007375888723335,0.43356653932505,0.3071896885243566
0313-2.tif,0.32599999999999973,0.5780201539682575,0.2556669072567866,0.2757783468178302,0.3471396792113372
0313-3.tif,0.29513877164216984,0.5617656492964074,0.2640910811565652,0.4305167380520824,0.3849672650084287
0313-4.tif,0.176,0.42054550365132726,0.13592492604158804,0.4624492137791719,0.4852580539764369
0313-6.tif,0.49085827480500666,0.6303372657106053,0.47359175666730696,0.2640539472055669,0.28829828429014004
0322-1.tif,0.4689858668015333,0.6221427678333011,0.41193204697927166,0.23622688496410804,0.32547345685964724
0322-2.tif,0.37310163387761863,0.5751140164060111,0.3439218537445222,0.38043181749712873,0.3564724386177629
0322-3.tif,0.3668828043760337,0.5831245767052653,0.32661278775609714,0.34154208053249274,0.3776144535152993
0322-4.tif,0.39245081210772703,0.47465361058625866,0.3803182843951908,0.3407893866099682,0.47255112172288155
0322-6.tif,0.3393798122086612,0.6337700222676899,0.2975466420202822,0.34353320096503065,0.28854938193026064
0324-1.tif,0.2511674841517416,0.642535895736844,0.19300747242337146,0.41946542379243007,0.3110816092585139
0324-2.tif,0.2685411444529119,0.5648426235845145,0.22415383858260568,0.4268462327463932,0.36955739717499797
0324-3.tif,0.176,0.5892014777540022,0.09164119994736677,0.4107216298094388,0.3806112506916063
0324-4.tif,0.176,0.5703316740974275,0.1096884074927888,0.4274747844991688,0.35144080687124285
0324-6.tif,0.176,0.6165796508749328,0.08920893514587791,0.4805238435577461,0.3238016863103482
0327-1.tif,0.303919640438615,0.5796138797823722,0.27149444535654926,0.42565783749355535,0.37277478595373226
0327-2.tif,0.39349999999999985,0.5794928982354943,0.31840358628544424,0.2513721435494045,0.35966339998031444
0327-3.tif,0.3953475309088293,0.6068487993063942,0.37000388981094956,0.34699631925278773,0.33792065449766173
0327-4.tif,0.3484999999999997,0.5801798490838219,0.2872734678041208,0.39835894901419105,0.3282926363554533
0327-6.tif,0.492524889383961,0.5770804715331537,0.46753219338734603,0.25634881730453285,0.36193280527847493
0358-1.tif,0.31325608940640925,0.5777143395426777,0.2779574976324401,0.418910155620776,0.3905415386865959
0358-2.tif,0.3195955450474757,0.5977325589308268,0.3022988854917364,0.4354118152744852,0.3274490781767389
0358-3.tif,0.27452868301381583,0.6106451337672629,0.23236244387645014,0.427106572839401,0.33727973564950786
0358-4.tif,0.176,0.5170304704089085,0.1192440652519964,0.4390185860395268,0.39670828273258063
0358-6.tif,0.24979579546475292,0.6311491968425158,0.19668636220623442,0.42494190584200875,0.2961421262287162
0363-1.tif,0.2935013888888881,0.6440228396533509,0.20978154135417965,0.44969346360482476,0.3056506605395212
0363-2.tif,0.4557829939760384,0.5446695377230748,0.42957685334965706,0.287645351864941,0.40194917201951746
0363-3.tif,0.42248963176112025,0.612315223489311,0.3757165605759744,0.2828806106953655,0.3347165569552703
0363-4.tif,0.4134736655029469,0.576263745673636,0.3814942096614514,0.30327141032049837,0.3479406535505638
0363-6.tif,0.4382968348902101,0.5947129948232195,0.39737909230145574,0.2885857863941645,0.34620412614483626
0368-1.tif,0.3987979709359236,0.6234017897544538,0.351730110558182,0.28619104124015393,0.3069472848784875
0368-2.tif,0.31589283854166633,0.6232641154776738,0.23217127173331237,0.26972251681301584,0.29811091929013867
0368-3.tif,0.3125058024691355,0.6294330349399169,0.23421561503930693,0.4062687001646555,0.2990435599266582
0368-4.tif,0.3140486002604165,0.533798807056491,0.24524435232577738,0.30325846180721505,0.38484732054103854
0368-6.tif,0.4808196986258869,0.6254510451205059,0.456002547438827,0.27017243132945634,0.29820212044582006
0369-1.tif,0.29350215419501036,0.5589737521757544,0.2076112739586868,0.36723779312835514,0.4898328740741677
0369-2.tif,0.4097858850423409,0.6078988796260041,0.3555330686646945,0.275481392308847,0.37378427192747765
0369-3.tif,0.2876233024691349,0.5592607775051007,0.20767524631248024,0.36251773303864177,0.42846956708280076
0369-4.tif,0.38150909629668983,0.6010156776258393,0.3412584087308059,0.32287589526924015,0.33229583021583814
0369-6.tif,0.48650238312545885,0.6144483650010115,0.4551888137344408,0.26387548513411024,0.35539766986280563
0374-1.tif,0.42661289839001104,0.6021377995769737,0.38950345426083355,0.29132342135475886,0.3502226229345664
0374-2.tif,0.31627555355663195,0.5842224733543797,0.2848383553368622,0.421368763644808,0.34473625765064225
0374-3.tif,0.38228402777777765,0.628524650447141,0.298550734985341,0.3745512931606759,0.30838197222436864
0374-4.tif,0.37099999999999966,0.5656391783247358,0.30553597533561294,0.38507169318591594,0.3576716774742529
0374-6.tif,0.37402052469135777,0.5865759860788106,0.3026886173315539,0.24325721550622165,0.34993183581973053
0383-1.tif,0.176,0.5694359213536623,0.11179022782715452,0.43203075176960576,0.3536115345877844
0383-2.tif,0.251,0.6098617539609718,0.1793898920163185,0.3543878861775524,0.31763291740202976
0383-3.tif,0.3556503239904216,0.5438868780877296,0.3328722732095598,0.37431422895820277,0.3904613227168901
0383-4.tif,0.27721107067737527,0.4301692663534775,0.2740630717483199,0.46778748296116796,0.47877903925368204
0383-6.tif,0.3097070928218987,0.598122189524432,0.2785937177025514,0.42437808936450605,0.3367259736140165
0384-1.tif,0.2791295138888889,0.6081163736344057,0.19666357503019183,0.31939448894835837,0.3488019379207277
0384-2.tif,0.49622593754861233,0.5757627518676234,0.455160466065034,0.21608682718469652,0.3496411967209024
0384-3.tif,0.33361404320987614,0.6232495406525829,0.25712233542405694,0.26717333800119125,0.32531250465698325
0384-4.tif,0.25627272788946054,0.5586115695903571,0.21598411530740003,0.4361683224207575,0.37622006936776803
0384-6.tif,0.3455640589569153,0.5993630972728624,0.26732229598715473,0.32377571792146875,0.33616839125955383
0386-1.tif,0.2870580833333334,0.6048686279338104,0.20514265642929896,0.38591277515259315,0.3599844350384106
0386-2.tif,0.176,0.5159615023272791,0.10188595032131664,0.45527055847190656,0.4263475517873405
0386-3.tif,0.2435,0.5862832356883568,0.1756078487892332,0.36816208908482,0.3638737796063086
0386-4.tif,0.3714916533916274,0.4242476875177403,0.36915036860391276,0.3781440902660841,0.4912058463138768
0386-6.tif,0.283919607204861,0.6066648583325629,0.2010081479427585,0.3188426339536782,0.3330433431103447
0387-1.tif,0.313229508255778,0.6169765476324094,0.27951391385802166,0.42083392063328107,0.34559229233215416
0387-2.tif,0.40768668586420753,0.6132367926314688,0.3662783146656322,0.34152662145770424,0.3171838753197969
0387-3.tif,0.3698467975043227,0.6156521662088509,0.3243328081824478,0.3330596661349706,0.340789718004684
0387-4.tif,0.2585,0.5422269015909256,0.18770477552312753,0.3521664953034274,0.39412183329746914
0387-6.tif,0.484535548982219,0.574425156352392,0.45232477351829187,0.2532550480124723,0.37617208058870866
0388-1.tif,0.176,0.6125798957328317,0.09773320557725933,0.5329480129193557,0.32759601010553463
0388-2.tif,0.26599999999999985,0.573231155008646,0.20334087314613597,0.4191017359469702,0.35396391893490725
0388-3.tif,0.176,0.5850638135636463,0.09829641688638252,0.4380464853390307,0.36106212307587465
0388-4.tif,0.2683792236333885,0.5430111420432848,0.23796388926736756,0.44178265523619664,0.3739971710731137
0388-6.tif,0.2712288580246904,0.6382634226845871,0.1974514764049528,0.3213146914826505,0.2843861450669208
0390-1.tif,0.29454989441175927,0.5778105809685334,0.2633152445538001,0.4306922769705175,0.3654206598772539
0390-2.tif,0.2660015624999997,0.5207012884307054,0.18955003981130314,0.3783960739379207,0.42679181828945606
0390-3.tif,0.176,0.5493079903735244,0.10220030621123721,0.44918982372502864,0.3945639459843631
0390-4.tif,0.299719480349262,0.3974473821008836,0.29809586916889036,0.46030788099785913,0.5180776306633865
0390-6.tif,0.176,0.5895246557533865,0.0887557288708011,0.5337081433030084,0.3502083763809821
0391-1.tif,0.4130755334486733,0.6084766878329958,0.3274055557966263,0.30391020937243163,0.3466763664734411
0391-2.tif,0.3634999999999998,0.5887878818483607,0.29623389802737,0.35980758650823824,0.3463586489919274
0391-3.tif,0.27349999999999997,0.6216767406518793,0.18655174568485444,0.32396837772429327,0.32221999438214094
0391-4.tif,0.3743488969318056,0.5831964482280938,0.34668192653276464,0.3607229237236261,0.3550582857885888
0391-6.tif,0.3276378279320979,0.6026473709363668,0.24662382497011157,0.3542301112978423,0.32884336405508224
0392-1.tif,0.293548302469135,0.6127676846664779,0.20990917572396817,0.3162700031409111,0.3526601523857155
0392-2.tif,0.4259523059744654,0.5543827881949671,0.41112011303842366,0.3327636065278488,0.39022980534398544
0392-3.tif,0.27349999999999974,0.6039411610571129,0.18811903116789264,0.40698552529909965,0.36250866725059916
0392-4.tif,0.4579768856492165,0.49611955179572026,0.46320468695553335,0.33051141605052364,0.42658356540366826
0392-6.tif,0.44179615708446274,0.5912527422998328,0.4216013026696934,0.31141174139296174,0.3515262168976516
0393-1.tif,0.31877753143414084,0.5903048945931814,0.3016043037205515,0.43671455357007954,0.3698751940291473
0393-2.tif,0.30725069444444447,0.5836102231038178,0.24219783411685863,0.3832263664225919,0.3626942607088122
0393-3.tif,0.5184102442004855,0.6106247893344754,0.5063603127313219,0.24677432592762794,0.3551222786257712
0393-4.tif,0.2564199576502795,0.40656972006485453,0.24452545242341472,0.46705102821644934,0.5168423845482087
0393-6.tif,0.40920442439921,0.6045898399940498,0.3773548948674239,0.300380450810241,0.34000128750602954
0394-1.tif,0.44787135531444694,0.5911402926093302,0.4166318312860646,0.2915479096173725,0.36868626681267436
0394-2.tif,0.29610385802469075,0.5838694163867248,0.22421785896908547,0.30507708052346116,0.3441713863783915
0394-3.tif,0.39491879232176164,0.6274938417740124,0.34323196351808904,0.34883997216094137,0.32329863979331325
0394-4.tif,0.176,0.5736663822012995,0.09507981777367656,0.47090924589655586,0.3651986673936627
0394-6.tif,0.4262968854851711,0.5876680678780621,0.39192832587706167,0.30157295470859924,0.3516404729619264
0395-1.tif,0.176,0.6444347592552819,0.08808521714604084,0.40237782507651654,0.2797904553171503
0395-2.tif,0.2659999999999997,0.6114179689103001,0.19078920177625575,0.41020914064662695,0.31428800622103215
0395-3.tif,0.25375540282664766,0.6244790849943407,0.19680636981888353,0.4193007254506677,0.309920304142703
0395-4.tif,0.3193317635861972,0.60303530941011,0.3017140050747659,0.4350016351371698,0.3075106506041001
0395-6.tif,0.3978540396966433,0.5978974623291767,0.3502179109825152,0.3383691570782355,0.33553012024777124
0396-1.tif,0.176,0.6041630854339005,0.09533805918596536,0.4219484410116157,0.3736779485751807
0396-2.tif,0.176,0.6266462504198336,0.10131988846230101,0.41722259580330395,0.3062633679721987
0396-3.tif,0.29103401645024773,0.5778953912494271,0.2571731853435628,0.4296341370715802,0.40387743335335957
0396-4.tif,0.176,0.5173009348411725,0.12336155242195633,0.4407636867851946,0.40407856065290837
0396-6.tif,0.176,0.6141654452564219,0.09046811743340656,0.40490073583665426,0.330709274096404
0398-1.tif,0.176,0.6097174070195538,0.09832798561833939,0.5093774591091776,0.3491035934055116
0398-2.tif,0.176,0.5418547095459676,0.10706807142572025,0.4732344663982612,0.4056423148043289
0398-3.tif,0.24349999999999983,0.6450001930980831,0.16681216242492186,0.4932293195995526,0.2997483213345739
0398-4.tif,0.3184762242928618,0.49571188317458365,0.31946194273281847,0.45569949585734043,0.4292589292569684
0398-6.tif,0.2735173611111108,0.5864837586071849,0.20117181838031062,0.45742177053459865,0.3613443593840094
0399-1.tif,0.176,0.5539687280563831,0.11164783863979658,0.51038202843623,0.3857417005826492
0399-2.tif,0.3958025051809715,0.5888473472324665,0.38054797313851,0.35628647999290286,0.33756849706545977
0399-3.tif,0.2990770964248779,0.5067551372056402,0.2721130353369807,0.4335492990991377,0.44717868441717196
0399-4.tif,0.176,0.431027749132536,0.1427604612913715,0.46768196418803665,0.4786289080612156
0399-6.tif,0.41752100694444444,0.5988352583915845,0.3936939188651941,0.3339823630331788,0.3394288917435627
0400-1.tif,0.30087517217630777,0.6155610451414459,0.2191372662884185,0.29318026808334247,0.36445035659884095
0400-2.tif,0.2860057098765431,0.6256220812303509,0.20690035839550774,0.3092764552539513,0.3091313395579922
0400-3.tif,0.41877021415921034,0.6176836455417672,0.36978318008108424,0.2719602677403754,0.33564349709444263
0400-4.tif,0.32179941666666656,0.5767113737412395,0.24859784557752895,0.37664914102049185,0.36110015810329055
0400-6.tif,0.3179277085256992,0.5902516709635158,0.24090773424250525,0.3581548149451646,0.35234807130402407
0403-1.tif,0.26100663580246886,0.5592107288647747,0.17437178275208476,0.3839096439700573,0.39640995313435345
0403-2.tif,0.36350625000000003,0.6247548087862971,0.2888459660444164,0.23682263739675957,0.29820389641839146
0403-3.tif,0.4399245639731612,0.6195928285543539,0.4111872597920989,0.3087477661709447,0.3149349543334751
0403-4.tif,0.2756544753086415,0.6390537334151271,0.19436117268899253,0.45568828126842936,0.27641229021837915
0403-6.tif,0.3356395061728388,0.60051554052135,0.26211132892191,0.27240829311708814,0.3219621559443427
0405-1.tif,0.28099999999999986,0.643518885370786,0.20000086156240532,0.45133362220907575,0.30844784053810986
0405-2.tif,0.36990505107396804,0.5648903658716214,0.32393715351806557,0.3154324742814843,0.3634544555961456
0405-3.tif,0.43939858790036007,0.5937189118945887,0.4187030941642788,0.3133302251640038,0.372269030141757
0405-4.tif,0.29975624999999995,0.42688580371970936,0.25617741349146844,0.3700621928237303,0.5219953617201172
0405-6.tif,0.445439330849856,0.5950832766150462,0.409363477828255,0.28362686289487127,0.35284488411649206
0408-1.tif,0.30843918365314865,0.5597921639014042,0.28903933531778153,0.43785413575774074,0.3840616081111175
0408-2.tif,0.176,0.5769953144832551,0.10484908184721678,0.5147455333742573,0.34969977647149747
0408-3.tif,0.27349999999999997,0.6121053434258437,0.19774914269394217,0.4713981849227327,0.316214599186555
0408-4.tif,0.31755281413491643,0.45073899485614954,0.32558958798981685,0.4635586769891476,0.4592767626054749
0408-6.tif,0.31047468185988736,0.5952929515733859,0.27878990833752326,0.4234020486198161,0.33921161519433934
0410-1.tif,0.176,0.5901213045098204,0.09210937054953619,0.4763269562168403,0.37370153443604637
0410-2.tif,0.30875432098765354,0.6313266080269883,0.2323552370731936,0.2897616243614387,0.29797009948638636
0410-3.tif,0.41535847316542795,0.6264651022581429,0.36077693417859596,0.26885841526305965,0.3216505867263665
0410-4.tif,0.2587797206851864,0.5862365600155994,0.22047157176925306,0.4373261321252847,0.33694007911978346
0410-6.tif,0.3914948561718454,0.6441663595467999,0.3437571438318312,0.29448851656450065,0.2796193503054886
0411-1.tif,0.176,0.617420207349422,0.08990285406136976,0.5342335676233675,0.3209044658335243
0411-2.tif,0.3803299690962248,0.5651377934134474,0.3549035940943893,0.3612023547248662,0.3723410155001095
0411-3.tif,0.3111265624999997,0.6171325133387633,0.23113956481806167,0.4232664202358349,0.31291467147383967
0411-4.tif,0.28849999999999976,0.5394955391780979,0.22713951480540945,0.4669312042194383,0.3729629601572848
0411-6.tif,0.39195532877998857,0.6000782104842721,0.34916947792700787,0.3027290206659012,0.32752202854427337
0412-1.tif,0.176,0.5935637617088675,0.09417360351327966,0.5207098248911344,0.3547554972226397
0412-2.tif,0.40357604166666644,0.6231930320675672,0.33437326642107573,0.2064605913969858,0.3018406336242511
0412-3.tif,0.4722776678226085,0.6130294785789282,0.4525578720677267,0.2758259232761905,0.32860923796826036
0412-4.tif,0.3710027777777778,0.5142372408128256,0.32196326562788796,0.26306779886387127,0.4016540829258036
0412-6.tif,0.34513234953703614,0.5830919710200585,0.2684423411215599,0.36504854281227966,0.35956395138930564
0413-1.tif,0.37939506261816397,0.6169794702806367,0.32729438042113784,0.3070788875734901,0.3476066880649011
0413-2.tif,0.4371035475425245,0.5687391905688611,0.4088837238112307,0.3060663309666333,0.3768750086100288
0413-3.tif,0.38996398157703543,0.5934726554235489,0.3481456629687838,0.31204136169838587,0.3721755350219137
0413-4.tif,0.2585399691358016,0.5537768118592867,0.18757211824560982,0.3560801763460402,0.3837878826365102
0413-6.tif,0.3555138085399442,0.6211702206748371,0.2771000152291486,0.2419008532710524,0.32039111452163826
0418-1.tif,0.36465354938271566,0.614757662380601,0.2887648106369032,0.3468286952401554,0.3443089363219969
0418-2.tif,0.4897304224991599,0.6198019603769904,0.4766848722345753,0.27591941070395076,0.3084875204149538
0418-3.tif,0.44665639511289246,0.5971079410161213,0.409165080559085,0.26837880813874654,0.35962224801519455
0418-4.tif,0.4684176642754394,0.5705393401588665,0.4403471927205105,0.2602346237919495,0.3647843497628101
0418-6.tif,0.4504585641823679,0.6133165434774175,0.41794875373182233,0.2632069575181595,0.32571100777783024
0425-1.tif,0.26599999999999985,0.6219580798054577,0.18892418268686056,0.3385717678314989,0.3099031434342652
0425-2.tif,0.176,0.5963059148830657,0.10335277828328396,0.42128675431185714,0.3191631042025827
0425-3.tif,0.43252934027777756,0.5834481739649847,0.41388775403236544,0.32514082985652365,0.3593720585410832
0425-4.tif,0.2622515624999997,0.4179853681474705,0.22733628450902035,0.4496718393143831,0.48870744689579526
0425-6.tif,0.46340200638285695,0.5726087222488384,0.42373295861062765,0.26684319769312975,0.36842852917007696
0429-1.tif,0.4262905256456879,0.5727060447648353,0.3872607424177892,0.30406322975928884,0.4237941677772954
0429-2.tif,0.36074747589362016,0.6036453406488801,0.3205318702263846,0.3396121167202706,0.353570879381072
0429-3.tif,0.28924157483930113,0.6439778774046563,0.20489557730429023,0.439105724483828,0.35045333225406966
0429-4.tif,0.4286045479123327,0.5560701727836747,0.41347441119802775,0.3345087892206083,0.4084574515751062
0429-6.tif,0.4815451004404384,0.6226595344267423,0.45090211162696786,0.26350408418483173,0.344044408865504
0430-1.tif,0.27250887563247117,0.6167598400196217,0.22266884949004973,0.4194418723364995,0.31965480702423255
0430-2.tif,0.2509999999999997,0.4722819978062777,0.18628079809046302,0.35840030744951307,0.43761652717180105
0430-3.tif,0.2510158950617281,0.5556693584367965,0.1648286402426731,0.4593995508612892,0.37855841090965103
0430-4.tif,0.176,0.3962675270270191,0.14251556204659138,0.5274797450738393,0.5136291609242017
0430-6.tif,0.43526312600509204,0.5460766746284388,0.4163520257231798,0.3250336635273034,0.3621281752632914
0431-1.tif,0.26483028918391827,0.6170242209905759,0.21783874157289723,0.42643822471899206,0.37461978023676734
0431-2.tif,0.3267335069444442,0.6001088016148906,0.2522161999716389,0.36055427127794165,0.35469507791142946
0431-3.tif,0.27042220942204864,0.4315897343325976,0.2723747563108417,0.4760047108101996,0.472003001481592
0431-4.tif,0.32,0.6208349804500046,0.34034522942121925,0.4756373466237894,0.2990224045471734
0431-6.tif,0.3352248333333331,0.6071242267064568,0.2538553932452024,0.3661627761457107,0.3532113244021939
0432-1.tif,0.33183164142527366,0.6559083059018872,0.27290916260336,0.4023297966372786,0.30311096760408984
0432-2.tif,0.4152968343896505,0.5337375502774055,0.4001560287069277,0.3506530510282354,0.4199970707495171
0432-3.tif,0.35967315256024035,0.6319637665761403,0.3054623317666423,0.3816897476951457,0.318079152811941
0432-4.tif,0.2778150226757366,0.5644244370344367,0.20352793057010604,0.35919924662898967,0.37737391336843756
0432-6.tif,0.3689874877640257,0.6025081554523589,0.31606782498083097,0.32283744207489407,0.3342190474690356
0476-1.tif,0.2710263888888886,0.6271891347790743,0.19044524315343114,0.43083272005034334,0.31643276723024283
0476-2.tif,0.4266569444444443,0.6353735451305281,0.4014332804837169,0.3272486203801958,0.28801020104792185
0476-3.tif,0.37731461795781407,0.6064067774519509,0.3342337716641206,0.3370114423251272,0.34503214481688704
0476-4.tif,0.4156010127930078,0.6059573082872256,0.4022455528844896,0.3491436839261521,0.3106748612430212
0476-6.tif,0.29022689506172755,0.611049330916422,0.20882550738655442,0.420286166549132,0.3253957313321107
0477-1.tif,0.176,0.6225548993127247,0.0905395562353947,0.48994442878318517,0.31288200922562226
0477-2.tif,0.3185,0.5341576538233104,0.24787555621442936,0.3516033117657009,0.4246971093781232
0477-3.tif,0.27349999999999974,0.6162480037981394,0.19444327300600373,0.3319160955840666,0.34728157618892497
0477-4.tif,0.31099999999999983,0.5205681583309385,0.25021643407614264,0.31485256205510137,0.4093295752244055
0477-6.tif,0.40232719591479993,0.6128150531551423,0.3578326896164351,0.3044839257891403,0.326218461513413
0479-1.tif,0.176,0.6454343566199089,0.08714911040567293,0.4047509158659462,0.29954846150964953
0479-2.tif,0.176,0.5889346733328472,0.09087169259393413,0.49439592180730607,0.3449992062276071
0479-3.tif,0.28664318576388875,0.6417328069466074,0.20305275926772853,0.44328369457278316,0.3073750487631353
0479-4.tif,0.2659999999999997,0.5560460456687671,0.19868472231542922,0.41846516230647957,0.37962170340496343
0479-6.tif,0.39544108724096355,0.6111430626660463,0.355279118019807,0.2892259536898473,0.31759223838866246
0481-1.tif,0.27974931520061697,0.6107962691321986,0.19831328114020808,0.30971119993975826,0.34037786205479303
0481-2.tif,0.36056723178473893,0.5875403278910631,0.31064911681135904,0.3245009578284324,0.33963333592371603
0481-3.tif,0.28276946252893403,0.6194659230735112,0.20278203954332732,0.31182810382126797,0.3217431626090137
0481-4.tif,0.2814672499999999,0.5576842880261358,0.21368773478199454,0.37759864468905735,0.3736830035759038
0481-6.tif,0.42244880965003967,0.6028975918341624,0.39448652255096983,0.319886494914083,0.32833341303534114
0482-1.tif,0.31258610555941047,0.6098962265938386,0.2825677073555769,0.4248132601509375,0.3369895162768743
0482-2.tif,0.176,0.6011201604920186,0.10302312121157077,0.5508602713243594,0.31176316713827645
0482-3.tif,0.176,0.6141502320247975,0.09370847048817513,0.4228717804552407,0.33220594203230913
0482-4.tif,0.176,0.49372168648525433,0.12307310818464548,0.5408727676303376,0.43005293894086283
0482-6.tif,0.41305974416212954,0.5951828841005862,0.3829668198804828,0.33070892335536134,0.34720165047684126
0485-1.tif,0.3960690462210211,0.6220684965450275,0.3670877893108856,0.350466987877691,0.3353596637460198
0485-2.tif,0.28954919379310756,0.5595361123794195,0.26229080945627786,0.43693230158976987,0.3861063377577672
0485-3.tif,0.25849999999999984,0.6105261513940701,0.179030624043353,0.42652413777896764,0.3538842952310942
0485-4.tif,0.2934219695651542,0.531872745332448,0.2722741487969105,0.441990522899845,0.41135399009012974
0485-6.tif,0.42675848419194107,0.5952388565578582,0.39536598520299954,0.31318569229778986,0.3546731699530226
0507-1.tif,0.38362752267573674,0.6055542623138759,0.2990420411704504,0.24804216476306537,0.3440689395063153
0507-2.tif,0.34308993055555526,0.5823314296040658,0.27096319762277127,0.2750973104094926,0.34946119298575173
0507-3.tif,0.29877237654320965,0.6321388350019232,0.21474077021270382,0.2913654390251634,0.3080723834561858
0507-4.tif,0.3695288846704694,0.5970274259897832,0.32458213605247854,0.3283053905620645,0.33399346910964667
0507-6.tif,0.4043231374450694,0.6047506806833406,0.363000733589121,0.30639580412858247,0.3262057981134119
0510-1.tif,0.2932759259259249,0.5947886546125669,0.21229216434342696,0.3432712298044796,0.38501327067921626
0510-2.tif,0.29868580246913523,0.5405041333705455,0.22445947294746882,0.32095523561599393,0.41424259558371956
0510-3.tif,0.4147018047546975,0.6356279573330511,0.35892448531950716,0.32160417404908925,0.32856681245820873
0510-4.tif,0.176,0.6079066064266494,0.09961409546147411,0.4169124606447225,0.3236122304209738
0510-6.tif,0.3768930555555555,0.6351823647083683,0.29826332372260805,0.22680070049915443,0.3066074300914951
0519-1.tif,0.4344826750323564,0.6268174608967291,0.40742534509281775,0.318287599758955,0.34189078275998597
0519-2.tif,0.4258875561387097,0.61427960289442,0.4022088465757704,0.3274898195274548,0.327330916501657
0519-3.tif,0.2814393062463947,0.6108664441789357,0.19997928824148523,0.4112825886023088,0.3542322400594255
0519-4.tif,0.28500722445418275,0.5752182526671065,0.2150552549817089,0.407378671240225,0.3705499172725349
0519-6.tif,0.285582384570133,0.6187253647664664,0.19723718977015847,0.42274415807057947,0.3303833865891159
0520-1.tif,0.4550203872193309,0.5649542635692697,0.4174008997139471,0.27171960959433594,0.4072556750904813
0520-2.tif,0.3185015624999999,0.6192535418455908,0.24613443521597972,0.2957126008504699,0.311049840083327
0520-3.tif,0.34837920524691285,0.6318301899896727,0.27230316457123854,0.2517727520154635,0.308974406904229
0520-4.tif,0.4341215864061555,0.5610753976003603,0.4120043454367196,0.2938433981359966,0.369421109005615
0520-6.tif,0.36755715874565953,0.6214870407577904,0.2937450410461869,0.23640279700490666,0.3103416906578682
0522-1.tif,0.39492091430114096,0.6112023377772183,0.3464932161281349,0.30057627965445816,0.3679286051188642
0522-2.tif,0.3025553004535136,0.5960137782847023,0.2192334733078929,0.3535713769930353,0.3529621949432753
0522-3.tif,0.45019509164856336,0.5824252813084604,0.4287122796008181,0.3038187399325862,0.3805432939153693
0522-4.tif,0.4427544183645118,0.5254359190403924,0.4378665410371299,0.3245601467714537,0.4070460850175738
0522-6.tif,0.33295665509259165,0.5796888376108396,0.2541970058622789,0.3492858298999398,0.3740263537429731
0524-1.tif,0.176,0.6333755393952238,0.0877087009939987,0.5440833462026937,0.30251345403236035
0524-2.tif,0.176,0.5754717492128774,0.1030221429729469,0.523393221878428,0.34875445956792794
0524-3.tif,0.176,0.6276438436375077,0.09376853187853217,0.41372057189298206,0.308479771510069
0524-4.tif,0.176,0.5120701747879853,0.11755838298291506,0.436274611514647,0.39500895414074666
0524-6.tif,0.4035956280839419,0.5437300847835576,0.3781885536080153,0.3206623308125406,0.4022923967691166
0525-1.tif,0.4417685011017514,0.5967644735907338,0.41754321370954217,0.3050887621143103,0.3546601923114539
0525-2.tif,0.3297543402777778,0.5662760232853454,0.25588708816197125,0.3865270410210557,0.35663667598281623
0525-3.tif,0.33118935185185105,0.6270162251584241,0.25669778988464864,0.26510097853511766,0.30982215427225757
0525-4.tif,0.28849999999999987,0.4881822373578758,0.23961161434443154,0.4387863748918853,0.4289670622908849
0525-6.tif,0.33954635416666645,0.6057100665021495,0.25571965034289135,0.2706081425080248,0.3270244031766854
0527-1.tif,0.40566729849081745,0.6232539948044854,0.35535549489007195,0.29773263000334915,0.32012397622475847
0527-2.tif,0.3263835069444443,0.6039643943072673,0.2469577657814422,0.3594462045698038,0.3310732093351303
0527-3.tif,0.3663738412693367,0.6174907503660791,0.31973933018067835,0.32248356742025563,0.33258559562812123
0527-4.tif,0.2885348958333332,0.5687899835154127,0.22657521376655382,0.45458714884036583,0.3535274082464821
0527-6.tif,0.47765360815303387,0.610850224749083,0.4432917689007562,0.26340188000950676,0.32331539400045933
0528-1.tif,0.35984184027777766,0.611814592642114,0.28270215702039164,0.32806283257722196,0.35239849831216796
0528-2.tif,0.3260060763888886,0.6163175067750963,0.24807851388184946,0.36534024252376585,0.31407800880895265
0528-3.tif,0.49187654107963963,0.6062642208899461,0.4483377271981317,0.2260125288388332,0.3536587691455747
0528-4.tif,0.40691483626946884,0.45415414844514357,0.38043407640375015,0.36904845055137714,0.47867925678592016
0528-6.tif,0.45318196782810016,0.5935075626630943,0.424846148037076,0.2905466107291039,0.35227367604001375
0530-1.tif,0.36050331726354434,0.6247360279660866,0.2824196641090094,0.24955561150157876,0.4064758897497335
0530-2.tif,0.3663175582990388,0.6358926731409078,0.28092387253092355,0.3537745721285842,0.3469769493378197
0530-3.tif,0.548073268175583,0.5054189636442259,0.3429489082528554,0.33012570413332104,0.46715623823019964
0530-4.tif,0.45925153119154766,0.5804255414512873,0.4321962282455809,0.28598268959819806,0.4177501830005123
0530-6.tif,0.4728391911113821,0.6256975416205379,0.4364356786778113,0.2699740546403461,0.32184294158090204
0534-1.tif,0.27570083971088327,0.6375671768787785,0.19184939529970133,0.4321135666147547,0.30602020617798115
0534-2.tif,0.3829136781603307,0.6149809812842449,0.3340388672535806,0.3178118208607372,0.31965918417665273
0534-3.tif,0.37730612157582044,0.5962036078319926,0.3283308757944089,0.31780440389984616,0.35646500041736584
0534-4.tif,0.40515708195363725,0.6015677937234648,0.38198325419733314,0.342186270332425,0.3347816810834017
0534-6.tif,0.31026278696051396,0.6001835398179461,0.2308863481124489,0.4169992427943442,0.3322037294576424
0535-1.tif,0.4728406767784028,0.6086340064594412,0.4221592949033026,0.24423911705921153,0.3316655296500343
0535-2.tif,0.26606947470588616,0.5751693077900174,0.22718550430755008,0.4336319225878857,0.34594152377896814
0535-3.tif,0.2789050471677976,0.5833721431828963,0.2389725567910282,0.4274999613696446,0.3572882671740382
0535-4.tif,0.176,0.48321127064663383,0.11843841643829954,0.49622175527987744,0.4339801354096319
0535-6.tif,0.176,0.6189434873727416,0.08846737209341488,0.5465990768019409,0.3028551161886338
0538-1.tif,0.32908714814814716,0.6011705569248188,0.2442401041460234,0.27451605931447437,0.3527876859357447
0538-2.tif,0.4304861324620545,0.5958448165937789,0.3904225414298833,0.28905759974465484,0.33781849591580126
0538-3.tif,0.3188091242283951,0.5784575319655259,0.23781801045128367,0.31346313250522345,0.377646897511827
0538-4.tif,0.2585013888888877,0.5800436885911416,0.19295189000051588,0.3535375204156117,0.33594602916475835
0538-6.tif,0.4236471908197781,0.6237891275140806,0.39285110331776385,0.32444542468903786,0.3070209479455795
0539-1.tif,0.27349999999999997,0.6058572888022795,0.1909082591715179,0.34765566469052567,0.34313922523897805
0539-2.tif,0.24349999999999983,0.6039770378033792,0.17085282892221332,0.35873054842173624,0.32237047561737164
0539-3.tif,0.4046753458193757,0.6170299671564835,0.373258145190305,0.34303690612297166,0.324602735836014
0539-4.tif,0.176,0.5527962733752035,0.10237446979862588,0.44245155116242746,0.38324601393901153
0539-6.tif,0.3112963888888887,0.5735206900208396,0.2289805223017497,0.32647243094184575,0.36939696526685317
0540-1.tif,0.176,0.6181404301851645,0.09087837907880783,0.5381593794111877,0.337676083410607
0540-2.tif,0.2417296550781458,0.6058542605662978,0.19142046006966273,0.49125451695303,0.3255515664754481
0540-3.tif,0.176,0.6223515828239905,0.09068711389872874,0.41462557891115137,0.3307795200894614
0540-4.tif,0.2767997816097755,0.5187013308586841,0.2519058583254666,0.4445481218820296,0.4211550556601389
0540-6.tif,0.176,0.5909501714407418,0.09683230301593274,0.4272023703090682,0.35355784012316843
0541-1.tif,0.442563950921253,0.5975343515899078,0.413603033918129,0.3027359063168153,0.36719185844186064
0541-2.tif,0.4478899602438849,0.5360699427236627,0.4194882344585397,0.2864376409596363,0.41681264915546157
0541-3.tif,0.3080434999999998,0.5883833549021995,0.22992466711900988,0.4212037136190739,0.3759843840876981
0541-4.tif,0.3351752777777776,0.532595732465968,0.2819812938322085,0.4210234043877038,0.39728766116133113
0541-6.tif,0.31098381542699655,0.6274314598510742,0.2278843635269797,0.4036449732735975,0.30935126692524095
0547-1.tif,0.37674680848503694,0.6206385403167195,0.3235107249262365,0.32337075299465623,0.3227344964905765
0547-2.tif,0.386506614212312,0.6107229163871633,0.3464327718769751,0.3718558914903414,0.31511829743450065
0547-3.tif,0.3560374888948815,0.5583477627192702,0.32007342816885054,0.35992216196033,0.38173127884117203
0547-4.tif,0.32,0.4388499558657928,0.3294957283652592,0.46415108826406826,0.4625017039745186
0547-6.tif,0.2697527777777778,0.6180830762925429,0.1858094512868767,0.3246290394599773,0.3100795971447028
0548-1.tif,0.5056817638022846,0.611975216881592,0.4779949918387263,0.24564594594671085,0.3880097012556658
0548-2.tif,0.5094927449506033,0.5348358258620237,0.5027374714944445,0.2584448454207701,0.43229286993089533
0548-3.tif,0.48754306686297794,0.6328220576718084,0.43619773078525914,0.21124524098215924,0.3520045605978675
0548-4.tif,0.49127986102986043,0.5343799808966598,0.47375709561996593,0.2470881487795793,0.41590553784017337
0548-6.tif,0.5548123631439053,0.604373221685652,0.5377531711147288,0.21558625538825585,0.35989625396330316
0549-1.tif,0.251,0.6281610698934936,0.16945363830711163,0.4628435758752942,0.30477586598530093
0549-2.tif,0.523313569933011,0.5922438596659775,0.4669943571174081,0.2052882686303921,0.32674913915591625
0549-3.tif,0.443743912262652,0.6037834241499209,0.40136006941257163,0.27945233397560953,0.34141337736570354
0549-4.tif,0.426966639762527,0.6208421379313631,0.4027166377385234,0.3314549175483901,0.30054901608418677
0549-6.tif,0.4007093754367434,0.62847748596717,0.33977142458167836,0.3540932370279783,0.2853566604054603
0550-1.tif,0.176,0.5690260017775838,0.09480415021060254,0.4454664952056452,0.3977576518957925
0550-2.tif,0.25798071915430937,0.6014653523565288,0.21842307370770503,0.43633534471824276,0.3241546996502425
0550-3.tif,0.176,0.6152463402562214,0.09884039848602251,0.41431087416220386,0.32464182280598525
0550-4.tif,0.176,0.393292002751788,0.13078361814759434,0.48321024058669515,0.529072547555213
0550-6.tif,0.2510062499999997,0.6282278778575073,0.17449725511737782,0.33839901278991563,0.2950481751990643
0556-1.tif,0.176,0.5967434290951453,0.08703542831732353,0.4495315524806541,0.3631531635495073
0556-2.tif,0.4235,0.6334667180483011,0.3492958374242673,0.3243340549816323,0.2940937634692231
0556-3.tif,0.33734184027777747,0.619944367395899,0.2599628698229713,0.2549200559694749,0.324776017536741
0556-4.tif,0.3184999999999997,0.5548823511491552,0.24995655557786683,0.3701173662397641,0.37405566568021675
0556-6.tif,0.41112756695950986,0.578534664425884,0.381807320589965,0.3075500009440859,0.36287710841856036
0558-1.tif,0.32599999999999973,0.6048964436322561,0.24338745383091964,0.2904396580515353,0.3283100242189194
0558-2.tif,0.176,0.5847119208956097,0.09706302986080156,0.5358160003437756,0.3398939157686201
0558-3.tif,0.41339679119516703,0.5940551441467083,0.3827857110174315,0.3251255109112716,0.34467309957336817
0558-4.tif,0.3122328777560118,0.5398448206770756,0.3035707370829843,0.4475137992853772,0.38604980613194906
0558-6.tif,0.3700912289768008,0.6310586089405701,0.31767650769665723,0.36322175701829795,0.2841482445602913
0560-1.tif,0.457065124082336,0.6048237758484775,0.426907709973824,0.2962967463248514,0.36420467333105633
0560-2.tif,0.42941504462214247,0.5949264358451212,0.38888984742242755,0.27850147707902445,0.34038073185770934
0560-3.tif,0.32157324406292814,0.6173193603226456,0.23955705357490964,0.3612120250767433,0.34205991666570806
0560-4.tif,0.3192342004856045,0.5514628698193998,0.2412790146495534,0.3139182826748182,0.39527599414777176
0560-6.tif,0.3370623866213143,0.586582463351178,0.24666070511437563,0.33129350150307213,0.36693184098990805
0561-1.tif,0.29761809359996466,0.6128750378108179,0.20948777816653893,0.3082328299670426,0.36936097203721163
0561-2.tif,0.3644236622314057,0.6212693394581355,0.31688831901738834,0.3834585847491138,0.31582927686315204
0561-3.tif,0.3099335315845627,0.6392492041682607,0.2246258963820994,0.28628557579943253,0.3307526553362046
0561-4.tif,0.4304087248111635,0.5478923725708227,0.4069688789075575,0.320806647028624,0.4119059972825624
0561-6.tif,0.45794130057048477,0.6346522231040852,0.42756891895138693,0.29711183699907534,0.309640160033923
0562-1.tif,0.29809059138000454,0.5777976276172299,0.25154973318891877,0.4127796696096556,0.3814719846533581
0562-2.tif,0.2556991144873143,0.6074294876969272,0.2091944838275997,0.42962425786919545,0.3090829364374515
0562-3.tif,0.30349999999999966,0.651409787994839,0.21693121926764952,0.28401930820137705,0.27907871670214646
0562-4.tif,0.25738025360942096,0.5575566194257359,0.21657376282059887,0.4350811747628319,0.3671340465099783
0562-6.tif,0.5175506179470115,0.6085901665545407,0.49605203583090485,0.2344916651039965,0.3222572766080098
0564-1.tif,0.42501736111111116,0.6200198750740709,0.3997984532360732,0.32661703565571865,0.32678457698029095
0564-2.tif,0.3522123215737449,0.6344763234826736,0.3013161020493481,0.38455551031736734,0.2882867531865459
0564-3.tif,0.38244401844868886,0.6162233816819551,0.33799612877977026,0.317948031060212,0.327190984608953
0564-4.tif,0.28868024691357935,0.5568221813973402,0.2137909610705191,0.3634987776861622,0.3847596799729071
0564-6.tif,0.34382705555555526,0.6064056641371414,0.2711555756847007,0.26020735010295754,0.32073137576199084
0565-1.tif,0.176,0.610132089597731,0.09326319885925798,0.4182334697663598,0.34424045958741506
0565-2.tif,0.3335,0.6236482045629373,0.25820833926348663,0.3816376572566127,0.3065563786127241
0565-3.tif,0.26602608024691254,0.6039656352480741,0.18900427009895476,0.4078182592270756,0.3560698763890492
0565-4.tif,0.176,0.6034628775070253,0.09897530933900095,0.5398053788613559,0.33012957061657905
0565-6.tif,0.3256572808159722,0.6271005472113713,0.2515322454669285,0.280042715294304,0.3024122221828137
0566-1.tif,0.2735060185185181,0.6089560394454497,0.18809666480229592,0.4084035616392499,0.34020700732886167
0566-2.tif,0.41690806725880986,0.581965753470884,0.395759279210703,0.34095013533030205,0.350933497775087
0566-3.tif,0.44691390603566483,0.6434977917095949,0.4193655198609164,0.31097433969661165,0.28880087905462876
0566-4.tif,0.357233412267898,0.5507906785121537,0.3248739020092157,0.3554045058656658,0.368395150275581
0566-6.tif,0.4327659983747796,0.6161940032924996,0.4088322661666066,0.32296571235083665,0.31022705542478907
0567-1.tif,0.31821566092817555,0.6225411291685344,0.286626902249522,0.4209385823562662,0.32503473958370366
0567-2.tif,0.511170216008916,0.5949836667558819,0.4897297400128382,0.25152006381113506,0.33520310427995526
0567-3.tif,0.26124709039474436,0.5939568007280005,0.2078349559645301,0.420366442153919,0.3609581371265681
0567-4.tif,0.2815979166358983,0.5667633370707956,0.24877904693195674,0.43407857176445175,0.3677457773835982
0567-6.tif,0.48342040734608155,0.5836189336348838,0.4456956265675397,0.2406454719695617,0.3589759224757942
0568-1.tif,0.3878481772956785,0.5827681918262937,0.34544006319771,0.33019929059057407,0.3797162723246428
0568-2.tif,0.2983159580498854,0.58427606360284,0.22537548198032645,0.33192872240403437,0.3522209614884741
0568-3.tif,0.30933784722222185,0.6139244168034235,0.22768425462302927,0.3953531197296915,0.33972932582748017
0568-4.tif,0.24349999999999972,0.5510365591978701,0.185260319795214,0.4927651407696958,0.3654753822389651
0568-6.tif,0.27852965686274384,0.5788440265340825,0.19115736401203556,0.3802716301385959,0.3679078885163445
0570-1.tif,0.41120354697310296,0.62665038106078,0.3629415466588445,0.282041504649278,0.33707654775975043
0570-2.tif,0.4009999999999997,0.6032598507710093,0.33836193335731624,0.20852172180313489,0.3340943809461493
0570-3.tif,0.31844578096864573,0.618528992131751,0.28862500274859265,0.42293367529610776,0.3485947984703475
0570-4.tif,0.45947175514942057,0.5569819980895447,0.45806658703483444,0.31971904077048185,0.3665806790923587
0570-6.tif,0.39630293209876455,0.6211673465473609,0.32402500418839475,0.3090596828928987,0.3078939217983621
0571-1.tif,0.4359960122445896,0.6267998549644419,0.4118270078788439,0.3175745131186681,0.3159838820826347
0571-2.tif,0.42638582175925827,0.6164698037143722,0.40644156220124616,0.3299870815947059,0.3101422490285235
0571-3.tif,0.3911700640688063,0.6164963521504244,0.3482236884465467,0.3017202826832694,0.33037630778565635
0571-4.tif,0.26305955555555555,0.5574018478075866,0.20231791787487807,0.42144381665437836,0.3684280958398492
0571-6.tif,0.469021602387511,0.6409101130371708,0.4432088951973179,0.2860655283518487,0.28151225746522945
0573-1.tif,0.453755709876543,0.623152757783462,0.3719539324321148,0.307038575416787,0.3119673256664484
0573-2.tif,0.5494750654165815,0.6031210057434342,0.518568109204359,0.1880730544252152,0.32282125467923956
0573-3.tif,0.38326766493055525,0.6218867419490527,0.30614232404948427,0.22921443796636998,0.31265259165419446
0573-4.tif,0.46786441950847,0.5809846509749823,0.43479068657984005,0.30031671544640914,0.3328972536581843
0573-6.tif,0.4398237075617283,0.6025593118977541,0.36048759222800253,0.29682011470519193,0.3222493888953936
0575-1.tif,0.3168309930063995,0.6304080148889528,0.28161449446124387,0.4173804206330032,0.3079568534809207
0575-2.tif,0.419003191124242,0.5516360628436549,0.40121026370510793,0.33024118971284994,0.38748065794126013
0575-3.tif,0.176,0.6107630974339829,0.0871606262018172,0.4562224785079942,0.3310946918625944
0575-4.tif,0.176,0.5772590242806811,0.10902158983946794,0.42638585947690366,0.3432004400625937
0575-6.tif,0.3700069691032036,0.6284079276759418,0.3249556834106015,0.327101398806713,0.29423559336395155
0577-1.tif,0.3028532552083333,0.6327709296498282,0.22582174489718787,0.44695693580736223,0.3041619738147393
0577-2.tif,0.3746570405583547,0.6027379858145917,0.3341602178621007,0.32919735156817254,0.32856429377839885
0577-3.tif,0.4283203129990936,0.638542485777039,0.4079731534396537,0.32637816021140514,0.30343183413054714
0577-4.tif,0.2785487654320983,0.5805481925618751,0.21540219030110594,0.46552029969931474,0.3354246627834122
0577-6.tif,0.4515223006568889,0.5830498767040178,0.42436606496368795,0.29673595696011396,0.36006971739577465
0578-1.tif,0.4054634871441678,0.5886893119591845,0.3283992915292493,0.2260113012095312,0.36667806316810875
0578-2.tif,0.4660727210858062,0.6016839489255282,0.40455648785693504,0.2833792442221244,0.3336039176517951
0578-3.tif,0.4899735338363397,0.5823635386296654,0.4492150751354334,0.23612973262305792,0.37976963198721914
0578-4.tif,0.44658346082899303,0.5923762541280175,0.36266633001422255,0.24460004805520438,0.3444063283594587
0578-6.tif,0.4348585501970389,0.5786016577488153,0.3507894444063725,0.228345156613184,0.3675729834880878
0580-1.tif,0.3932904575708573,0.6291678639902679,0.336078479646179,0.34915529203907464,0.3254696562759507
0580-2.tif,0.45477047680531585,0.5847580417912367,0.42623237062506825,0.2828841303960341,0.35542234357814684
0580-3.tif,0.34569494598765377,0.6292123222475489,0.2656784356950793,0.34843550778810584,0.3208519360907565
0580-4.tif,0.29308705555555437,0.575602353594229,0.23009890923983578,0.41774794809644034,0.3575666837162639
0580-6.tif,0.3148784613715275,0.5964478971859236,0.22881911378889852,0.31093331044840306,0.35090494543339457
0582-1.tif,0.36930094144463954,0.6411832299174438,0.31957482166009943,0.32060458124689895,0.29837218595396203
0582-2.tif,0.395,0.6165138168229796,0.3669051236531362,0.3481709975134822,0.31123670369852324
0582-3.tif,0.44999013829331425,0.6219358279899001,0.4004542410589121,0.2610400524909744,0.3292298206401713
0582-4.tif,0.44387937864004845,0.5697896168765276,0.4383205777919815,0.326748896662168,0.34885917795935867
0582-6.tif,0.4116390391008474,0.5836388478215926,0.3755825052038304,0.31978641384757794,0.3610965706567505
0585-1.tif,0.176,0.6139455371224775,0.08856102160373824,0.4177999853736222,0.3748735196814744
0585-2.tif,0.48212253670321104,0.6090081415589133,0.4422577172110172,0.23176729501475252,0.3332872586654185
0585-3.tif,0.26337762430101147,0.619881803823032,0.21005776964181805,0.41980152453578495,0.35143001562824455
0585-4.tif,0.27835173943633373,0.5597079134535514,0.24634708898605406,0.4363034581914235,0.38723560835416465
0585-6.tif,0.39567910879629536,0.6325004698007706,0.32187343675222374,0.3607671618299084,0.3056002550504313
0592-1.tif,0.3853038036599571,0.5782290208798364,0.35079260139606566,0.3485151471328457,0.3644042887679562
0592-2.tif,0.3727322612448117,0.5836469462141198,0.33130573442408395,0.3311890322061139,0.34064306046625487
0592-3.tif,0.4505473765432095,0.608546941707045,0.4332582471281753,0.31465197760415364,0.31876509606959125
0592-4.tif,0.31903668637259575,0.4640551879394194,0.32724377415344347,0.46304922533746024,0.4312729653194039
0592-6.tif,0.4235257136141198,0.6196498786335173,0.3679019574974199,0.2642505158565455,0.304220724426335
0598-1.tif,0.176,0.6464612945207496,0.09145582742689523,0.5500224429170977,0.30746833396051587
0598-2.tif,0.3166746229951913,0.599436842907272,0.2906499250463581,0.4272537388641727,0.33898333114895285
0598-3.tif,0.3195722430304203,0.6101616678291095,0.2914438031122404,0.4241778230103341,0.34918743905363536
0598-4.tif,0.176,0.4904930045268793,0.1130857513081201,0.46742491951682485,0.4579357753529656
0598-6.tif,0.290432421875,0.6345414472264188,0.21340983631925786,0.31278292470109126,0.2982635313027948
0599-1.tif,0.176,0.5386222222895979,0.10000404019866455,0.43127757023384194,0.40287836852829684
0599-2.tif,0.176,0.4965532671287975,0.09658784494623579,0.522121469492951,0.4233698531605232
0599-3.tif,0.176,0.45421624181444376,0.11689379958346073,0.43348342487203,0.45879491822843715
0599-4.tif,0.2766178851647398,0.4216364149554204,0.2809413576109552,0.4760924901712701,0.4848440398474068
0599-6.tif,0.30350277777777745,0.5296127355491006,0.22843785668226568,0.4033375983451392,0.3988262036506441
0600-1.tif,0.4347680815407053,0.595713615858079,0.407041833786586,0.3014348470248209,0.36802886294257925
0600-2.tif,0.2901573888888889,0.5791040703072625,0.21455206363360418,0.3467153195629654,0.3715566018133198
0600-3.tif,0.34099999999999997,0.6215027685354326,0.266980194870208,0.35085920765378387,0.3288293989255915
0600-4.tif,0.3010921296296288,0.5451583360819112,0.23968924655726742,0.31553980479307714,0.3813611959500635
0600-6.tif,0.43694697395286547,0.6282964487292272,0.4064115839771644,0.3048198621800554,0.3009369337833659
0602-1.tif,0.49595464081032425,0.5773889644974107,0.45531729799757453,0.25189770054253413,0.3900973800626863
0602-2.tif,0.24349999999999972,0.6127030346643955,0.16663850177701414,0.45395052580718204,0.31562831031617944
0602-3.tif,0.28237702113895713,0.5795006610074063,0.23650919930518546,0.4199433795556704,0.3852186300542717
0602-4.tif,0.176,0.5278375737339442,0.11366288984190752,0.43949704037643933,0.3962248062474296
0602-6.tif,0.37010847127369895,0.5914887804784055,0.3448131678586943,0.36233186571956755,0.3512406762092086
0603-1.tif,0.176,0.6117414056578034,0.09083647863350894,0.41149806775804554,0.32733091351412197
0603-2.tif,0.286831131503436,0.5214357436756913,0.2567432396309195,0.434861698322719,0.4292837309147756
0603-3.tif,0.31463399690430716,0.5997061823744636,0.2890895423733791,0.42876201011266474,0.3415909821444608
0603-4.tif,0.2724637506344764,0.42252140829178475,0.2653268903979387,0.4655408067308997,0.48903717528831636
0603-6.tif,0.3098053504218667,0.5934917876760774,0.2783514936843401,0.4239866116284022,0.3428234276407482
0604-1.tif,0.26599999999999985,0.6273713824807414,0.17961172860990282,0.3311266387398142,0.31912470520367847
0604-2.tif,0.26729606481481416,0.5658572047476863,0.19230838040053194,0.4250756880548905,0.3601763372558354
0604-3.tif,0.3259643029709435,0.6111220523245845,0.2841855932522658,0.37668253698107584,0.3315146084677042
0604-4.tif,0.3843211606018225,0.46567536214403854,0.38114808229163133,0.38538398355770187,0.4676520907560424
0604-6.tif,0.3694362114132282,0.6272527326140312,0.31606738263462514,0.3213636108802276,0.30166703090277464
0606-1.tif,0.31274741653551974,0.6078593225840454,0.2776572646045107,0.419184810317618,0.3411036136043383
0606-2.tif,0.176,0.581965577172836,0.0957743706540006,0.4925440727766914,0.3438039262425466
0606-3.tif,0.32,0.6144299991596927,0.2910024954594557,0.4227858035832686,0.32896514311512864
0606-4.tif,0.176,0.5294292882821104,0.11663648173102986,0.44052635101747883,0.38276591776612784
0606-6.tif,0.176,0.5574593108192192,0.08677261985705645,0.4814675083144638,0.3946026090877142
0607-1.tif,0.176,0.594031818968063,0.08755052529742974,0.42619367801631536,0.35230760085446583
0607-2.tif,0.31813852464706416,0.5748783350515284,0.29942099193528005,0.4343059182721576,0.35091933586991203
0607-3.tif,0.4296301407142613,0.6249049385687784,0.40457704707093944,0.3262293693035954,0.3052553222201596
0607-4.tif,0.24349999999999983,0.4787471579809528,0.19450388531224566,0.41125361548484607,0.44173315737954194
0607-6.tif,0.34536830941258667,0.5940227551479003,0.28454453536183355,0.3841484453526,0.34002524098191894
0609-1.tif,0.176,0.6196556644081963,0.09566987957638955,0.5105739476829056,0.32866428766944666
0609-2.tif,0.28889161775122246,0.5858016203153736,0.25548988784262633,0.4303827613647179,0.35189767423123347
0609-3.tif,0.176,0.5971878717835511,0.10563892951475141,0.5142107827030072,0.3464360175389593
0609-4.tif,0.176,0.5210592011377069,0.11359260692302345,0.4771541496088472,0.41315641838802936
0609-6.tif,0.3680008293908842,0.5652666851865837,0.3285836191424765,0.35102833680070383,0.3818693056910935
0612-1.tif,0.176,0.5973238054814873,0.09009692569619962,0.40866110864099714,0.3542913085146412
0612-2.tif,0.25849999999999984,0.5811345678785472,0.18147883960427705,0.37417130034577595,0.3571902857325487
0612-3.tif,0.3189303478996105,0.6472956289304208,0.28618115860061527,0.4190411703551161,0.2832582194669633
0612-4.tif,0.176,0.441072931347163,0.11724384656640816,0.47482002988946925,0.4878867006052551
0612-6.tif,0.3167070930580387,0.611548962151832,0.28701891008046787,0.42297673452259466,0.31441177722574265
0704-1.tif,0.5374999999999999,0.6005904947113259,0.5158809820374056,0.22601018906050993,0.3365719493943774
0704-2.tif,0.3886262722455966,0.5646459978948495,0.3544878767609829,0.3376722760787,0.3699561667276388
0704-3.tif,0.4774999999999998,0.5811293975937588,0.45545798167278595,0.27543268411386174,0.36360272480992306
0704-4.tif,0.4072408506394933,0.39938724307491835,0.41818084306322684,0.37355751676690185,0.5168320603345177
0704-6.tif,0.30806335601173696,0.5893092498619322,0.26714414349713095,0.414440171607489,0.3489166258323303
0705-1.tif,0.176,0.5634365578503866,0.10132712212345693,0.461566001460479,0.42591240837694544
0705-2.tif,0.176,0.513508688322929,0.09661974789765086,0.5036221192706347,0.4112946844207272
0705-3.tif,0.29025150925028687,0.44427691467583036,0.2522835578653771,0.42519273719304496,0.5094148209747932
0705-4.tif,0.176,0.4185675494074097,0.12756515644835584,0.5598802154327825,0.49672604177053126
0705-6.tif,0.176,0.5639549109611202,0.09314784063753227,0.4102685161538757,0.36245121384554435
0706-1.tif,0.3120529742942408,0.6113526257337911,0.27781308187701487,0.4209578986173292,0.3759771089252173
0706-2.tif,0.31594703485447045,0.595785053316324,0.29207641063027073,0.43003904852729985,0.3583859147233469
0706-3.tif,0.301818478496834,0.5832747813000401,0.2672869136081254,0.4247494463743195,0.4104062924395261
0706-4.tif,0.2554531150044336,0.5559684146105874,0.22422424161036317,0.4466141968506126,0.3863966091821693
0706-6.tif,0.176,0.6172056207856618,0.09568830467209824,0.5407269095831498,0.33343894162237625
0707-1.tif,0.2804533958333332,0.5701424519080907,0.18519074267652325,0.356390663663893,0.3864657753975127
0707-2.tif,0.4325794610977945,0.5360045952376135,0.39267885719313966,0.28904577884051164,0.3954950028212954
0707-3.tif,0.42294634682806526,0.5898179344880501,0.37657327664097867,0.30516813885911154,0.3587937167237184
0707-4.tif,0.4161816463367033,0.5291405069504234,0.3955555102571218,0.33796341242339695,0.38680481329612004
0707-6.tif,0.4796943664465105,0.5598768121539283,0.42578386400979096,0.22231013749534853,0.3712738281871277
0709-1.tif,0.31713563828188435,0.6153855510715636,0.28496643813483635,0.42070716918527984,0.3335466659794566
0709-2.tif,0.176,0.5986229084786359,0.10430941104441985,0.5478819876266182,0.32370424950469284
0709-3.tif,0.176,0.6271617454299172,0.09923832924912915,0.4159482254229145,0.31203836603833407
0709-4.tif,0.176,0.48499219864392684,0.11926156877740195,0.5268881684074329,0.44039451622770986
0709-6.tif,0.28379922839506133,0.5955478776153562,0.2034785860698577,0.3317653032690982,0.3477491884809867
0710-1.tif,0.176,0.6072079153030782,0.09031454343151026,0.48605717803840276,0.33816802588226547
0710-2.tif,0.3171434191803074,0.6042788029343014,0.2888971642170676,0.42442129892594277,0.32316966974460626
0710-3.tif,0.517867815986691,0.6509382097625165,0.48865318247991096,0.2497841386412194,0.2753831503862857
0710-4.tif,0.176,0.5868578743158258,0.10526161674617526,0.550587615963269,0.33015765869595953
0710-6.tif,0.2963994020061721,0.6125817411872982,0.2211093185057797,0.4029909831815994,0.31531478607445834
0717-1.tif,0.44253103774898583,0.6189021408400305,0.41008089552415705,0.30742976855241677,0.3409599488077433
0717-2.tif,0.4137685662091112,0.5776490438220078,0.3671726011032026,0.28703488515448405,0.35554376142999716
0717-3.tif,0.3535070894344087,0.6082960814427701,0.29544337139368804,0.32732500459662517,0.35790833290541385
0717-4.tif,0.40194770185347384,0.5624278206879707,0.37037252811550175,0.33314006419962006,0.39235011516514673
0717-6.tif,0.4260277291964486,0.6107787409211758,0.3732383606474133,0.2696936255291829,0.3329418669053206
0718-1.tif,0.176,0.5556249154863384,0.09500123184130702,0.46233238985010094,0.3974654927360597
0718-2.tif,0.176,0.584831939649518,0.10507587313580809,0.5470897013876768,0.33928714035828395
0718-3.tif,0.2810520895499165,0.5871072281055438,0.23867450100647775,0.4241326634279829,0.36541283870117636
0718-4.tif,0.29430022969385095,0.4535785662434036,0.2867810032398346,0.4562267391515432,0.4766774044164763
0718-6.tif,0.3948402626034654,0.6169370746710832,0.36743990072586963,0.34887029230702793,0.3099364415657386
0894-1.tif,0.4225959124634981,0.6037217339294783,0.39304454647037174,0.317599067771473,0.37164196206480565
0894-2.tif,0.40593655859627326,0.5804499937236156,0.36580479123630577,0.3046515627611045,0.3767234638272905
0894-3.tif,0.4349287421596195,0.6033461241747675,0.40596169875393195,0.3088574460791496,0.3769644549322302
0894-4.tif,0.405727919991004,0.5433784293509777,0.38164403292349725,0.3182838285183527,0.40336726631278014
0894-6.tif,0.29723957231040465,0.6293333550979802,0.21771958192447594,0.4305381073031335,0.3140642115401048
0895-1.tif,0.5009000166937063,0.6273219526191401,0.4658566150217672,0.2231377419736186,0.38006440801369623
0895-2.tif,0.5658137692966484,0.5825114140353835,0.5458876384454133,0.20157995731998352,0.3802090739380097
0895-3.tif,0.5595601466642224,0.5966309668188831,0.5288620778005709,0.20361871577478013,0.40724704969154435
0895-4.tif,0.4653085066749473,0.5917058163968048,0.43124323215051397,0.24944912104317682,0.3669648161001891
0895-6.tif,0.39511589506172756,0.6243052556075604,0.32983102104526196,0.34143474643798977,0.3245391188894642
0901-1.tif,0.41333969706909734,0.5914815548781417,0.3816626207775915,0.33333379692526544,0.39587820724956624
0901-2.tif,0.2847562499999997,0.6061997775792216,0.19933167545702524,0.3172223720213665,0.345718902322316
0901-3.tif,0.176,0.5976477543224089,0.09084810474853233,0.4616239098205255,0.38492186557401403
0901-4.tif,0.176,0.6030122960383542,0.09791636959710186,0.42671136902082174,0.3489789717950595
0901-6.tif,0.30276836419753017,0.627002127070084,0.21997041352048252,0.2921355134250215,0.3238146858564718
0907-1.tif,0.176,0.6026088582939023,0.09044979730019508,0.4827754235653688,0.34622428704550984
0907-2.tif,0.176,0.5826920577339584,0.1025184991446953,0.4231322788030534,0.3368741900231958
0907-3.tif,0.26599999999999985,0.5983780945857147,0.18912581582106613,0.3802552871060285,0.34780959643059
0907-4.tif,0.176,0.4797505303728873,0.11758148266040878,0.4387648566740055,0.4361948466947068
0907-6.tif,0.27874714506172776,0.611917716854253,0.20149754136298026,0.3253349179772299,0.317579825987511
0909-1.tif,0.41322258320530203,0.5965943185615512,0.39765210198773066,0.3424792651987993,0.350907024382196
0909-2.tif,0.43751362590400955,0.5834264078933041,0.4218056068279222,0.3174329969870179,0.34206851948768113
0909-3.tif,0.366302818256879,0.6047350863097812,0.3232238672382808,0.3211755581742218,0.35305593331422613
0909-4.tif,0.27355624999999967,0.47554754338974103,0.23005928856528607,0.360122185261222,0.45489936880023357
0909-6.tif,0.3159186440972221,0.6133943185792352,0.24009994710469196,0.3742176036012587,0.32057879915338766
0918-1.tif,0.27272502496545076,0.5887987379917584,0.23621201430851924,0.4340370741530024,0.36543745387682197
0918-2.tif,0.176,0.5969820896879223,0.10467130439755243,0.42019980128095147,0.3350624282515424
0918-3.tif,0.4727359827799432,0.545582192977305,0.46192728885406703,0.2972282692891911,0.40616067067355627
0918-4.tif,0.176,0.40883216368583664,0.12470337366091452,0.561762353988497,0.5134062200602623
0918-6.tif,0.3177501476364567,0.6025217505678866,0.283209342272988,0.4174752641121332,0.33983191151105585
0920-1.tif,0.40169451743882156,0.6159947752277686,0.35267689877126607,0.2972788730274658,0.33328448840354685
0920-2.tif,0.4148594194744906,0.6044157464725732,0.3909681355530009,0.33650078483532314,0.3309771383015224
0920-3.tif,0.4484541129974337,0.5712832188507609,0.41220764009930383,0.2872303579746157,0.39252989171116026
0920-4.tif,0.43277761635329526,0.577894541468295,0.4133296695407046,0.3247591155347627,0.36362211352666257
0920-6.tif,0.30577831632652935,0.5990206886935692,0.22584081970449235,0.3742934930086082,0.3448963868963173
0921-1.tif,0.176,0.5853116295832685,0.09728813830590662,0.494516214155066,0.362569620478488
0921-2.tif,0.176,0.5721578239619213,0.10474277548998837,0.43082474272765386,0.35284094313808806
0921-3.tif,0.43999999999999984,0.6210851985834727,0.4209352091147567,0.31637440315202986,0.3145850214893945
0921-4.tif,0.176,0.5025684437423673,0.11897354736347265,0.546323966392299,0.4144343936338342
0921-6.tif,0.2660520061728389,0.5574311156451887,0.1874744625595963,0.3639826129537764,0.39378728217519826
0922-1.tif,0.3620348557582995,0.6407566575789405,0.3102712752710964,0.3762931486404655,0.2893080230077694
0922-2.tif,0.4171795350241339,0.614030259104646,0.37391271340397636,0.29484930867492426,0.3123740740402599
0922-3.tif,0.3598969121827053,0.5944102067577676,0.31515252695638274,0.33574587240155457,0.3448727034546823
0922-4.tif,0.42576814836630633,0.4724728223456308,0.42801968463385154,0.357327769083638,0.4430457829142304
0922-6.tif,0.3631009629603883,0.6509154128936886,0.308271369791991,0.31748972336784687,0.26840892694578145
0923-1.tif,0.39011502510033313,0.6090392815548327,0.34527561034575943,0.3166754584790731,0.3566118604057444
0923-2.tif,0.4598154415072175,0.5738412606463813,0.43167247173848444,0.283296650205056,0.37374943720823134
0923-3.tif,0.4565800315190266,0.580905450210071,0.4181474316749093,0.26979230763295337,0.3955356645505418
0923-4.tif,0.34384160997732366,0.602250258656098,0.2739190400594043,0.2710178622955577,0.33805426726987137
0923-6.tif,0.424057228164483,0.6355336100379055,0.36678556568378734,0.2578759354828765,0.3021870998687872
0925-1.tif,0.3195164599700271,0.6191574508904647,0.2905129226155605,0.4230077151612223,0.3196230337718043
0925-2.tif,0.40589485612605647,0.5935049963360083,0.3625914250824894,0.3357540645160594,0.33090072990692515
0925-3.tif,0.34516150240025023,0.622180618991514,0.29100480686397073,0.39721001769011427,0.3138361343126732
0925-4.tif,0.3736627513293541,0.5230198147234819,0.3500967734956642,0.3584065464123528,0.3953384203713098
0925-6.tif,0.44850291958554833,0.6054153472372081,0.40928615583972494,0.2564624098716591,0.3232506936534204
0926-1.tif,0.3186081834458969,0.6390250260787941,0.28570943342880656,0.4191730213745915,0.29686121421369277
0926-2.tif,0.25849999999999973,0.5392117692124875,0.20073556733478934,0.36198572621291314,0.38061153353800703
0926-3.tif,0.2609958513840599,0.6166320800222691,0.21521356892255294,0.4285339669856134,0.31833215816088245
0926-4.tif,0.310023051979206,0.47403797577021783,0.30694582059732817,0.4545594086427239,0.44613378594930014
0926-6.tif,0.176,0.58903037709425,0.08694597723683543,0.4753265436609372,0.35058562337371235
0927-1.tif,0.3080292011019278,0.6201170680314532,0.21899468017250318,0.4167535404474634,0.3116430028156575
0927-2.tif,0.3753652777777776,0.5901447328205102,0.296419712766091,0.2552879571685988,0.3405975464733071
0927-3.tif,0.3958845946712016,0.6382127910449359,0.3172448532336364,0.3523711892621115,0.2935341857677294
0927-4.tif,0.35859809027777767,0.5832305135592187,0.285929678618975,0.2483937988939106,0.3381390143385145
0927-6.tif,0.49826865814202326,0.6029065584444854,0.4659358126078728,0.2511818877283615,0.3290489489419183
0928-1.tif,0.31477561353071776,0.5995234087881889,0.2828840523245202,0.42202142884087424,0.35778592139804194
0928-2.tif,0.4311917685246308,0.6216266736430357,0.4099119589831493,0.3227378452012387,0.30973017196701186
0928-3.tif,0.4655417771425368,0.6112339887969458,0.4406524725050982,0.29059589581516126,0.3399717938417264
0928-4.tif,0.39349999999999985,0.5544394653696104,0.3408305207507228,0.2392536182008865,0.37287850719199694
0928-6.tif,0.2935101747847635,0.5828074887216965,0.25289259684144794,0.4209114755815525,0.3662364343075824
0932-1.tif,0.2809999999999997,0.5744473999802925,0.20722679462620472,0.3307212421744075,0.3666622549559107
0932-2.tif,0.3944097974414689,0.5409074763376281,0.363545513367129,0.34167207566443736,0.41292566043574735
0932-3.tif,0.26605625,0.5658546222088151,0.19674945574428343,0.40118177126088767,0.3811650234753423
0932-4.tif,0.25475069444444426,0.47984726303109937,0.2037407779018199,0.447254009285128,0.4427333055832451
0932-6.tif,0.176,0.6097924895272544,0.08928582320399274,0.4089125690865704,0.3209734975325527
0934-1.tif,0.38740562174637255,0.6268682647924451,0.33808963341709,0.3181083937479462,0.322577922548034
0934-2.tif,0.3109999999999997,0.5585829877675422,0.24713656218600882,0.32403639984156785,0.36790830176864386
0934-3.tif,0.449609993687606,0.6161002014081948,0.4272031251464832,0.3066060419352254,0.318458018068839
0934-4.tif,0.29956267413654514,0.534012609072845,0.27690128726134816,0.43756037461450675,0.39221331622891165
0934-6.tif,0.39022205572409757,0.6083529696645074,0.3513681826840367,0.30787278608713636,0.32184684861591284
0935-1.tif,0.45499999999999974,0.624275981139998,0.42901294059151446,0.29243414673305324,0.3299552049038309
0935-2.tif,0.41593656640537735,0.5706372947298152,0.38811561534309713,0.3251066611827232,0.3707230431845342
0935-3.tif,0.3690793224556449,0.6456579047687248,0.3159832688395754,0.3677839199593934,0.30097648750550915
0935-4.tif,0.3182514259193945,0.6034893457119123,0.30152605202498467,0.4366342199943293,0.3216871979705598
0935-6.tif,0.46153933486045895,0.604824780401298,0.42300420331088445,0.2409963736469811,0.33329267042455396
0936-1.tif,0.3102655385698908,0.6074598600016431,0.27590757088344586,0.4211452011742302,0.34844234929449064
0936-2.tif,0.26475181517070523,0.5786729249426311,0.2213051706692034,0.4293415477964259,0.35848568050323665
0936-3.tif,0.25099999999999983,0.6144424696695132,0.16695224555752844,0.4078385728236774,0.33472072621656196
0936-4.tif,0.176,0.544782732809666,0.10679067145327363,0.46271945045348645,0.39416006715928387
0936-6.tif,0.29867098765432,0.5733906880088474,0.22898749847386632,0.3354054038295739,0.3760085793906886
0937-1.tif,0.28849999999999987,0.6425236970199566,0.21276340840003294,0.31115894200348015,0.2865740706254075
0937-2.tif,0.176,0.6079215757473353,0.10019362986800798,0.5222757698617444,0.31606871045230595
0937-3.tif,0.3148585069444444,0.5835534120411232,0.23972672508886594,0.32351444815751873,0.36657199111544986
0937-4.tif,0.176,0.5766659769042365,0.10387337339210481,0.5655634940587838,0.3521302288110425
0937-6.tif,0.3789411127834632,0.617969464558034,0.32537236629786787,0.31602840922101905,0.31352066106308585
0938-1.tif,0.176,0.5905164099008045,0.09157507642775509,0.43958178762701705,0.36888269829778947
0938-2.tif,0.26599999999999985,0.6097159421338019,0.19388663772670786,0.32950757218717974,0.3203236867232596
0938-3.tif,0.3900228901160218,0.5760622409947251,0.3522392243172554,0.32723357806430114,0.38377460776477507
0938-4.tif,0.176,0.5735461015527115,0.10719306914109603,0.5093453391600822,0.35413867402585947
0938-6.tif,0.27110848765432,0.6324399085530534,0.1906512327484801,0.4476498792002665,0.29688858080349056
0939-1.tif,0.315435465252748,0.6074727966902077,0.29191670148147814,0.4305907588408338,0.33372460689466515
0939-2.tif,0.2876707383186353,0.5155237762587884,0.255528883973761,0.43226841587775805,0.43834538971433645
0939-3.tif,0.266,0.5795719682017787,0.20043607623928011,0.3403065092532876,0.37033696308360164
0939-4.tif,0.176,0.4331647244663602,0.13352267270806265,0.4548228554565884,0.4814321497839188
0939-6.tif,0.4030721799381321,0.5767920442124075,0.3745536901139062,0.32731418481178226,0.37764273156750283
0941-1.tif,0.30221275252525154,0.6187042548782247,0.22022044325369128,0.2945806274248904,0.3240147716833122
0941-2.tif,0.3424884330782033,0.6189793457738355,0.29000945391938976,0.3462057899347164,0.3033975350221511
0941-3.tif,0.4725089682921365,0.6264090195977795,0.44778643857596495,0.284879781784217,0.3096072452619701
0941-4.tif,0.4421127523968738,0.5713349268735084,0.43449012220439087,0.3287179997871217,0.3409144115739874
0941-6.tif,0.4806193095250352,0.5971172985596518,0.4436347841012311,0.26462792663330903,0.33943405640408314
0944-1.tif,0.543235768513249,0.5740602229855889,0.48836774301708874,0.2216566450634436,0.3633585579808918
0944-2.tif,0.2935720871913571,0.6115114465028033,0.21155841719300372,0.3018441003612312,0.31138823343629407
0944-3.tif,0.2970281141493054,0.6230841552732006,0.2125250666381136,0.30094599878682987,0.31129975532159404
0944-4.tif,0.427047838732578,0.5626728915090385,0.4066267125008022,0.32484597768538626,0.36603073137260383
0944-6.tif,0.3338717630853994,0.5961797551928203,0.2529817198790102,0.2994909352958059,0.3376942123668328
0945-1.tif,0.4537474230362001,0.6312698292877564,0.40317701324401684,0.2546433099522288,0.2964159291282444
0945-2.tif,0.4749002283160898,0.575516628002771,0.43123790167797893,0.25640700070746264,0.3601840913926697
0945-3.tif,0.5688376469021741,0.6115629087663709,0.5486805931317025,0.20488751697865018,0.322181488313687
0945-4.tif,0.4308244020061725,0.6013658641758151,0.3384879330896325,0.1906028197521122,0.3173971802953051
0945-6.tif,0.40722805555555536,0.6222954872559654,0.3256796313319642,0.20375783089434463,0.3000756401421262
0946-1.tif,0.3935372159723487,0.616123446415463,0.3412472516105458,0.3021123982899462,0.33128646928371525
0946-2.tif,0.36987656249999973,0.5628968759308935,0.30103149771276383,0.266377091434164,0.37795454647504634
0946-3.tif,0.3140107222222222,0.6242428952136357,0.2277449429957308,0.3749037094833875,0.3194569053091275
0946-4.tif,0.40105914617426497,0.5620005045590946,0.37853730746453995,0.3485234358853329,0.377293753691352
0946-6.tif,0.3938972099296172,0.6229811689024084,0.34907110770201133,0.31522128714834474,0.30939617330937647
0948-1.tif,0.2754088541666665,0.6123249795816144,0.20265364297158378,0.4158903806114309,0.3322251249605118
0948-2.tif,0.41147129223072865,0.6140384967192551,0.37297796484927537,0.2958193727770691,0.313493505806735
0948-3.tif,0.4134230622857966,0.5522707440415185,0.3793324021947058,0.30650661859123846,0.3837012872494645
0948-4.tif,0.315613079017931,0.46663525204299544,0.31475736727911524,0.4546211412874363,0.4446806337404222
0948-6.tif,0.4347717479246061,0.6270498276547996,0.40775154570646827,0.3086619323189633,0.29750690774831806
0950-1.tif,0.176,0.6393890083891063,0.09206056869800003,0.4080027018798309,0.2971936281159137
0950-2.tif,0.176,0.5628979744822501,0.10118844061008614,0.4498933030211101,0.3786471510636555
0950-3.tif,0.44713356945143773,0.6207988434600974,0.4215650599320262,0.29579750636219704,0.32465473552886054
0950-4.tif,0.176,0.5610395172062597,0.10679913332459211,0.5072966598619614,0.37001266236516706
0950-6.tif,0.4371678705190944,0.6034849673918109,0.3982515825210585,0.2697887982394358,0.3336835185580681
0952-1.tif,0.42300938131074917,0.6179451859161631,0.368661865704345,0.2751860483071535,0.3849416089395788
0952-2.tif,0.35853289073774575,0.5687703476244466,0.3254984913122215,0.35791324802370783,0.39307670000557254
0952-3.tif,0.2692047052586254,0.5982488479315778,0.22147955336135522,0.4237844962755639,0.4047709841399475
0952-4.tif,0.176,0.556108654413545,0.10918476984729106,0.43083566958837316,0.40299209871385355
0952-6.tif,0.31917630639217687,0.6163593997828396,0.2863413785702408,0.41898999417222255,0.33979100694814796
0953-1.tif,0.316689466831513,0.6275295364164705,0.2839731155171983,0.4200059318805829,0.30644921946829906
0953-2.tif,0.176,0.5951194953284061,0.09758426142395399,0.4983027604790219,0.32994699043131903
0953-3.tif,0.30281311199729366,0.5976825440530456,0.2637155223124867,0.41866405914476296,0.34511961941853636
0953-4.tif,0.30519340574732395,0.5248728923312019,0.28992206321766717,0.44323695853043504,0.3989267004434
0953-6.tif,0.176,0.6002378221739508,0.08890058171175572,0.42164795057905274,0.32720269836896915
0956-1.tif,0.386306502140527,0.6012921381154556,0.34140974219278153,0.32368135128016523,0.3756967716124758
0956-2.tif,0.37435719105678156,0.5959134303838801,0.3270954131837985,0.32229477081870955,0.3547019539327512
0956-3.tif,0.3658438125868546,0.6410297562664622,0.30401405637797096,0.37027689895630417,0.3231900496202669
0956-4.tif,0.45210270093542365,0.6164336133815481,0.42786580231882265,0.3098697719780693,0.3252600918149553
0956-6.tif,0.3374440381462187,0.6025815935580789,0.257668747702309,0.34899906019788934,0.3557360612705737
0957-1.tif,0.27727200520833317,0.5955910024961331,0.20360086097251573,0.4610286004822578,0.3518276143229397
0957-2.tif,0.3716506682657895,0.5999607706830864,0.33431840153659914,0.33800977047739167,0.34216235464354205
0957-3.tif,0.3087190000000001,0.6095859877123012,0.23291773679759548,0.2931406287896666,0.35413959734704836
0957-4.tif,0.41444842396234666,0.5867047620484414,0.39878854721917384,0.3449761975714355,0.3498611890521874
0957-6.tif,0.30265806206597207,0.61192137830897,0.2282120110329367,0.3008610211164098,0.3285878103861548
0960-1.tif,0.2855390555555552,0.5393658745083818,0.21867332581289714,0.32428351878191797,0.3995772419102118
0960-2.tif,0.3112718431122437,0.6041690738046661,0.24008293473555922,0.2932896084797167,0.3266939850128036
0960-3.tif,0.3369442129629625,0.5183932619786668,0.2768957919770964,0.3534980192147252,0.4193141786483065
0960-4.tif,0.41706264736117,0.40032706551160785,0.43632415978635075,0.36223724855485157,0.5188980980693253
0960-6.tif,0.2949796485260761,0.6170255319406104,0.21333762162079503,0.38329471523169634,0.3138091043025443
0962-1.tif,0.270225350474959,0.599220949923311,0.22340434722967745,0.42352658043203006,0.33910064570300025
0962-2.tif,0.3178807545780936,0.5521325723598535,0.30584212947444744,0.4415838962118533,0.3570521078916766
0962-3.tif,0.2959999999999998,0.5927054753742212,0.2143086039794287,0.3885624786852825,0.3387643561625688
0962-4.tif,0.31915306079513867,0.4395181795629439,0.32631742805690267,0.4618573111464513,0.4577145902733217
0962-6.tif,0.2885,0.5311904964988936,0.21704080066954362,0.3342207985236178,0.3879733200590228
0963-1.tif,0.2885,0.6418953160610238,0.2034892331102417,0.4385861595305913,0.2964603415826472
0963-2.tif,0.3527912915535459,0.6007990009213997,0.3011257216390429,0.3838002322945595,0.3174247428495613
0963-3.tif,0.2710020061728393,0.6104616065476663,0.19332622097884353,0.4059436952591102,0.33505562717655774
0963-4.tif,0.314767361111111,0.47072706125030633,0.2672190911991791,0.37953267045906086,0.4512043419590849
0963-6.tif,0.42113590709206966,0.5868725312342428,0.39816754903000695,0.31913677227360543,0.3545416911921855
0964-1.tif,0.176,0.6161362477410111,0.09414111093868889,0.5530160095438631,0.3283274225638794
0964-2.tif,0.31600809909271216,0.5875606196504513,0.2899756374116696,0.4273618141058558,0.341061786485638
0964-3.tif,0.24189697178818678,0.6304231360810408,0.19059612029726425,0.4904380363419359,0.30684263504186343
0964-4.tif,0.2983851719970355,0.46715613056977445,0.28258381501657276,0.4455673045053575,0.46365714657138596
0964-6.tif,0.4462303888888886,0.6318437008801273,0.41338424512430183,0.3024372958420168,0.29333275665117864
0965-1.tif,0.176,0.5972806349233528,0.09169787474529459,0.44386574779872895,0.4486895251387555
0965-2.tif,0.3149168402777778,0.5344569781510898,0.24508561795915,0.3473590564512325,0.46490010865776105
0965-3.tif,0.43235571344252427,0.6305184369193951,0.4043872542013629,0.31741202542984576,0.3871260047925895
0965-4.tif,0.3174061154087674,0.4891823596189936,0.3183546471672012,0.4565412038038022,0.47249675594391427
0965-6.tif,0.26975069444444444,0.5748375607901756,0.19263706925592677,0.3587316595257745,0.41977982913084216
0966-1.tif,0.40525821116771543,0.6389080601929783,0.34794226933037614,0.2782783368964369,0.3037395414722799
0966-2.tif,0.46780271457960626,0.6362516380044647,0.43642711494279995,0.27930328146012906,0.2904505991321891
0966-3.tif,0.4180210419260777,0.6318775527178316,0.354778134100295,0.3198172082990641,0.3078514194350115
0966-4.tif,0.2922585069444441,0.5857326164818147,0.2138328986445304,0.3423846507945498,0.35564227492207096
0966-6.tif,0.37109986805555545,0.5849797440130045,0.30021769342228166,0.3187627151871603,0.3542168260676331
0968-1.tif,0.3490707713396656,0.6079928878457305,0.30223321501990996,0.35110309273441387,0.37215559131562137
0968-2.tif,0.26319764539930557,0.6064052887443978,0.18388759690881362,0.3393721200407274,0.34113372882315074
0968-3.tif,0.4065675684477562,0.5981570230658381,0.37117700196319126,0.3290670815720457,0.38778825655232785
0968-4.tif,0.2760412722908083,0.5734293161878099,0.2041007047360674,0.34544411396932323,0.3746726583041001
0968-6.tif,0.27353797367969773,0.6116624942879573,0.1887352065443058,0.42050373640351824,0.3402594424781806
0972-1.tif,0.3177953507066926,0.6163067840954548,0.28544344086429757,0.420560376639321,0.36565484046921537
0972-2.tif,0.4075441358881593,0.5619015076862535,0.3907429892130273,0.34546392199769743,0.40176373826600625
0972-3.tif,0.26226701388888884,0.6096148766508499,0.17967127004317063,0.34615434042089,0.3857621720877551
0972-4.tif,0.40042082365665077,0.5667872675268397,0.38896250067990107,0.3675462865028491,0.38183799968777493
0972-6.tif,0.45281840825361985,0.6220703887230274,0.43316290814928615,0.30474398648824624,0.33328314708378093
0976-1.tif,0.42950338729353515,0.6326343162451694,0.4045237914389284,0.32386954768767656,0.3321171243816307
0976-2.tif,0.45338554234090145,0.5963302100498609,0.42837601808950077,0.30122319514602086,0.35126573157278795
0976-3.tif,0.37129381912411763,0.6142375474437228,0.3245245639809366,0.3280023493448951,0.3545939117597366
0976-4.tif,0.176,0.5806271117813524,0.10311096336050832,0.4831735024380449,0.3590937968927829
0976-6.tif,0.4038159299243641,0.5947056355021691,0.36407616962681527,0.30821600866970933,0.3527308601271651
0992-1.tif,0.5088998116065275,0.5748645424171934,0.4642963850849251,0.2293021762026742,0.3711766226200238
0992-2.tif,0.32949378706120497,0.4611399017567728,0.31130576577601604,0.3851970710863953,0.4485577616136111
0992-3.tif,0.176,0.49413382097619063,0.1358669067668541,0.5977213494599373,0.4243236195493426
0992-4.tif,0.176,0.49329261154019716,0.14247141779531633,0.46140570534994935,0.4049060859209889
0992-6.tif,0.176,0.5827966916363123,0.10537541912771074,0.49504976039021337,0.34429603173497536
1101-1.tif,0.42596926773488936,0.6100078250409212,0.3995121733881278,0.3270596276459271,0.39685758380912284
1101-2.tif,0.176,0.591251321531291,0.10779983962829043,0.5557024862567671,0.3519971626140559
1101-3.tif,0.4832945734918666,0.6271758502391597,0.428842599646307,0.22976896800960692,0.36362245066438104
1101-4.tif,0.33625246913580165,0.5546587818652504,0.2744357445026418,0.37065290618815344,0.4012372200705767
1101-6.tif,0.3479694444444433,0.6094907754084123,0.27205642513505374,0.3552578476803605,0.3481285448074492
1105-1.tif,0.41540010562567997,0.605361814765049,0.3829420170773421,0.3227173004053371,0.3729434763002796
1105-2.tif,0.4418175739426046,0.5922989253331866,0.41972983227640004,0.29854112658759696,0.3571639058844814
1105-3.tif,0.44215890858190204,0.5876276090696273,0.4019561274196736,0.277740203704097,0.40149222573662985
1105-4.tif,0.176,0.5887223408778737,0.10335282020365186,0.4209409376380892,0.35969125635394283
1105-6.tif,0.43950033651272236,0.6073186678683121,0.39217774070062655,0.26737692769128024,0.3496794514806823
1117-1.tif,0.27565293511275873,0.6023550978275118,0.23358955022370975,0.42682325743446115,0.34968272927172483
1117-2.tif,0.2577659111806328,0.5958177496033551,0.2146087817994236,0.4325087286156202,0.3287596240492799
1117-3.tif,0.25849999999999984,0.6002141350735857,0.18701078406067775,0.42737837123856653,0.3493148417677881
1117-4.tif,0.43999999999999984,0.4846386973551362,0.4379888056760973,0.34743374951028844,0.42840626472720666
1117-6.tif,0.176,0.6142810550770209,0.09390232527211537,0.412381912311612,0.31236449075181594
1120-1.tif,0.31730763852153765,0.6082133502701149,0.28587471391968694,0.4216699807484947,0.3618573613532629
1120-2.tif,0.176,0.5687317961329983,0.10535558994193339,0.5197970499101632,0.37169398120595354
1120-3.tif,0.4033277146959305,0.6022058901797751,0.35855570040935925,0.3121868138521366,0.3759205441349069
1120-4.tif,0.176,0.5806540755044414,0.10383863768437858,0.5205556037530916,0.3610229656148448
1120-6.tif,0.44554713461819784,0.6085209911581507,0.4194965701291634,0.3183022236435433,0.33646867685548715
1121-1.tif,0.32183333333333314,0.6319179708229078,0.2421013735024913,0.2843150816692745,0.31829481514037233
1121-2.tif,0.29381404320987586,0.5764372953921163,0.2156352056693604,0.31907452784023016,0.3621000704941842
1121-3.tif,0.4339770880045463,0.617468441232787,0.411187056192524,0.3171782820532901,0.33545837906847975
1121-4.tif,0.2849168402777775,0.5404545045603978,0.22681760734646828,0.33802854300680113,0.38235740104198096
1121-6.tif,0.46929088690148973,0.5901217956178286,0.4617172452203817,0.3056159481441026,0.3404795664105889
1122-1.tif,0.176,0.5984603308966915,0.0909908995386384,0.4251393218742582,0.35863129055756104
1122-2.tif,0.31239954621356014,0.545218302644994,0.29281190046699296,0.4357827373969496,0.3943335786675373
1122-3.tif,0.176,0.6292582666498104,0.08780335412863549,0.5291387942047062,0.3148390046213434
1122-4.tif,0.3183472206626382,0.48867617018118314,0.31625072982069447,0.45230227724615196,0.42628638799471186
1122-6.tif,0.266,0.5877837614227046,0.1974570535807906,0.34054975880818994,0.3365196902626609
1124-1.tif,0.31633092458971546,0.6222230632024198,0.27824139804739395,0.4143720003569084,0.31688688671962434
1124-2.tif,0.3222543402777775,0.5916367847333655,0.25766804105505825,0.40449139429466485,0.32971143640672856
1124-3.tif,0.29996267361111095,0.5956776337028693,0.22786587655122578,0.3143088692640664,0.34085526223584245
1124-4.tif,0.176,0.3732668404946567,0.13221614582824298,0.5017834217082102,0.5507670681390602
1124-6.tif,0.35609066666666656,0.591732328436315,0.2860518930249057,0.24541480211674013,0.33585043616585497
1130-1.tif,0.2735862847222222,0.6112512644167102,0.19001457903464536,0.4101925290245746,0.3384383434094816
1130-2.tif,0.3418180555555547,0.5930948995280458,0.2716968334928506,0.33329633679510556,0.34466779292726557
1130-3.tif,0.44768913272711824,0.5852869135362995,0.4160722867174598,0.2867450064396707,0.3776746595354242
1130-4.tif,0.176,0.5797795145042116,0.09431001300747563,0.5108974550907528,0.35160198623550515
1130-6.tif,0.4535411856321718,0.6201612221660294,0.409377126198072,0.2587703440258851,0.3106878656045283
1133-1.tif,0.40674202243082186,0.6227822149373383,0.3605048355517507,0.29958758248339673,0.3440421061081358
1133-2.tif,0.39313533279372886,0.5165746877802045,0.3695088432721972,0.3299395090346763,0.41252077527547926
1133-3.tif,0.3299161024305555,0.5897084099306578,0.2437703704701375,0.3293457428463467,0.37968908170803833
1133-4.tif,0.2659999999999997,0.5827852417464396,0.19406896942455715,0.42454609549365585,0.3522308020704674
1133-6.tif,0.3092365885416663,0.6053836477451503,0.22836402438944692,0.30312870464875297,0.3377534746575112
1139-1.tif,0.3709999999999999,0.6282783289886482,0.29439257840996913,0.362504288496418,0.3330126155952483
1139-2.tif,0.3707712085031162,0.629823494606141,0.32132124728924333,0.3254439358038554,0.3002635164557132
1139-3.tif,0.49602842564153704,0.6100504405006746,0.4549672712657903,0.23594550890179966,0.34698950885108176
1139-4.tif,0.4331986568542074,0.580052646768013,0.39780569119408904,0.29105576107313674,0.3560776448798067
1139-6.tif,0.30351712962962873,0.606568378090081,0.22083757452528385,0.38750191689057806,0.3358470827935947
0052-1.tif,0.3411194444444441,0.6107844324855667,0.25418279848431796,0.3245576166741642,0.37790843709192873
0052-2.tif,0.37292031249999974,0.5721428985502959,0.30844455697461665,0.34529708542332793,0.38076532392518087
0052-3.tif,0.4131752933935917,0.6473931092922405,0.3616358703051248,0.33017897802543694,0.3194937271635975
0052-4.tif,0.3575562777777776,0.5614020628684968,0.29193035594346367,0.27558843841387076,0.3981357906506175
0052-6.tif,0.3628130594135801,0.6157118434217993,0.2829530256334508,0.3186833031518933,0.33897087216409594
0053-1.tif,0.38882333386516743,0.6207022991599169,0.3364695823959068,0.2947269311476492,0.3386800520381972
0053-2.tif,0.32156010802469054,0.6083601958250192,0.24816076251871322,0.3777822756374892,0.3310530528142337
0053-3.tif,0.42173276167011703,0.6289604692650765,0.36944563190254953,0.26811029579708817,0.32617421424909565
0053-4.tif,0.4791383146719973,0.6136933165679483,0.4637300182936054,0.28601907924455866,0.3184468418912422
0053-6.tif,0.40524145433782904,0.5968287855678585,0.35854548848192014,0.29264098913001924,0.3508535008505448
0057-1.tif,0.30289804268824494,0.5902489836205765,0.2639363649460387,0.4188561753296752,0.35718139956150885
0057-2.tif,0.42611516846823905,0.6092510957726001,0.3880846033079304,0.2839117032431281,0.3168797509255547
0057-3.tif,0.4159999999999998,0.5995054706432661,0.3465029322494081,0.3384779209583729,0.33152742505164795
0057-4.tif,0.46803407315697,0.44090555807358606,0.46034465028619964,0.29018226268546204,0.47109387846640915
0057-6.tif,0.3395987847222221,0.6128425960699402,0.2602474446064851,0.36221579099886236,0.31619051756032124
0058-1.tif,0.31190701092643014,0.5891010938618021,0.28727166739024146,0.43074613599267003,0.3527326292850834
0058-2.tif,0.176,0.603698594228672,0.09686263054994136,0.5030263540483614,0.32377731262193893
0058-3.tif,0.28849999999999987,0.6111822535361866,0.2120679746690904,0.4293855563684696,0.31966295493439745
0058-4.tif,0.176,0.47537037268883386,0.12254991881189663,0.5259626613661093,0.4294858728383718
0058-6.tif,0.3901030927036776,0.6169965626131804,0.3626701206365975,0.35500365405566514,0.3080983596726045
0059-1.tif,0.29381961450885885,0.5981417622326733,0.25854411739037886,0.426450080365353,0.33497060358169417
0059-2.tif,0.176,0.5738266501942023,0.09593915629245031,0.42648788087174105,0.35732208847307406
0059-3.tif,0.318367313444336,0.6092146575569263,0.293876227189051,0.4281220862476781,0.31682381434141776
0059-4.tif,0.176,0.511198328808984,0.12009659644265462,0.43747382082676256,0.3924881589365361
0059-6.tif,0.304848470198508,0.6005295895881068,0.26483499192711213,0.41658118778577524,0.32696867446041805
0073-1.tif,0.4353158652553363,0.6351845399610626,0.40878507193757135,0.30900380663130234,0.3241244318690742
0073-2.tif,0.29982656249999984,0.5990968936581171,0.22396342168242817,0.29531849994084003,0.34897195350018106
0073-3.tif,0.4504399531088096,0.5923291054007395,0.40920868497188523,0.25197976156267526,0.3634346581088877
0073-4.tif,0.40875932325649816,0.48880076312938564,0.3907684098241626,0.33004664542597595,0.46463869374885364
0073-6.tif,0.29975156249999974,0.5881229450619637,0.22862089647547867,0.412539346750757,0.34945307116641205
0074-1.tif,0.26226406249999973,0.6108792015568058,0.17857632005167165,0.3365481475351182,0.3562687534837998
0074-2.tif,0.38472383819996825,0.5723602916578369,0.3488343386152458,0.34209574367792644,0.37920599148206724
0074-3.tif,0.27710617497691525,0.6380210446489574,0.19552171586308453,0.31753272739977734,0.3072421880222996
0074-4.tif,0.3400025939754222,0.5932601231045528,0.2942258544649745,0.4058892064674591,0.3341402586439381
0074-6.tif,0.3682979564562678,0.5977838970756879,0.3202021912192638,0.3743442054079013,0.335565407147397
0075-1.tif,0.176,0.5718303619417683,0.1037080118831414,0.4335025657676775,0.3671196808832524
0075-2.tif,0.28854685478081904,0.553462418490538,0.2517665362055514,0.42675726833282296,0.3809694895418752
0075-3.tif,0.176,0.5616519808488311,0.1100023214665418,0.43129253133194356,0.36483570488707673
0075-4.tif,0.31857946475290155,0.4567335953099561,0.319440818394702,0.455296715740546,0.4408425086560635
0075-6.tif,0.30476524707869934,0.5800197621758301,0.27073255889552394,0.4231218319577732,0.3571252660930726
0076-1.tif,0.28068963950268944,0.5974545469198105,0.23766541072636616,0.4235966306375756,0.3565820338004972
0076-2.tif,0.3176580042612458,0.5760708061567879,0.29309311819232375,0.4282508797488769,0.36428703110972444
0076-3.tif,0.31038079546383746,0.6061731903599544,0.2784867695405129,0.42358928177770133,0.3453653492562221
0076-4.tif,0.31193139207804027,0.4163991954864451,0.31707875946164266,0.4627263982609987,0.49717669492409133
0076-6.tif,0.25480082525088654,0.6174745253733674,0.20257690512405802,0.42382364450669413,0.31431574782695165
0077-1.tif,0.176,0.6317591426258244,0.0909371316316891,0.5194447601474502,0.3087262912872035
0077-2.tif,0.39550130584163856,0.5744919221246824,0.38057705087081783,0.36102889019769246,0.3545029393173933
0077-3.tif,0.3454882169117304,0.6415610429431331,0.29030060730870927,0.38201308338373763,0.290915166716504
0077-4.tif,0.2629479846176645,0.4961176184060646,0.24203820331982806,0.45439772494846015,0.4192756990951805
0077-6.tif,0.4600054603805201,0.6210566516239064,0.43906374962760786,0.29411538247050284,0.3070565205352253
0078-1.tif,0.3322343631897193,0.5990731845417546,0.25040358921590283,0.3146746126282494,0.3566498694346447
0078-2.tif,0.31365225694444415,0.5863948797211467,0.2370807876342983,0.39488365585935253,0.3430953116335965
0078-3.tif,0.5000828860157538,0.6327147428597564,0.4768619500732376,0.2536780974732288,0.30743552654776735
0078-4.tif,0.3825847205450244,0.5721817587624921,0.35039683378211006,0.3757560355347312,0.34419879439442175
0078-6.tif,0.388375886699036,0.6258807836739981,0.3376411189409384,0.2977577258462852,0.3036359029340989
0079-1.tif,0.30859561647379896,0.599363439874858,0.27466951343166157,0.42217395873638447,0.34791050253573647
0079-2.tif,0.38146298350684804,0.5839572608696533,0.3430535690130586,0.32312769064347713,0.3380920770025997
0079-3.tif,0.4599258252268286,0.6215789909987119,0.41115876701682996,0.24169182483027482,0.31569434804388735
0079-4.tif,0.176,0.4042647712116858,0.12232076777318109,0.48446371117847864,0.5290806820186046
0079-6.tif,0.3548006944444432,0.5926957331337364,0.2798711500520301,0.29952796591521463,0.3435906013709192
0080-1.tif,0.176,0.6178872269055269,0.09105322854430624,0.4898065393643043,0.3262813476472157
0080-2.tif,0.25849999999999984,0.5797453463001659,0.19020719294005267,0.3470307805286151,0.34185827635958743
0080-3.tif,0.32,0.6173005503313925,0.2848771110152507,0.4161375413925685,0.3230165952749537
0080-4.tif,0.29600000000000004,0.5677586996619999,0.2340205068867846,0.3173327306627819,0.3491186240121958
0080-6.tif,0.27365987654320895,0.5920392882034156,0.19539884981592365,0.33902725435557257,0.3468795420517824
0081-1.tif,0.176,0.5993070185585161,0.08801159061334629,0.5235874455829905,0.36362266004817073
0081-2.tif,0.3070019612191051,0.5572308832351313,0.2870084897052665,0.43762607943814824,0.38270876424318445
0081-3.tif,0.176,0.6368773402482768,0.09281122821299209,0.40960614865121514,0.3099709986650235
0081-4.tif,0.2974327540484031,0.5222025039545711,0.27245006154631307,0.4360571396720335,0.4186380704291371
0081-6.tif,0.176,0.5669446209855216,0.09440321340228915,0.4529340453341787,0.3860964103180994
0083-1.tif,0.28359691358024625,0.5789095119009275,0.2000089914714921,0.33571787302658584,0.39620350045681996
0083-2.tif,0.38202652793580655,0.5991648790777292,0.34513965234218885,0.3308932454708494,0.33599457726914345
0083-3.tif,0.25849999999999984,0.5613873671717163,0.177266369604759,0.3674617263596796,0.40914429444372874
0083-4.tif,0.3063005479989177,0.5222264501437947,0.28580593499386203,0.4373317880597917,0.41139169033787315
0083-6.tif,0.33134671201813926,0.6379539037223646,0.24812169216838745,0.3967047446978832,0.2907096060618839
0084-1.tif,0.176,0.6256925765534718,0.09412301095956704,0.40992318452980386,0.3440500734221933
0084-2.tif,0.2770456145533102,0.595699389676891,0.23773085623600151,0.428910595272354,0.34337130221226686
0084-3.tif,0.3080643260675889,0.5963949828512705,0.2800162920627342,0.42903858327757854,0.37643749708442253
0084-4.tif,0.31704874515512943,0.590988094565882,0.2991769163466157,0.43585885999825263,0.34458288942622056
0084-6.tif,0.26976111111111095,0.5929206059201155,0.19480564483071244,0.3473225883806664,0.3530475166336089
0095-1.tif,0.4298393204495853,0.6024179756349466,0.40717167287237327,0.3214740461040901,0.34837252833387927
0095-2.tif,0.4445577770927338,0.6219426601840203,0.4258669047067419,0.3178493110930949,0.2963747249079757
0095-3.tif,0.48606515682156304,0.6039923245340757,0.45907729010374265,0.2696321378791346,0.3408900724269707
0095-4.tif,0.176,0.5531532343644159,0.11329486747141572,0.4325909672039146,0.3551262189268472
0095-6.tif,0.3990477564091892,0.6159223057139857,0.3520677203136062,0.30018335523210166,0.305617692347649
0096-1.tif,0.4455708595243073,0.6181539435588896,0.42036248509791674,0.3009854072501207,0.3731767585720301
0096-2.tif,0.362637688211488,0.5675473891659112,0.3243823328443833,0.38087417090234915,0.37813214533738027
0096-3.tif,0.41900573990924145,0.5848002083380726,0.38760845003117705,0.3105114093587817,0.392717790047703
0096-4.tif,0.30349999999999966,0.5581029635992426,0.2453614487277099,0.41695586020465425,0.37909612275279475
0096-6.tif,0.399359401142783,0.6049077197872772,0.3669543295882397,0.31126293918791936,0.34364513020801785
0097-1.tif,0.3873392361111108,0.6141799959721833,0.2968613237948772,0.3530824555787804,0.35466426713568344
0097-2.tif,0.41130720328082926,0.5424960454752757,0.38593370331390353,0.3221552150380551,0.41990844328436794
0097-3.tif,0.36858146551642873,0.5999228976899152,0.32768258735207767,0.33954024582209086,0.37430136234094175
0097-4.tif,0.3190171124865372,0.5585897854240939,0.2987626387942288,0.4325130134277939,0.3652723918106003
0097-6.tif,0.2697775607638886,0.6001700019808539,0.18838803491461942,0.3258110413199727,0.3462420031153241
0098-1.tif,0.3134555912463115,0.6082130287594311,0.27706905514699465,0.4180580096562235,0.37168503322266333
0098-2.tif,0.3231751736111108,0.5730447673901102,0.25459222964957373,0.30505105644727665,0.383920027418459
0098-3.tif,0.31136736111111096,0.6244480789259336,0.22851895301193653,0.3787735594040933,0.33937910617339356
0098-4.tif,0.2785057098765424,0.5894953150200205,0.2110167558864816,0.46188798786471774,0.34083594684643925
0098-6.tif,0.4585887172631777,0.6229540769310663,0.4374924000332251,0.30087426393173394,0.3156620490449432
0152-1.tif,0.176,0.6191161782323452,0.09295828395543755,0.4089829174539765,0.3866364804865725
0152-2.tif,0.48050419128888233,0.5522477332701127,0.44050917001820356,0.2583891958216576,0.43826723872029744
0152-3.tif,0.39535645236869865,0.5906387425759603,0.3639786610900959,0.33791901232442073,0.40300069660072896
0152-4.tif,0.31946115426871635,0.5736652572621745,0.30392843714849815,0.43774427013903283,0.3842056385855019
0152-6.tif,0.48651091480575487,0.5844280932998502,0.44407857057788264,0.2488304519730496,0.38706135895816557
0153-1.tif,0.30104480623506674,0.5882130720567277,0.26600917603174185,0.42445619291488396,0.3878072500758692
0153-2.tif,0.176,0.637673266218525,0.09070592262699204,0.4063535636973345,0.30078868861590874
0153-3.tif,0.27023570653049345,0.608945861189019,0.2163702582053294,0.4164504120130075,0.35533708392537994
0153-4.tif,0.3186952199815391,0.6105420650777482,0.2970054837482906,0.431145619559376,0.3273986255814281
0153-6.tif,0.3238430555555549,0.6076286411319526,0.24689096554739187,0.3703534195728368,0.33727488901771724
0155-1.tif,0.4188019861590698,0.6167146135559435,0.3787846211995238,0.2988075799346447,0.3800633352077803
0155-2.tif,0.4898178547248468,0.6113543226670102,0.46554692062533154,0.27015234925558357,0.345944463970357
0155-3.tif,0.4072246084111037,0.5938767698950289,0.36745535601370605,0.3203806530862392,0.3966132882359504
0155-4.tif,0.4027342855509521,0.5987624142753416,0.36015814490475584,0.3109852335395544,0.3604197437065659
0155-6.tif,0.5181390384337243,0.6203744545812229,0.4936822500260917,0.2462053507849538,0.3345399554374794
0156-1.tif,0.47266148795531127,0.6191118904069004,0.42757609452209755,0.23877551187750892,0.411775087310243
0156-2.tif,0.500298472222222,0.6101920431111645,0.4732174674456717,0.2601289453387081,0.3726484827898361
0156-3.tif,0.4158620289521423,0.6231636976479316,0.36134203908873586,0.32695603196584294,0.3817621024723448
0156-4.tif,0.3936102225082849,0.582426715155277,0.3583497592120696,0.3174855362237588,0.3960583249178766
0156-6.tif,0.46936348743623263,0.5849377987351168,0.43286063204614056,0.2577735524062098,0.40139525163586426
0157-1.tif,0.38793295073062994,0.6145020669163975,0.3473603226395998,0.33376082094383946,0.339944549857384
0157-2.tif,0.176,0.5283498711150122,0.11236609803327019,0.42853912115543896,0.40614121293704486
0157-3.tif,0.176,0.6226837311163838,0.08722228677426896,0.4101363571822388,0.32740061774601353
0157-4.tif,0.31484202600557815,0.5650325655504767,0.29386219813750675,0.4333015220003825,0.3719941319061826
0157-6.tif,0.316344304740607,0.6132104484690413,0.28983492028926316,0.4267571305514578,0.3216462479753805
0161-1.tif,0.176,0.5847015260628462,0.09439823104622361,0.4303808063061399,0.38254482107919546
0161-2.tif,0.176,0.5242986215644223,0.10553221807573757,0.42729064029611363,0.4011143879080595
0161-3.tif,0.2620417137789034,0.437867605495857,0.23017552139207983,0.4434432218947715,0.5077538810520688
0161-4.tif,0.2967698944982322,0.3990086159688811,0.30902592570548115,0.4767858229607605,0.5312796417579602
0161-6.tif,0.266,0.5696787105341158,0.192944940490419,0.3505193332503519,0.37161022396392757
0162-1.tif,0.27106944444444336,0.6004242206045166,0.18100677628899586,0.3201328335599654,0.3818549609507426
0162-2.tif,0.3981293888934149,0.5685325715108916,0.3707458742177867,0.32530260965553603,0.3818574003144697
0162-3.tif,0.3875819045830053,0.5973101044482648,0.3384047925517966,0.3184212862451594,0.39672957264435493
0162-4.tif,0.29949591503267864,0.569245829199833,0.23112477754885052,0.44652826323333683,0.3925350908875566
0162-6.tif,0.3598005931712955,0.6028015345559444,0.279165430852357,0.24508403939889806,0.33706288234770193
0163-1.tif,0.5314090300758059,0.6274910798048433,0.48362027730855595,0.22577659489314003,0.3543542423533099
0163-2.tif,0.5436581345725247,0.539555585678696,0.5370545374763057,0.22908708655420734,0.4165244940556324
0163-3.tif,0.43867894965277776,0.6139396547281116,0.3624030065676992,0.30436313710526974,0.3580589412042334
0163-4.tif,0.24532071320281879,0.6116996092239405,0.19061721016153343,0.48540226986029095,0.333988702587749
0163-6.tif,0.3802690192743755,0.6164799103545991,0.3095919255956713,0.2330775840116687,0.3308256264450265
0164-1.tif,0.30450284558710333,0.6470963735328645,0.2346271315112219,0.4446741503834664,0.3791314378988586
0164-2.tif,0.4743823546145439,0.5519867552554206,0.45770739597827204,0.2798719228450248,0.4204562601952582
0164-3.tif,0.39477505953435654,0.6341704699226952,0.34077924323476205,0.33969355803626805,0.3705954413431254
0164-4.tif,0.28391331360946637,0.5842879161909167,0.2170569830703899,0.448449640791212,0.3765618354159353
0164-6.tif,0.33395516817838145,0.5781194836513373,0.2565658786174892,0.2827123715562541,0.40075914506111987
0165-1.tif,0.4035410396320713,0.6533728230814582,0.35143723822778317,0.345138786494097,0.3163091865569043
0165-2.tif,0.4159203261849716,0.6190536730565099,0.37380474584210827,0.3416515256644154,0.3270488875502231
0165-3.tif,0.3010501543209876,0.6220010070854192,0.21978972453865464,0.41855912714387006,0.3509536727901824
0165-4.tif,0.4338091165599937,0.5772762311938755,0.4075265960114248,0.30584904856965506,0.37197174987459813
0165-6.tif,0.3215959444444441,0.6070395624852537,0.2401601628173873,0.2806544880911349,0.3458758553380432
0166-1.tif,0.44630737711976304,0.6223258901856198,0.4230799854748797,0.29801232570943936,0.3456403691994245
0166-2.tif,0.176,0.5832457078297483,0.10523666898969894,0.4282051414963179,0.35892339790006517
0166-3.tif,0.176,0.6130001858608849,0.09720898004316546,0.5090899938508129,0.34699865151293574
0166-4.tif,0.24766138315756164,0.49523776243697915,0.21778091121314413,0.5111317324009401,0.43115947738645255
0166-6.tif,0.176,0.6153051425845162,0.09751884205722643,0.414781679768584,0.3250030671825952
0167-1.tif,0.176,0.6023825216456301,0.09091668339304546,0.49745982197136895,0.36254438515165405
0167-2.tif,0.3109999999999997,0.6027787072858984,0.23869441626937976,0.4109709168243243,0.33730899358287775
0167-3.tif,0.2897539392590086,0.581946836011342,0.25473851291879945,0.42884082571207616,0.3857768568352207
0167-4.tif,0.26226044347457317,0.5070112372484601,0.23673061712056762,0.4499042300805787,0.4179890096672006
0167-6.tif,0.3187051020408153,0.5901227118723075,0.23635845791996934,0.33664259419191567,0.35857114517707117
0168-1.tif,0.3190998838554609,0.6403254142591058,0.2813570998862615,0.41419702054439267,0.3216960138586995
0168-2.tif,0.176,0.5681682518243151,0.10373007359119236,0.518422407672806,0.3687247783049984
0168-3.tif,0.31727674104031267,0.6123887885549378,0.2785033777522493,0.4135951146547341,0.34701599239281833
0168-4.tif,0.3130284638224767,0.5363679416875407,0.2980257531413285,0.4406334096004391,0.39647138208685645
0168-6.tif,0.35273124999999994,0.6195770027257043,0.267553837317989,0.3407703459783752,0.3244259522746647
0169-1.tif,0.32,0.6355087116113713,0.2894336271466128,0.42161849114246464,0.3308565292387534
0169-2.tif,0.176,0.5894636354036064,0.09912597977088528,0.4178604806472616,0.3630471086183618
0169-3.tif,0.176,0.6180722070548348,0.10309404307356136,0.42134914275406654,0.3497483698429821
0169-4.tif,0.2603732090773249,0.42269619054877156,0.24701892809727102,0.46385679806021396,0.5024157736135667
0169-6.tif,0.176,0.6152755127711256,0.08506892714012101,0.47163396801970026,0.3336074122832449
0170-1.tif,0.3546874214840352,0.607664600782346,0.2990019013322599,0.3757325204076198,0.39284610863190605
0170-2.tif,0.28099999999999986,0.6372584579126654,0.2048462305119267,0.44106710638665986,0.3179273805052881
0170-3.tif,0.45455827964548057,0.5830641927005615,0.41977583801313545,0.2776770038985431,0.40098221251941807
0170-4.tif,0.251,0.5848317477333435,0.17349655412649345,0.3404916265090608,0.3610308368442392
0170-6.tif,0.422855518824774,0.6274636471621844,0.371162441562866,0.2728805064116484,0.325983775895238
0171-1.tif,0.176,0.6259349405718898,0.0916385222246508,0.5523874455915084,0.3263477262802987
0171-2.tif,0.41240474804780963,0.5845945924531322,0.38524482486228473,0.3313651452996072,0.3656847368220002
0171-3.tif,0.5125592454892928,0.5839051058244894,0.4948881269122096,0.25898586113433647,0.37162228403918135
0171-4.tif,0.176,0.5373128260909679,0.1187911920702006,0.5779212777061014,0.3768370237696434
0171-6.tif,0.4724022674911172,0.581577515085062,0.4522070478875631,0.28936913196297587,0.3613017544549021
0172-1.tif,0.26451683333333337,0.5940405899730754,0.17133166220571372,0.33405256852394793,0.41132057222832574
0172-2.tif,0.3471406738104155,0.5069303388421924,0.30308808862893505,0.3505726241209962,0.43956543278530885
0172-3.tif,0.30349999999999966,0.5819721187202089,0.21806810666998677,0.39732571001075484,0.38452138646328243
0172-4.tif,0.3136665141715043,0.47448682283191285,0.2919988082420394,0.433263144199519,0.4607431576808045
0172-6.tif,0.4129174901557617,0.5964664852854525,0.3762248948212571,0.32702764483065944,0.3448713076172477
0173-1.tif,0.266,0.5899897902238613,0.17761832684071907,0.3335462876399067,0.40365646546945894
0173-2.tif,0.27349999999999997,0.4652508317146203,0.22207950172449906,0.38353227991206773,0.4816536233463091
0173-3.tif,0.4468519336066777,0.578418498065079,0.4108280852005646,0.2996216420695617,0.38603465573774387
0173-4.tif,0.27061283784086865,0.42210602732946306,0.25979172038145404,0.4624615278944964,0.5018398751146068
0173-6.tif,0.32326149999999865,0.5212517302257486,0.2523560040674282,0.402431869450151,0.41355503837283913
0175-1.tif,0.2996346404082728,0.5556919011886029,0.26704345006868807,0.42811450438956933,0.46110124454784035
0175-2.tif,0.266,0.6207143354355548,0.2001091857334693,0.4861111224606043,0.3190217585484236
0175-3.tif,0.2589191620753491,0.6333856884403434,0.21311226525560067,0.4300392435227726,0.34087107618528734
0175-4.tif,0.176,0.5060081486651214,0.11460346327918197,0.43330614505611476,0.433619740540667
0175-6.tif,0.2735071180555552,0.6003255893444357,0.1995992562806622,0.4019255610841195,0.3545714947099999
0176-1.tif,0.2959999999999998,0.6382690014106576,0.20693889393297638,0.4395682055111575,0.3631487658067992
0176-2.tif,0.5375364880702549,0.5668205102117955,0.5251642788172775,0.23502262621936978,0.39365647431818407
0176-3.tif,0.4658621126093699,0.5941437808396854,0.43881833606919973,0.29132660808516486,0.39858657591456437
0176-4.tif,0.176,0.4756980010459269,0.11837960822730784,0.43804922536718965,0.46037719826329093
0176-6.tif,0.38193703703703635,0.615918510652238,0.3087053145285873,0.2294174751547019,0.32831298774883266
0177-1.tif,0.40553540936912297,0.5642728945043375,0.37568759562657694,0.3396735087314083,0.43477233451080705
0177-2.tif,0.38017699935407845,0.5830597067823682,0.3474660806633535,0.34683853263954517,0.37576740849880175
0177-3.tif,0.3710709218242373,0.6272626650996201,0.31313842916573476,0.31504958591071247,0.3461797721711231
0177-4.tif,0.44062057061159293,0.6029665515120997,0.41616317253869867,0.31988497914319997,0.3489672633455196
0177-6.tif,0.29876914169667323,0.6105283647301164,0.21164158001541328,0.30034975859297586,0.3417185648087387
0178-1.tif,0.43007984750633965,0.6246629721560789,0.39666577742360665,0.3225859388444271,0.34512089090658826
0178-2.tif,0.29785649999999986,0.6219371373441953,0.21914334773656335,0.41822600493750783,0.31959325846484715
0178-3.tif,0.29949769280597416,0.618864054098773,0.2150878560761743,0.3844423297978542,0.3423949295886017
0178-4.tif,0.4556104463556412,0.6003506468001565,0.4303853154304732,0.30326068764219816,0.34579548962399037
0178-6.tif,0.32988612456597194,0.6176182153664336,0.24734251500711418,0.3801140057728666,0.32371780761303426
0179-1.tif,0.27351076388888856,0.6191698556099691,0.19788824870822097,0.32496671124585447,0.3540427237526645
0179-2.tif,0.3035254774305554,0.6251298012116719,0.23462203795583841,0.30474723971653667,0.31256831056374595
0179-3.tif,0.30265683333333304,0.5983526665317163,0.2203822178226758,0.3176749190530311,0.37658629187497233
0179-4.tif,0.38582678174879825,0.5957260597218048,0.35404977730653175,0.3429012625539982,0.3472165944479337
0179-6.tif,0.4514068452380948,0.6100891329466857,0.42152304823823306,0.2971854077365194,0.34179571214098015
0180-1.tif,0.3198913103437112,0.6264452362691456,0.2833064175176141,0.4149006504498419,0.3293661150002729
0180-2.tif,0.2771106344215155,0.567863706495963,0.24396991137041663,0.43557386694717853,0.37639090561966737
0180-3.tif,0.2959999999999998,0.5880889791799622,0.2172624690100648,0.31389104186728056,0.37109809568499774
0180-4.tif,0.24170094424230287,0.5793812081340903,0.19816400187343025,0.4986431108093759,0.3449327219946736
0180-6.tif,0.176,0.6019092430933782,0.09055581561176819,0.4180759215019853,0.3402020989646978
0181-1.tif,0.24724999999999986,0.6296179111883468,0.1617236905867263,0.3406363458940008,0.3694299108125481
0181-2.tif,0.44133720918358316,0.6111441036383515,0.4145721258213253,0.30617707972358893,0.34890323534761
0181-3.tif,0.2860676890432091,0.6018492163243458,0.20531385337676536,0.3210499791895987,0.4050508328485611
0181-4.tif,0.40211136937613623,0.5718199431075363,0.38043207631690934,0.33830429019958175,0.3979170401059512
0181-6.tif,0.34669409507887483,0.596967578306115,0.2722283598976555,0.3399111806991805,0.3786966731248257
0182-1.tif,0.29982688253326895,0.5872350883126953,0.2608441912739076,0.4205552239554116,0.387594938314335
0182-2.tif,0.3166890335559611,0.5710926463415446,0.298422735991676,0.43563391459898776,0.3698871756569664
0182-3.tif,0.2985065627354919,0.5678643950863966,0.26301797199214544,0.4247330440273134,0.4010866424328145
0182-4.tif,0.2722363809928937,0.4896470369057353,0.25039098715549657,0.4497998410600955,0.43972617658942403
0182-6.tif,0.176,0.5986456328921953,0.09392702793186557,0.5233719511006334,0.3365694267096537
0183-1.tif,0.40976075102880566,0.6282177810384266,0.38470434898777406,0.3454975652900447,0.3513763435762692
0183-2.tif,0.3723993632994148,0.6024213575264458,0.3382013414752795,0.3481382372366958,0.34747863912823823
0183-3.tif,0.3578920686685346,0.6356381989294946,0.3058941802438893,0.3867456530702484,0.3375371017684513
0183-4.tif,0.27624293060361343,0.4983788248222422,0.21345776422144036,0.4155879786282132,0.45945974829557246
0183-6.tif,0.33235386259039984,0.6261536201477595,0.2534038736447536,0.27444796694085255,0.32355346278930863
0184-1.tif,0.35164518214213614,0.6116992853594045,0.3041663647826695,0.345407047089386,0.38970378085472634
0184-2.tif,0.28711868998628143,0.6288002945366901,0.2066909178291439,0.4369274501034624,0.32554845945041466
0184-3.tif,0.2850552228009249,0.5971914586539282,0.20008360378307782,0.40425991663545713,0.39046988366178254
0184-4.tif,0.2817423570019719,0.6076608262446894,0.21152075218780866,0.4537551409837844,0.3388421031601001
0184-6.tif,0.38823281708474955,0.6090628413734576,0.34761149800186764,0.32034714284115073,0.3474313821236451
0185-1.tif,0.24754109798954035,0.6422935107802248,0.19492762847717895,0.4872150568220271,0.32207384740990397
0185-2.tif,0.26915926362784415,0.5871061309292543,0.22903141879392183,0.43135777916254203,0.35919689516709075
0185-3.tif,0.2576383961700017,0.5970764369512013,0.2075620077553193,0.42564302954788813,0.3624338276511966
0185-4.tif,0.32,0.47753640901527084,0.3210479115843896,0.4552679393352833,0.45151116410611436
0185-6.tif,0.2693597323462369,0.6071238736583914,0.21893292200029799,0.4200764390812371,0.33654830394903595
0186-1.tif,0.38958255054781893,0.6302650109415308,0.3493440327501328,0.31646501055502213,0.3391545836971511
0186-2.tif,0.176,0.5741980089430185,0.1001505475356648,0.4388216886495965,0.37913209064250847
0186-3.tif,0.4252434473439487,0.5868710188213853,0.41016072586838087,0.3289493839864746,0.37398475174355716
0186-4.tif,0.3496436193226825,0.5542442478187817,0.3161687148893031,0.34907510664318625,0.37816829661848783
0186-6.tif,0.293605941358024,0.6095777478809367,0.20864318440403526,0.36846262457675283,0.33669983428177996
0187-1.tif,0.48686945068670967,0.5980856421331413,0.4539420588797415,0.2596296029563214,0.42905690622102866
0187-2.tif,0.47234023146735,0.6204123485344144,0.45781724442081717,0.2962907739238767,0.35025355500403405
0187-3.tif,0.4940732002874796,0.6084715437095312,0.47137548907633114,0.2596164222658641,0.40735208573038495
0187-4.tif,0.176,0.5913734053582711,0.1033308804584416,0.5234808333732636,0.37055770251812176
0187-6.tif,0.47674964014542676,0.5958755679727453,0.4492764760025957,0.267466854605329,0.3936666938964239
0188-1.tif,0.3709999999999999,0.6268101370770701,0.28985443609397155,0.3604280404247021,0.36414912332089977
0188-2.tif,0.4206973878210276,0.6088996507193061,0.4043791275738513,0.33985089635133936,0.3443159625731942
0188-3.tif,0.4184763997717979,0.5521770701241162,0.3813585865975813,0.30455327386714437,0.46457996252827194
0188-4.tif,0.3838163126075844,0.49254173242419125,0.37144242739442823,0.3604591051801478,0.46000949607184694
0188-6.tif,0.3592355833333332,0.632284588265188,0.2819640466197016,0.3891775478517971,0.323304570191069
0189-1.tif,0.4305223698163647,0.6315265053495472,0.40050079621024337,0.3165181929238344,0.3530827096957182
0189-2.tif,0.251,0.592498540781869,0.1801905518682667,0.35404539094743687,0.3706881424021374
0189-3.tif,0.2942716905381944,0.622558702561254,0.21522691457276608,0.3016096243394656,0.368366823782733
0189-4.tif,0.4007655926920594,0.4792658631433793,0.38674578523142655,0.3363808915351553,0.47483078084031716
0189-6.tif,0.3773507894396938,0.6162588561646606,0.32643791162610253,0.311194830310276,0.34718204329734986
0190-1.tif,0.2786664959251598,0.6150340307324005,0.19201823897687612,0.3883709563586712,0.36810483660455084
0190-2.tif,0.27436774691357896,0.6002645649328683,0.19271774558924643,0.4123618857588659,0.3614682225068235
0190-3.tif,0.43128131007304804,0.6403786658283266,0.40314138819404044,0.32823371506621535,0.3358399178171361
0190-4.tif,0.4229410415724371,0.5735015522087626,0.39853698285910055,0.3343832286077323,0.3917383940220043
0190-6.tif,0.3688303733436809,0.6221744771614552,0.3183021422144711,0.3284723904232794,0.32695944070766625
0191-1.tif,0.3177209960937498,0.5876452016100898,0.2414197356307534,0.3280869116742235,0.4056179770707499
0191-2.tif,0.3925950329641212,0.6242292334519696,0.3376789356196191,0.29995895398285255,0.3231677749941398
0191-3.tif,0.32538344360428434,0.6411409879685779,0.24240120768878373,0.41561019198799104,0.32505784741302235
0191-4.tif,0.4092755094880224,0.5820265087996881,0.37704506567752283,0.31357974607074607,0.3720010019291321
0191-6.tif,0.4062796734480127,0.5971271070518636,0.35396177564590475,0.3436689710879694,0.356749713415147
0192-1.tif,0.176,0.6350668621318561,0.09484783027504012,0.5395251679876,0.3172816966981805
0192-2.tif,0.4366883490806953,0.5558385397422655,0.4217372936547801,0.31124628848261565,0.38995721109122367
0192-3.tif,0.28849999999999976,0.5966077508212478,0.20992446010127552,0.32340306683468184,0.3593249370485647
0192-4.tif,0.176,0.5451062778156521,0.11098085211004519,0.4269988380835022,0.38225934035952724
0192-6.tif,0.41120672096521493,0.6123668341372402,0.3661457317474197,0.28064807141039544,0.32644349435904163
0193-1.tif,0.5071686670906357,0.5787222575734686,0.4754934566694117,0.24698622519664498,0.4316461598608402
0193-2.tif,0.47325092763070553,0.6099714253351609,0.4279705961970793,0.23511387412179155,0.35216902522286725
0193-3.tif,0.34105046296296293,0.6145500445444076,0.26141525704429946,0.26611058423936096,0.36551663452445066
0193-4.tif,0.3184999999999997,0.5998830566048055,0.24525676871941304,0.4256117816412982,0.3446786767178613
0193-6.tif,0.37174492630385453,0.6280203031237479,0.2943273658548583,0.24488615431260227,0.3201929315766119
0194-1.tif,0.2622543209876534,0.6149557137171429,0.18341849721634312,0.4346572085363449,0.36236609111781626
0194-2.tif,0.30869972972155046,0.6232806877973307,0.25261177596162115,0.42277912148498303,0.32398696501715446
0194-3.tif,0.31328487467292987,0.5873576943488471,0.2875233671438023,0.4295213254765527,0.3948788295843945
0194-4.tif,0.39686968413141727,0.5506761199300563,0.3850790682276859,0.3711695223303354,0.3894508288227093
0194-6.tif,0.176,0.6060092756532999,0.09084401338109974,0.4932016596329029,0.34452779736052613
0195-1.tif,0.2654902756344299,0.6102039449832412,0.1893633922599715,0.46482621184722844,0.3752570453424799
0195-2.tif,0.2796456973865745,0.5582981891279647,0.20497478712431466,0.3249916560063404,0.38164512400998046
0195-3.tif,0.26735399039780405,0.5930733923909582,0.18314866457599283,0.40052034122656865,0.3789079494661255
0195-4.tif,0.3814813770033871,0.48817474387113813,0.3613681612909198,0.35981086978347077,0.47041473595659283
0195-6.tif,0.44799002873859606,0.6142484408137152,0.43045484959560676,0.3185228456592463,0.3222749805842656
0196-1.tif,0.4442264099950484,0.6103633987946017,0.4188263828075103,0.3037265497542679,0.4084108446078465
0196-2.tif,0.43452259945562366,0.592787770419165,0.40991459540121833,0.3080491711340957,0.3865558123743273
0196-3.tif,0.31331667683919256,0.6151064686713904,0.23014286374308413,0.285407019950252,0.3681657228232603
0196-4.tif,0.37809738776813634,0.5633395743104477,0.3481651562881659,0.33414153073774105,0.38921312838216443
0196-6.tif,0.44764314593057275,0.5925987088730011,0.41383785716683974,0.28217696242335283,0.3611468201743115
0197-1.tif,0.37774895403747005,0.5992467040906782,0.3318019979883038,0.31860867958803063,0.38662264231366394
0197-2.tif,0.4469274734458874,0.6101688616957989,0.42517698376130686,0.3114559083320268,0.34556656709869876
0197-3.tif,0.3493687690972219,0.6311338411424402,0.2633797324058674,0.39346087349145065,0.3368919706886482
0197-4.tif,0.4660568523353448,0.6517905118751057,0.44385561800216294,0.29490787458898665,0.3016657678599911
0197-6.tif,0.383375736961451,0.6143950123031989,0.29929925064810114,0.3239238308889054,0.4005877867388185
0198-1.tif,0.31805556253512207,0.6203369912136704,0.28345659889031044,0.41771123244843333,0.33140329701713017
0198-2.tif,0.439500032696654,0.6268088903929228,0.39088899369673136,0.30624498228707475,0.2998710778575256
0198-3.tif,0.38488930450186165,0.6107189262217827,0.3394220216379275,0.3189729336473457,0.34620706518580485
0198-4.tif,0.2592039804362369,0.5923880776124707,0.20765403179338032,0.4228558386517286,0.33991510764921334
0198-6.tif,0.5246640703290397,0.6319243293428406,0.5029003281008049,0.2344651979817714,0.3036564797813584
0199-1.tif,0.3326112581976543,0.6240476132525301,0.2817929655496779,0.34880373396604364,0.35534028762552106
0199-2.tif,0.26640731651470073,0.6029760479640184,0.22508870297781106,0.4312200204606549,0.3420069074889966
0199-3.tif,0.36401835660327,0.6052749460653613,0.31504887073039595,0.3292430555549373,0.35892769618181936
0199-4.tif,0.401818339027168,0.5942651591537182,0.3622416049936728,0.30112405972277306,0.3463219335191084
0199-6.tif,0.4283000158083151,0.598409603190603,0.38784817870460536,0.28550665356944605,0.3608612886397879
0200-1.tif,0.478501617897507,0.6097733106046466,0.42966846359328453,0.2833128856460676,0.3589161103618835
0200-2.tif,0.29203640989134116,0.568066538512473,0.2623192095262784,0.4334256597146536,0.3818102354216591
0200-3.tif,0.26206750651245475,0.6093748044674232,0.20675409511847603,0.41823013692720235,0.34972432351686544
0200-4.tif,0.5555859605499909,0.5322906317193532,0.5504257249512202,0.23429360090697685,0.4028857785188708
0200-6.tif,0.385479819713045,0.6347261709353484,0.3366688714144626,0.3041629995096115,0.2980117520531214
0201-1.tif,0.31908455328432017,0.6090975248049552,0.29079468774934475,0.4250403593726256,0.38716541674595545
0201-2.tif,0.26225069444444415,0.5591630446590314,0.1896879368662383,0.3529119327284529,0.4126903426128325
0201-3.tif,0.2853855158730155,0.6093337975501238,0.20569704418359974,0.4102979957515583,0.36648773131871776
0201-4.tif,0.26753072222222085,0.5595529540781389,0.20773411825448587,0.3494893288918957,0.3755736919209647
0201-6.tif,0.358275237080482,0.6215378036308248,0.3084038965864685,0.32982960549031354,0.328565340166386
0202-1.tif,0.4188614760441051,0.6044692172272953,0.3839471692182492,0.32428073704385413,0.3819868557009462
0202-2.tif,0.2735478489543954,0.6085444077607478,0.2000873751022493,0.43506833670207806,0.3426093855326515
0202-3.tif,0.28205698382692657,0.6153874893296502,0.2034574908999719,0.32346787463943355,0.36192090769037216
0202-4.tif,0.41294161222988446,0.5274204722220467,0.40078569070939773,0.35131180254090955,0.42741694156063714
0202-6.tif,0.29414827451814035,0.6288176086839091,0.20673084422926893,0.29528748857304266,0.316651510027593
0203-1.tif,0.2818044756758529,0.6131268095995801,0.19844252806137602,0.43297524017460853,0.3722306936498728
0203-2.tif,0.362418237063121,0.6084816941626484,0.32482088380902857,0.3482155679457419,0.3388268691020647
0203-3.tif,0.27894156172839424,0.638388442342283,0.2009614459308045,0.45890355589264936,0.32017955178850566
0203-4.tif,0.40819295365808267,0.5171505874851303,0.39898171533565885,0.3577958737981635,0.4242948599969283
0203-6.tif,0.3114498390022669,0.6099877402924887,0.22961755317721,0.37132741690258386,0.3367596857770993
0204-1.tif,0.31893554546415714,0.6408078529263078,0.28500388435398927,0.41833395663844375,0.31635648288727564
0204-2.tif,0.4009999999999997,0.580831507508561,0.3389625594974081,0.23892680858089996,0.3547348339411085
0204-3.tif,0.5096352519456376,0.6118783427126024,0.48173384189225443,0.24233662799502612,0.3439014295737614
0204-4.tif,0.35599999999999965,0.515622876642809,0.3042081968499654,0.31410373596005503,0.4255321129661647
0204-6.tif,0.49708812208009395,0.6111551290392422,0.46686355286100784,0.2601970891226601,0.32765130179500906
0205-1.tif,0.2801456353669257,0.6177084899896184,0.23122466095530203,0.4177933206573825,0.35239460084084934
0205-2.tif,0.27202015188807493,0.5932206486805158,0.23672062580959474,0.43536683815482236,0.3479198456272422
0205-3.tif,0.176,0.6054552310837928,0.10300285205809497,0.5344267402060666,0.3596559321755171
0205-4.tif,0.31894151451533936,0.5234035556409314,0.3168123275128051,0.45216951223683866,0.40056677415465236
0205-6.tif,0.176,0.5967173085932158,0.09674736460213915,0.47919218102182026,0.3536971550765731
0206-1.tif,0.28727794444444427,0.5910816375055405,0.20360015766625358,0.4404373308488256,0.3909505032132486
0206-2.tif,0.2535529905338828,0.5649216311064843,0.20385538644360174,0.42741901951499806,0.37958195990479077
0206-3.tif,0.38156684015644327,0.6096228288872513,0.3334103611637173,0.3160720399350367,0.3637033086159435
0206-4.tif,0.31099999999999983,0.5534408853306554,0.2494064320385822,0.42670455229735993,0.3847977995662602
0206-6.tif,0.2959999999999997,0.5728059345528251,0.22581311809189103,0.32515906068653,0.3901318720233989
0207-1.tif,0.3183207267689046,0.595056351566937,0.2855690522875106,0.42112296338858884,0.45763794212154885
0207-2.tif,0.5438751102488473,0.576891536291536,0.5367439371329928,0.2429083989471695,0.4248119837397011
0207-3.tif,0.5196646566216074,0.6040601996466739,0.4738801777347397,0.20745186706390573,0.4427030774091852
0207-4.tif,0.31596857308062154,0.59432537945551,0.286420723725056,0.4245155660750308,0.4061454666781823
0207-6.tif,0.573925559983111,0.5754125804996063,0.5500790339587431,0.20164576324875683,0.4338578757601413
0208-1.tif,0.26975659722222206,0.6417554712437052,0.18942561736185493,0.32586630292844904,0.32392278596351337
0208-2.tif,0.337880462105069,0.5922492212957579,0.299474392202031,0.41508846983276265,0.34426825224684393
0208-3.tif,0.39477050861026386,0.5939131970535719,0.3652420090933009,0.3452797684350823,0.3782828833455089
0208-4.tif,0.3514834438913421,0.5415868314973742,0.3212675585272496,0.35740923623496296,0.39659877485286216
0208-6.tif,0.41368756062147405,0.5909236081608648,0.38038364915777007,0.3119305124599892,0.36078235635365224
0209-1.tif,0.27331895238524245,0.6082913275731853,0.22749505844117177,0.42424276722116316,0.3790103687312826
0209-2.tif,0.40165155220605653,0.6004155104596219,0.3900686740250284,0.36248566311288355,0.3353089285592301
0209-3.tif,0.176,0.6162771598515232,0.09367924026883953,0.48931892515657527,0.34845113929437876
0209-4.tif,0.3192457096331988,0.5758146297011092,0.30591495157199394,0.4399970408418004,0.3525128789296878
0209-6.tif,0.30858204089506086,0.6069904931373025,0.22768972591405845,0.318767664254752,0.3405973011334595
0210-1.tif,0.4135454202507333,0.5975926940894444,0.37846387941282633,0.32634175855081304,0.42651702610885855
0210-2.tif,0.3747842854456852,0.6083949681832392,0.3319007573439199,0.3232868350796368,0.3540020906353188
0210-3.tif,0.2889466271022057,0.6231249809058359,0.2054264781477035,0.4080495450552303,0.38097276382767226
0210-4.tif,0.42390187158424336,0.5438896042531308,0.4059748366793343,0.3343361066359211,0.41491278326999936
0210-6.tif,0.4383603669363072,0.623514889271821,0.4177425133062062,0.32420518904876433,0.3277614115664626
0211-1.tif,0.4137848524305553,0.6444867260367104,0.38328311477667837,0.33210387001506525,0.33899413618528557
0211-2.tif,0.2623001736111111,0.6023751963547337,0.199508040020963,0.34200128208722363,0.34393912897230444
0211-3.tif,0.31139999999999984,0.6169668978806216,0.23487066753119862,0.34138470017209327,0.3580675748720058
0211-4.tif,0.3409583472881353,0.5408318579199954,0.30939603482480527,0.3654394391246305,0.3959719209807764
0211-6.tif,0.26980017361111097,0.5676475984859318,0.19495919449208896,0.3616828291533086,0.38556888306532355
0212-1.tif,0.32,0.6393630049515963,0.29050070543717277,0.42318164422589166,0.34613759916609593
0212-2.tif,0.30847790377633544,0.5680347321754269,0.28691840960518716,0.43562020558246833,0.38746339911077693
0212-3.tif,0.176,0.6055118507726538,0.09856649140657861,0.418403817518683,0.37277406959729203
0212-4.tif,0.2359999999999997,0.509027035763656,0.18472373073655143,0.3835807387628804,0.42104134503338986
0212-6.tif,0.4052445311593854,0.6124416046531527,0.3759890380565768,0.3402028945542977,0.33767144166046054
0213-1.tif,0.3192904652680786,0.6131914603294552,0.288835641041972,0.42182558903256634,0.3535019547702178
0213-2.tif,0.31100000000000005,0.5560871243334617,0.2365099986721551,0.3088564243148447,0.38830391345659493
0213-3.tif,0.176,0.6182458643068353,0.08721746899534008,0.4868528776218513,0.3459229165779867
0213-4.tif,0.2585872477866756,0.5305436772778027,0.22306074459099967,0.4405787028975494,0.4163768250563206
0213-6.tif,0.2510501736111108,0.5869738936965948,0.17130004922663666,0.35508571550851337,0.3680435278354949
0214-1.tif,0.35698021817751746,0.6099600650079949,0.2947324084683486,0.32312574182971776,0.3589005379805173
0214-2.tif,0.34963361665847176,0.6210643618786835,0.3034821901394975,0.34704884406751024,0.331758504939336
0214-3.tif,0.2838263780381945,0.6225666833825635,0.19738439684741185,0.42158989300351113,0.35993257658900407
0214-4.tif,0.32,0.5941984865748572,0.3024065788434946,0.4350924874375626,0.34344493683232796
0214-6.tif,0.28722084780092594,0.5926713469340346,0.20034708534077017,0.35627419449659253,0.3742833282552923
0215-1.tif,0.27852978395061645,0.6305845738809234,0.1913132130052622,0.31362097443706755,0.35153279620063177
0215-2.tif,0.4404741977004729,0.5893934252958546,0.4269967964760534,0.3248988601221119,0.3594204493489324
0215-3.tif,0.2835782407407407,0.595401623609575,0.2030215275990071,0.37046423301702003,0.4101334991501342
0215-4.tif,0.2547562499999998,0.555774006785174,0.1853282011974579,0.3686892305722715,0.40691509247190927
0215-6.tif,0.3352626302083332,0.6021480536551637,0.26670537679244943,0.40914496086065905,0.36294461290800284
0216-1.tif,0.40530334039227534,0.6146576978997979,0.37216880844510786,0.339978315828034,0.35500322162469156
0216-2.tif,0.176,0.5585439970017013,0.10706111523678105,0.4408641224460694,0.3944086131510146
0216-3.tif,0.2885015625,0.6227003572118621,0.20835634301049244,0.30884197704144317,0.3390621482594241
0216-4.tif,0.2659999999999997,0.4894526224352253,0.21217100422418608,0.3678867932567016,0.44314733801134537
0216-6.tif,0.176,0.619789600791798,0.08806022510747918,0.5172129854450006,0.32593447999359115
0217-1.tif,0.251,0.5943280494909108,0.17162368024335856,0.4021618963664158,0.35884702450046646
0217-2.tif,0.25849999999999984,0.5833193185747925,0.1909525839477747,0.35337081249672747,0.3481718480085071
0217-3.tif,0.281,0.5735975900420421,0.20871237579652374,0.42477640798796373,0.3725865570616438
0217-4.tif,0.176,0.4185220842369798,0.1305107999248248,0.4491712809677316,0.49682307468333287
0217-6.tif,0.2935566358024689,0.588621708321281,0.21220329718944042,0.3412257162292966,0.3567174405224912
0218-1.tif,0.3164082088456339,0.6175728833402121,0.29051714190334,0.427752689093745,0.33298239282942677
0218-2.tif,0.2503666456604655,0.5989778309184239,0.20911200375677055,0.43758375256670234,0.3246482867802552
0218-3.tif,0.2762201540267013,0.5950610569136133,0.23199980137319332,0.4241549308225215,0.35237336228996996
0218-4.tif,0.3155016342920062,0.43119854778318034,0.3287803629273887,0.47018096587683866,0.4811942613592715
0218-6.tif,0.2922793402777777,0.6044260203366245,0.21886634818400266,0.3893739248415251,0.3356638924624577
0219-1.tif,0.31802103181141095,0.6319885991757552,0.2931899234876021,0.4288980942336153,0.36053453185223633
0219-2.tif,0.176,0.6188915246512301,0.09913689073624199,0.41699232835956657,0.3229352862836517
0219-3.tif,0.176,0.5883166860663833,0.09903601889065755,0.41622342382073046,0.3850685978318507
0219-4.tif,0.176,0.4600674869563444,0.12122249860681092,0.46058380312054853,0.47712316941305205
0219-6.tif,0.27302650105165766,0.5996742876437439,0.22365351884100476,0.41976082504309387,0.35118674201001615
0220-1.tif,0.31651314674183617,0.628575531977537,0.28121149245804616,0.41775917301844523,0.33337655019959406
0220-2.tif,0.176,0.5693995799318734,0.09708749725220828,0.4143194133161344,0.36722944460143736
0220-3.tif,0.2905522324535036,0.5648939609302953,0.24825124706533375,0.42044321647368815,0.4002793811753045
0220-4.tif,0.2727592979453037,0.5413111176575665,0.2454773634499139,0.44351794030278807,0.3839405488081997
0220-6.tif,0.2509024962527949,0.6215827689391886,0.19751269231085486,0.42416666796636376,0.3106656540282073
0221-1.tif,0.31543820545238616,0.5833811441116221,0.29583828422921205,0.43518202883889834,0.3824375693638477
0221-2.tif,0.3900171539280519,0.592490585329153,0.357497894969767,0.3219801095646196,0.3554606596729948
0221-3.tif,0.39444369627238784,0.5943913515759538,0.37666235863757463,0.3590292023317688,0.3704651203448303
0221-4.tif,0.3096596426718173,0.455565759614195,0.30478272630290487,0.4530141453666472,0.48383526967762064
0221-6.tif,0.44693214305036616,0.6021414113037256,0.41126183821973017,0.2835654397685167,0.3545804872421159
0222-1.tif,0.5266592790266951,0.6135592183151826,0.49736006533452,0.22493961459824416,0.34441671670782575
0222-2.tif,0.4553209796606265,0.635542645536182,0.40767906982506313,0.28806285788895375,0.2989224027935229
0222-3.tif,0.3372013888888885,0.6170463686585801,0.2539165347109276,0.25545958027253934,0.3384020595708521
0222-4.tif,0.43498847815941966,0.5816313043934779,0.40440408884734774,0.3004608979832746,0.3682125829764853
0222-6.tif,0.3811592013888886,0.6015614117255466,0.31262218243190826,0.30820943102543075,0.3436092340396687
0223-1.tif,0.267405265659901,0.6147117388585754,0.21351564741651297,0.4177180849656085,0.3601062313376247
0223-2.tif,0.32599999999999996,0.6055068618253618,0.24579116118663555,0.2749403318391959,0.35635879336219023
0223-3.tif,0.3522562499999998,0.5537303417867995,0.28144239662514614,0.2737077485810841,0.41604103231326867
0223-4.tif,0.176,0.5915681052601764,0.10964996154014951,0.42895190189933846,0.3440644133059055
0223-6.tif,0.176,0.4946180757458067,0.10914861714121231,0.4284745332035107,0.42875005064395255
0224-1.tif,0.2568280110568849,0.6095252025611655,0.21007302421371282,0.4298496538617325,0.36174463518544564
0224-2.tif,0.28849999999999987,0.5855195710450196,0.20697168217583478,0.36619824646358035,0.362070200530576
0224-3.tif,0.3710102358092011,0.6090963532640254,0.3201336358363938,0.3691946132459214,0.34493527700584387
0224-4.tif,0.2843067562891474,0.4267005209152369,0.2696374216892691,0.4526573487208433,0.49985768319980395
0224-6.tif,0.25703667195698693,0.6047542940688113,0.20814081377846255,0.4266908051702803,0.3355124370771092
0227-1.tif,0.4217136488340184,0.619433247019364,0.39544546338069125,0.33640980652099883,0.3614450575970094
0227-2.tif,0.2848448676215278,0.5914933924852954,0.21795813553293383,0.4693745466844882,0.3578244228029101
0227-3.tif,0.28250927777777746,0.6205530938266743,0.2024961668093154,0.43548322071954165,0.36398464816663734
0227-4.tif,0.3609153452116749,0.5366766083795126,0.32618972100088245,0.3524016054130186,0.4114159951261067
0227-6.tif,0.36077698206852893,0.6063688165218729,0.308895137678583,0.3307278792234623,0.3548301911284185
0228-1.tif,0.33982345323228413,0.628720728937025,0.2852337438362312,0.4000032131201542,0.3408854257905186
0228-2.tif,0.41501884658698723,0.5675202598074898,0.38984105880165426,0.33940625677896186,0.3727145025068207
0228-3.tif,0.2726263452708906,0.5961509167139283,0.19618913751574302,0.42799315327198834,0.36400159710966795
0228-4.tif,0.3775131398631967,0.49861120130042247,0.36026221043278933,0.3608731765582083,0.4212882068487883
0228-6.tif,0.2792452823591818,0.620130548194343,0.19630059999133048,0.3170819348726716,0.3151557820256613
0229-1.tif,0.27523350550964104,0.5850241689874549,0.19447599177722463,0.34918423710579194,0.45668598131314736
0229-2.tif,0.3472964229983924,0.5758308319026773,0.2953480373300525,0.39931205118710505,0.4035820667791874
0229-3.tif,0.35339748971685686,0.6230227414630255,0.29787656396882956,0.3371844390344594,0.3971753792116843
0229-4.tif,0.28210051374716444,0.46015676335063566,0.22720730729186317,0.3818853467139744,0.5129019486627445
0229-6.tif,0.2713820294784579,0.6166472435609482,0.19943075576512764,0.42664429203274434,0.35856547648841336
0230-1.tif,0.176,0.6297013027759296,0.088439074996581,0.40575439448926937,0.3385164059177711
0230-2.tif,0.176,0.573446691639421,0.1061237160618969,0.5452555588098598,0.37072004762615923
0230-3.tif,0.176,0.6010846635771029,0.08927772799419999,0.5192588060033057,0.3635965756873954
0230-4.tif,0.2801131939690852,0.49691728151662756,0.26059075544728055,0.44914374274468055,0.4326179037911888
0230-6.tif,0.28099999999999986,0.5927706141879263,0.1948894563083074,0.35866439976658027,0.3640706212394693
0231-1.tif,0.3454418230237467,0.6190569096945617,0.2984457292404591,0.34957290810944264,0.3596905005727342
0231-2.tif,0.40674284318848225,0.6016634478635219,0.3858019626160313,0.35020456675712436,0.346421134387979
0231-3.tif,0.2528819444444443,0.6036590328876406,0.1733553071771477,0.35817754583704065,0.37616542622551974
0231-4.tif,0.3963661779120825,0.529509688046601,0.3886807678521765,0.3726421411639455,0.41338364154483037
0231-6.tif,0.30250374149659826,0.6118319779642967,0.22401951360397665,0.29872484635859436,0.33823320695575554
0232-1.tif,0.40112881405376966,0.5944028964974718,0.36869595912184994,0.3364911841374125,0.3834358528121539
0232-2.tif,0.3662982383258732,0.6153615389632356,0.3220942056053764,0.33634176605108496,0.3324230553968032
0232-3.tif,0.3206648888888888,0.5933704261916549,0.2423514498471839,0.3493291070694753,0.38757069375060726
0232-4.tif,0.4137543402777775,0.5993909784191421,0.40202534437891696,0.3514484990243263,0.3340800941387632
0232-6.tif,0.33889388020833244,0.5890011290438127,0.2576123557497541,0.3770482756499562,0.367568192378348
0233-1.tif,0.176,0.5926584277491204,0.09091017326610101,0.4384476529817653,0.39136823618654853
0233-2.tif,0.176,0.5889433290100032,0.10136052951312403,0.4282088922824807,0.3634807461705378
0233-3.tif,0.288073293270231,0.5905786767523823,0.24163824810210605,0.41735666540540733,0.38916923430515454
0233-4.tif,0.176,0.5948821149667858,0.10015622011103516,0.5109486386038447,0.34829224601879694
0233-6.tif,0.2532448646691146,0.619434678867856,0.19725066813767034,0.4206772452378456,0.3272573835021006
0234-1.tif,0.32,0.605895538427125,0.28965358495639454,0.42182114829556594,0.36543240793762116
0234-2.tif,0.24656743091699632,0.6118663691955533,0.1911444046813696,0.4840244822976746,0.33838244668549056
0234-3.tif,0.176,0.5510996001126769,0.09510928741149187,0.44530182600538437,0.4330058038836909
0234-4.tif,0.176,0.42506870081727516,0.12117153979864209,0.5013678950356425,0.524859640346694
0234-6.tif,0.3485824353947538,0.6226095956492177,0.29608297609610046,0.38110647936001635,0.32373175060964465
0235-1.tif,0.28849999999999987,0.5420491502059172,0.21825244419196888,0.3675390127351516,0.45816262326949825
0235-2.tif,0.350222145061728,0.5752311212088802,0.2757143935275796,0.2698303296957211,0.3830533635575782
0235-3.tif,0.49825705341854204,0.5516149048900683,0.4949189279369425,0.27159243078979434,0.41914496758783915
0235-4.tif,0.44875179091237083,0.3943360466899703,0.4723189573827244,0.3472573751597808,0.5461590917928774
0235-6.tif,0.31561555555555554,0.6105855214195293,0.24922481289107223,0.4035275779418496,0.33825145647395316
0236-1.tif,0.2456606972870866,0.6195963125011968,0.18378213021011525,0.47802318830017243,0.35488304483918137
0236-2.tif,0.176,0.5633704083584643,0.107083881523406,0.5061804035669245,0.3812021901378653
0236-3.tif,0.25100277777777763,0.5971514411203913,0.17020680651317271,0.3563519269146495,0.3651776788104585
0236-4.tif,0.24883276930395315,0.49177400504958957,0.2200357599616954,0.5118124644027248,0.43311967112319544
0236-6.tif,0.271778255208333,0.5900305436821062,0.18846854254375828,0.375431982333233,0.35830342776548973
0237-1.tif,0.3194950621734669,0.6269014697223223,0.29132259166933205,0.4241499686756928,0.33090755222717655
0237-2.tif,0.28849999999999976,0.6185870422999763,0.20911836994341493,0.3801690205067908,0.32121748806731276
0237-3.tif,0.3790840277777777,0.6154743467441177,0.29197570194849765,0.23530350050672547,0.3438358087507515
0237-4.tif,0.4022237497995601,0.5536926528699071,0.39515487234858415,0.36693588663952853,0.3640102735244509
0237-6.tif,0.3811584050194669,0.6065801322118526,0.3404459215818588,0.3217850414891727,0.3378242922515713
0238-1.tif,0.34339850431643504,0.6214347682210031,0.29494056254033935,0.40172907205006086,0.3564192120857738
0238-2.tif,0.2707354166666665,0.5811994000642975,0.21298734624418797,0.4759170811909644,0.35374149598252475
0238-3.tif,0.27816968336483805,0.6242806119190186,0.19523079584805264,0.4447103129994131,0.35710311578537773
0238-4.tif,0.26935589192708304,0.5261489827965846,0.21853219215537234,0.49745056377949515,0.40447346077037755
0238-6.tif,0.4272871724624288,0.6003864324227898,0.3974674380375725,0.3180174023177631,0.3585987599590167
0239-1.tif,0.27102852527006127,0.6427782112272051,0.18474686066902496,0.44208658072928414,0.30431451667307924
0239-2.tif,0.2762627222222219,0.5676279521057699,0.19699151921185404,0.3796550199536746,0.3876011387896951
0239-3.tif,0.27802953777777745,0.6224386265078248,0.19125159375579698,0.31733542864503067,0.3285600864414806
0239-4.tif,0.41714999813868814,0.5927628007078745,0.3940501149052393,0.340283106268279,0.34622737500696527
0239-6.tif,0.3791716565971166,0.6023141169391396,0.3393714108008364,0.3368880354317268,0.3378662910993619
0240-1.tif,0.26779780329141434,0.605578980040567,0.21317597727999893,0.416834264696369,0.36245304023671215
0240-2.tif,0.2734999999999997,0.6052706937658983,0.20444123543446427,0.3292263989184633,0.339370808211102
0240-3.tif,0.31855017361111077,0.634922061382651,0.24602145477795068,0.2794520019832262,0.3262286981683648
0240-4.tif,0.27283029344702925,0.5256583744521097,0.2458947376108177,0.4441082578646917,0.4126230549464827
0240-6.tif,0.3420129500379975,0.6410042311916349,0.28509125984127615,0.3884852119628863,0.2916712597991159
0241-1.tif,0.4118732853690541,0.6123980325791493,0.37978405836860185,0.33433611679202746,0.3483718890315194
0241-2.tif,0.37047232901969507,0.5837063994981518,0.3341907637167663,0.34665669724192705,0.3582607182308062
0241-3.tif,0.2727256369165015,0.6397136739261857,0.18760718184498087,0.46466386522593983,0.3090410850389256
0241-4.tif,0.41989125395985005,0.5874532549027932,0.4057529562090468,0.3465229917528088,0.34129204655284984
0241-6.tif,0.4251094466382799,0.6044976581443523,0.39501529881783193,0.32296771930291673,0.33862268303550386
0242-1.tif,0.176,0.5958550512932591,0.09631930711809508,0.5193128788729663,0.3942841536519461
0242-2.tif,0.176,0.5316184052137382,0.11262012761902289,0.5693161818563848,0.4100420828884069
0242-3.tif,0.176,0.6120139906642207,0.09600845736561221,0.5029839819437346,0.3528102148121794
0242-4.tif,0.2970323654487843,0.3983939409493,0.2998367251530618,0.46647794952796945,0.5330779186064999
0242-6.tif,0.176,0.5835172716632315,0.09376037008636352,0.4313369362826564,0.37126934607209766
0243-1.tif,0.37777937382616855,0.5991942834106565,0.35188988339087307,0.3640809235793488,0.4033456332356148
0243-2.tif,0.3702818198337633,0.5052357278919235,0.3552279349620638,0.37699173898442834,0.45828218793683395
0243-3.tif,0.3077376736111108,0.6083988332699575,0.23447118043125798,0.39631176615253033,0.37462165600331837
0243-4.tif,0.23975000000000002,0.48558558209723446,0.18654123531448377,0.5146977646731115,0.45521015667087444
0243-6.tif,0.2996949759945121,0.5779621542081933,0.22690170562101453,0.45294265190069993,0.37209011922878366
0244-1.tif,0.42545397805212487,0.6384511697414748,0.39652070213529433,0.33242730246578395,0.33931124690686376
0244-2.tif,0.2872131928697398,0.5872563171886213,0.21246799736304475,0.3611708521040967,0.3653954019614638
0244-3.tif,0.4106011923028785,0.574073835410579,0.374441852467599,0.32624509476263513,0.41366268037877363
0244-4.tif,0.38519809699186475,0.5837535640357399,0.3542353480017697,0.34420024240853386,0.356865195415246
0244-6.tif,0.30528290462018065,0.5928408725389163,0.22162797037570175,0.3203380899697774,0.3603374219453137
0245-1.tif,0.39014086414306437,0.6086438787043968,0.34263353364980836,0.3199500221897999,0.41626539948864894
0245-2.tif,0.43017122888440634,0.610731539922839,0.40901131487112485,0.33145838935779376,0.3642590260164562
0245-3.tif,0.40512789621923606,0.5581104035344518,0.3668615607580782,0.32028629967699707,0.48242679087956075
0245-4.tif,0.38736689734380264,0.6017007891757029,0.34504851801175596,0.3212448506501608,0.375491936922717
0245-6.tif,0.2846538676215278,0.5421367585744388,0.2092176971352811,0.3703533976545148,0.4545375855992089
0246-1.tif,0.3095607608030053,0.608476215743577,0.2722658093296292,0.41916981928809677,0.4187185208640848
0246-2.tif,0.310128510944389,0.5966484449373647,0.28637535494816035,0.4327161018659753,0.3742451206055853
0246-3.tif,0.27591108499702294,0.6141459200443363,0.22102053216406592,0.4135413906266875,0.3896663876118892
0246-4.tif,0.32,0.5768510260256158,0.30222661356186864,0.435141654097125,0.3869683821655622
0246-6.tif,0.2872540555555553,0.6120958566699911,0.2027610773070614,0.3070026233666021,0.3519965924282563
0247-1.tif,0.176,0.6053630629645467,0.08776989485097318,0.47709992630655684,0.3523091527086062
0247-2.tif,0.176,0.5786473047359154,0.10448351830379324,0.49471204283389825,0.3563867968786046
0247-3.tif,0.176,0.5129255626122857,0.09891821977492996,0.47218966022823095,0.4537972158669118
0247-4.tif,0.26676831706811566,0.42383408271591877,0.25589195255065944,0.46380061180950516,0.4919414123012551
0247-6.tif,0.24725277777777777,0.6151921635358623,0.18209863630661094,0.486107650900498,0.3183861117075024
0248-1.tif,0.176,0.5570917072393271,0.10014082407196027,0.41620996852259157,0.39580385492640624
0248-2.tif,0.3034999999999999,0.5977482814350151,0.23638908758517682,0.3115574697469951,0.33137006960725623
0248-3.tif,0.176,0.5977016581280887,0.09458109650192632,0.49202997141125493,0.3550593126469841
0248-4.tif,0.176,0.4178166135332259,0.13167716174351848,0.5375717998458325,0.5018294820578747
0248-6.tif,0.27053805555555394,0.6012800227203047,0.1953159417181131,0.40830769225843416,0.33999246126816657
0249-1.tif,0.3287761101569001,0.6325682701508344,0.2651057103959602,0.40450747165362005,0.3184914753378848
0249-2.tif,0.371354676363412,0.5557915217178384,0.3483995123466719,0.36765560501664774,0.3903685046316037
0249-3.tif,0.28861736111111097,0.6020994763247504,0.21809408052199053,0.4533167169559987,0.35056117545276394
0249-4.tif,0.176,0.5165092397794644,0.11348927480985663,0.5557912561103717,0.4049223709884405
0249-6.tif,0.3110763888888886,0.6119774289038451,0.2329238016318858,0.288627915833226,0.3295033951138674
0250-1.tif,0.3851408986517066,0.6072943491840318,0.34580942457736297,0.3267365903591359,0.41498585178502745
0250-2.tif,0.29864036395103444,0.6461991363654529,0.20921743991387415,0.28433207077886113,0.32805087799454974
0250-3.tif,0.30188397962322133,0.6146316051848258,0.2142140331214368,0.2870663086207195,0.4114381667805852
0250-4.tif,0.4256191203125691,0.5574158425288338,0.40468037540137924,0.3160073684300978,0.4205968187963804
0250-6.tif,0.31234535416666553,0.6029727019576249,0.22811569868166662,0.2889047257650052,0.3841121880636466
0251-1.tif,0.3965137962558798,0.586928176946083,0.35357029922991523,0.32855474638874843,0.36835671701888417
0251-2.tif,0.2539860525267078,0.6211891881888565,0.1937210979955719,0.4154233840192109,0.3067579510413527
0251-3.tif,0.26978402777777777,0.5882746324181578,0.18700166828568965,0.32021718247614495,0.36026326830588523
0251-4.tif,0.33725277777777773,0.5854827363932267,0.2653819548170906,0.2754594208589023,0.3376938324801775
0251-6.tif,0.3122815538194441,0.6078130878179576,0.23256172022154775,0.3657447070692608,0.3262155451206963
0252-1.tif,0.29723827922572754,0.6441682271007323,0.20913419845414688,0.44183247408695464,0.3157189658941123
0252-2.tif,0.3037079526486507,0.6347570013635063,0.21877528509817598,0.2911552266417841,0.3058225210957279
0252-3.tif,0.4536884401089469,0.6244014191860472,0.4181307033717861,0.29369190148655555,0.3446188520194126
0252-4.tif,0.3104784259918507,0.5825225480492283,0.23203664875529995,0.31069216266290267,0.36998952374801364
0252-6.tif,0.3112798300107077,0.6036997558867717,0.2299370894106907,0.3361705507737175,0.3459596104047408
0254-1.tif,0.39277907678338037,0.6070060137516015,0.34806513439345227,0.32382385856063645,0.44653819782724047
0254-2.tif,0.4013595072213722,0.5975875938246598,0.3692700258950157,0.3387630608585542,0.39574498310798895
0254-3.tif,0.295072048611111,0.6313061663787138,0.20602827232400905,0.44042387590381726,0.3484604369177341
0254-4.tif,0.417123397261008,0.5646682641965661,0.40811197874161637,0.35694781770657935,0.3760107055671012
0254-6.tif,0.41141760911599645,0.6118708543717425,0.3647522349262526,0.3020037259248763,0.35053248313243357
0255-1.tif,0.4854612414809786,0.5702100199943084,0.4392338784833769,0.2506286620886922,0.4020475093887834
0255-2.tif,0.25849999999999973,0.6069115288806246,0.1885812840963273,0.34444217967280655,0.325818390377377
0255-3.tif,0.176,0.5943163885916477,0.08689320737355034,0.4485608025324672,0.36399779866195037
0255-4.tif,0.3187013642591619,0.5799632480249103,0.3093591684819583,0.44439551459087107,0.3345330627824905
0255-6.tif,0.25849999999999984,0.6231947909231619,0.17442557323118552,0.45170368155713236,0.3122787167615431
0256-1.tif,0.4308684658239521,0.6074812013141647,0.4083476014973112,0.3231604256493861,0.35956884258297084
0256-2.tif,0.4236539059376442,0.5742727133050793,0.39540486268369424,0.3070086023923195,0.37971280415935615
0256-3.tif,0.2855813888888885,0.5501955862513412,0.21070359420170964,0.36007326524576283,0.43106577998315176
0256-4.tif,0.344775,0.5487545302716748,0.2892137405463679,0.36691277089549373,0.3794199435411154
0256-6.tif,0.41254981553819425,0.5753849850466962,0.33544991654839995,0.2527963627730431,0.37381224105291433
0262-1.tif,0.3179775650865321,0.6270816167430721,0.27793709200298955,0.4115797012132112,0.31041569141571623
0262-2.tif,0.176,0.5996138768006666,0.09656906781852767,0.5090577117597078,0.3239279549006265
0262-3.tif,0.2734999999999997,0.6166349175809365,0.1861156302866062,0.3895650936539809,0.32399270596459767
0262-4.tif,0.27774508205226733,0.5687289214821374,0.2437183853722039,0.43413467411002266,0.3600241090857894
0262-6.tif,0.25100861111111084,0.5981900056516145,0.17092016652446457,0.3567461201041987,0.3377414061364456
0263-1.tif,0.176,0.6148538701751206,0.08696348166304958,0.41762641270908757,0.35245197833116526
0263-2.tif,0.35869068754263117,0.5994778149649329,0.3131860633392049,0.3323581798598873,0.34098164667112385
0263-3.tif,0.44795519910161885,0.5860662396073859,0.42090182525365405,0.30263162497101287,0.38849962999718685
0263-4.tif,0.2588604648295886,0.5836115659589011,0.21450777266604454,0.4308151353972462,0.35084302417453844
0263-6.tif,0.2946120555555552,0.6263569927673236,0.20665768842460785,0.4359576238596804,0.3136901365265186
0265-1.tif,0.42522097311397405,0.5767150447886515,0.3890716651026605,0.31092232002375136,0.3985057686008364
0265-2.tif,0.46376531671584026,0.5783337945151925,0.4421707781811108,0.2981055756168218,0.37476506705138074
0265-3.tif,0.4527253285582245,0.6288319170035275,0.4280171237064343,0.3070421899489268,0.3327437481144448
0265-4.tif,0.35457997272475816,0.5563209142711653,0.31909207197103007,0.353531073901618,0.37784095022977504
0265-6.tif,0.38499526909722204,0.6117217163417514,0.3031614094498457,0.218295533707312,0.3283636779491596
0285-1.tif,0.520577165141661,0.5679021404706274,0.47138641096127537,0.22969309479429562,0.42078303054495675
0285-2.tif,0.32393765432098753,0.5499364664336007,0.26102743514235904,0.40728650247595666,0.39786727160903923
0285-3.tif,0.3999657613774099,0.607561621722826,0.3426634659172857,0.3409178989376894,0.37373679985428443
0285-4.tif,0.3699826841366783,0.5319842215016974,0.33342055003114446,0.3903408284669552,0.3979120714551934
0285-6.tif,0.36798325617283867,0.5991376520485471,0.30143560246832424,0.33147392131365455,0.3514970289143176
0286-1.tif,0.176,0.6489862343860929,0.08756043062988939,0.4023545748493485,0.2773355388470436
0286-2.tif,0.4275647603769924,0.6238461404514444,0.3736203644113939,0.26509628103328486,0.29931252574878986
0286-3.tif,0.28099999999999986,0.6055867542413051,0.1991186200765883,0.38399226366775485,0.33404230904569027
0286-4.tif,0.27349999999999997,0.6103310882495366,0.19400093247282899,0.3253576212943433,0.30792983997347134
0286-6.tif,0.176,0.5873938845197676,0.08649791773963897,0.473346373351513,0.3442632887330338
0287-1.tif,0.4147079359779834,0.5963837112979634,0.38555467008056266,0.3211397585635938,0.3584828154155762
0287-2.tif,0.28859999999999986,0.6144209032924492,0.21634212295700628,0.3158363880372288,0.3098151598919517
0287-3.tif,0.34099999999999997,0.5628811134307867,0.2681092808426767,0.30840598670055946,0.4044987721790231
0287-4.tif,0.176,0.5391501676752344,0.1071604881547095,0.4988152484684299,0.39169694770711794
0287-6.tif,0.41388660840307456,0.6343303442430489,0.3638814500434652,0.33351988686901995,0.2914502555931333
0288-1.tif,0.176,0.5673327546108242,0.09841915177678473,0.47289239894931223,0.39863236708400496
0288-2.tif,0.2959329874174659,0.5473314498299455,0.26835408551852075,0.43382807870951395,0.39749583838320435
0288-3.tif,0.176,0.5936555883888984,0.09735072696818785,0.4266242253144267,0.3673736283600212
0288-4.tif,0.176,0.4087959987051105,0.12947501484537688,0.4803620403965939,0.5163614494675518
0288-6.tif,0.314719597432234,0.6031129257238494,0.2853016058293798,0.42424125146814134,0.33646697429993083
0289-1.tif,0.3039901438357672,0.5885548074697109,0.27067590468387404,0.42467968113242666,0.36885223502675335
0289-2.tif,0.176,0.5668033853997878,0.1053244519481005,0.494069118176962,0.35933396848008126
0289-3.tif,0.31099999999999983,0.581797926955569,0.23974375236076612,0.31552539170253935,0.37048266468215413
0289-4.tif,0.31710167997747307,0.4276714587140227,0.3297732375817808,0.4687659860201294,0.48096778850955757
0289-6.tif,0.26107151262119926,0.5835625545092412,0.21092654851523418,0.4234786866829531,0.3415531210951938
0290-1.tif,0.3904902245579196,0.5542857337782046,0.3497823583412297,0.3101175755928816,0.4231014342494862
0290-2.tif,0.24274742631439128,0.6093208132291786,0.186843436432475,0.48485448232323225,0.32296526842559464
0290-3.tif,0.26856219135802434,0.5952891822621235,0.19150943510656337,0.33724504939068356,0.35941086852680937
0290-4.tif,0.2885,0.5763749117085516,0.22796010194225164,0.3187468548677467,0.34106255004243324
0290-6.tif,0.40306442939110043,0.5993492636061206,0.36777233279501553,0.322439990468971,0.3419065081345631
0291-1.tif,0.3859999999999997,0.6388052544649624,0.3013574951392463,0.22583957490275663,0.30617151044664453
0291-2.tif,0.176,0.5923067758794179,0.09796692451306074,0.5411748988732457,0.3308181267440526
0291-3.tif,0.42496789553784087,0.6156121793336542,0.40251488557303217,0.32530439269572553,0.3368585493821499
0291-4.tif,0.29778839300155646,0.5426797612982007,0.27321147471204726,0.43630577620803374,0.3970124370140918
0291-6.tif,0.38484201388888867,0.6058254578407153,0.3075461616094576,0.31054181254828517,0.3264016026520637
0299-1.tif,0.31504173059490675,0.6179997583524683,0.28545313712756354,0.4241101165202258,0.3198503180110503
0299-2.tif,0.3159035952311372,0.5897808731203246,0.2887859858601909,0.42610887602980185,0.32896344337535677
0299-3.tif,0.24126048778283,0.6056573225622639,0.18780373781219034,0.4881416737544097,0.32747755141704343
0299-4.tif,0.176,0.4260696010090021,0.13032291219032235,0.4540890089481683,0.4772608231128174
0299-6.tif,0.176,0.612370420097651,0.0889010282117663,0.4848683572192149,0.31145831016673553
0309-1.tif,0.41898690171897546,0.6151956740683425,0.3853151975964252,0.31788641269451395,0.3545678791938447
0309-2.tif,0.28651587987263216,0.5882567586314225,0.25026562119546886,0.4283508268798155,0.35290740384235825
0309-3.tif,0.176,0.5891171928347778,0.09595522805474735,0.4909222750082341,0.3828054645689919
0309-4.tif,0.28362715419501056,0.5879599136797797,0.22363524943060525,0.3320725258396604,0.33683143261899284
0309-6.tif,0.38842704328602273,0.6183635284564771,0.3400089289474224,0.30626796336073986,0.3277915762712855
0311-1.tif,0.3145400902623191,0.5893693227523837,0.2784476111617705,0.4176651509194797,0.3753847204049255
0311-2.tif,0.4339898518222113,0.6052389091370709,0.41267200962998857,0.3205061849951824,0.32882933633224964
0311-3.tif,0.2681167189988619,0.6075127493331639,0.21371032864498654,0.416548888804356,0.34758514719565253
0311-4.tif,0.176,0.4990959415148868,0.11999813748668314,0.5483258424797168,0.41593177483685667
0311-6.tif,0.4634832331541232,0.5975383913804312,0.4373271586050465,0.28780697955988344,0.3426704590631424
0312-1.tif,0.176,0.6311715367822655,0.09162350186102311,0.5163431792991279,0.3440046087609482
0312-2.tif,0.3939514754888633,0.5663170939797391,0.35974786107684664,0.30689556429407266,0.3813978352566526
0312-3.tif,0.4829074066961474,0.6017992714562133,0.4488647632053534,0.24168079230738657,0.3860714905170338
0312-4.tif,0.176,0.577443302837183,0.11334189351792479,0.5329036420280469,0.3650619002998018
0312-6.tif,0.2735210069444443,0.5964727986941523,0.20340140108298826,0.41773079189658513,0.35481472818490606
0313-1.tif,0.31973790941209823,0.6188222941955552,0.3007375888723335,0.43356653932505,0.3071896885243566
0313-2.tif,0.32599999999999973,0.5780201539682575,0.2556669072567866,0.2757783468178302,0.3471396792113372
0313-3.tif,0.29513877164216984,0.5617656492964074,0.2640910811565652,0.4305167380520824,0.3849672650084287
0313-4.tif,0.176,0.42054550365132726,0.13592492604158804,0.4624492137791719,0.4852580539764369
0313-6.tif,0.49085827480500666,0.6303372657106053,0.47359175666730696,0.2640539472055669,0.28829828429014004
0322-1.tif,0.4689858668015333,0.6221427678333011,0.41193204697927166,0.23622688496410804,0.32547345685964724
0322-2.tif,0.37310163387761863,0.5751140164060111,0.3439218537445222,0.38043181749712873,0.3564724386177629
0322-3.tif,0.3668828043760337,0.5831245767052653,0.32661278775609714,0.34154208053249274,0.3776144535152993
0322-4.tif,0.39245081210772703,0.47465361058625866,0.3803182843951908,0.3407893866099682,0.47255112172288155
0322-6.tif,0.3393798122086612,0.6337700222676899,0.2975466420202822,0.34353320096503065,0.28854938193026064
0324-1.tif,0.2511674841517416,0.642535895736844,0.19300747242337146,0.41946542379243007,0.3110816092585139
0324-2.tif,0.2685411444529119,0.5648426235845145,0.22415383858260568,0.4268462327463932,0.36955739717499797
0324-3.tif,0.176,0.5892014777540022,0.09164119994736677,0.4107216298094388,0.3806112506916063
0324-4.tif,0.176,0.5703316740974275,0.1096884074927888,0.4274747844991688,0.35144080687124285
0324-6.tif,0.176,0.6165796508749328,0.08920893514587791,0.4805238435577461,0.3238016863103482
0327-1.tif,0.303919640438615,0.5796138797823722,0.27149444535654926,0.42565783749355535,0.37277478595373226
0327-2.tif,0.39349999999999985,0.5794928982354943,0.31840358628544424,0.2513721435494045,0.35966339998031444
0327-3.tif,0.3953475309088293,0.6068487993063942,0.37000388981094956,0.34699631925278773,0.33792065449766173
0327-4.tif,0.3484999999999997,0.5801798490838219,0.2872734678041208,0.39835894901419105,0.3282926363554533
0327-6.tif,0.492524889383961,0.5770804715331537,0.46753219338734603,0.25634881730453285,0.36193280527847493
0358-1.tif,0.31325608940640925,0.5777143395426777,0.2779574976324401,0.418910155620776,0.3905415386865959
0358-2.tif,0.3195955450474757,0.5977325589308268,0.3022988854917364,0.4354118152744852,0.3274490781767389
0358-3.tif,0.27452868301381583,0.6106451337672629,0.23236244387645014,0.427106572839401,0.33727973564950786
0358-4.tif,0.176,0.5170304704089085,0.1192440652519964,0.4390185860395268,0.39670828273258063
0358-6.tif,0.24979579546475292,0.6311491968425158,0.19668636220623442,0.42494190584200875,0.2961421262287162
0363-1.tif,0.2935013888888881,0.6440228396533509,0.20978154135417965,0.44969346360482476,0.3056506605395212
0363-2.tif,0.4557829939760384,0.5446695377230748,0.42957685334965706,0.287645351864941,0.40194917201951746
0363-3.tif,0.42248963176112025,0.612315223489311,0.3757165605759744,0.2828806106953655,0.3347165569552703
0363-4.tif,0.4134736655029469,0.576263745673636,0.3814942096614514,0.30327141032049837,0.3479406535505638
0363-6.tif,0.4382968348902101,0.5947129948232195,0.39737909230145574,0.2885857863941645,0.34620412614483626
0368-1.tif,0.3987979709359236,0.6234017897544538,0.351730110558182,0.28619104124015393,0.3069472848784875
0368-2.tif,0.31589283854166633,0.6232641154776738,0.23217127173331237,0.26972251681301584,0.29811091929013867
0368-3.tif,0.3125058024691355,0.6294330349399169,0.23421561503930693,0.4062687001646555,0.2990435599266582
0368-4.tif,0.3140486002604165,0.533798807056491,0.24524435232577738,0.30325846180721505,0.38484732054103854
0368-6.tif,0.4808196986258869,0.6254510451205059,0.456002547438827,0.27017243132945634,0.29820212044582006
0369-1.tif,0.29350215419501036,0.5589737521757544,0.2076112739586868,0.36723779312835514,0.4898328740741677
0369-2.tif,0.4097858850423409,0.6078988796260041,0.3555330686646945,0.275481392308847,0.37378427192747765
0369-3.tif,0.2876233024691349,0.5592607775051007,0.20767524631248024,0.36251773303864177,0.42846956708280076
0369-4.tif,0.38150909629668983,0.6010156776258393,0.3412584087308059,0.32287589526924015,0.33229583021583814
0369-6.tif,0.48650238312545885,0.6144483650010115,0.4551888137344408,0.26387548513411024,0.35539766986280563
0374-1.tif,0.42661289839001104,0.6021377995769737,0.38950345426083355,0.29132342135475886,0.3502226229345664
0374-2.tif,0.31627555355663195,0.5842224733543797,0.2848383553368622,0.421368763644808,0.34473625765064225
0374-3.tif,0.38228402777777765,0.628524650447141,0.298550734985341,0.3745512931606759,0.30838197222436864
0374-4.tif,0.37099999999999966,0.5656391783247358,0.30553597533561294,0.38507169318591594,0.3576716774742529
0374-6.tif,0.37402052469135777,0.5865759860788106,0.3026886173315539,0.24325721550622165,0.34993183581973053
0383-1.tif,0.176,0.5694359213536623,0.11179022782715452,0.43203075176960576,0.3536115345877844
0383-2.tif,0.251,0.6098617539609718,0.1793898920163185,0.3543878861775524,0.31763291740202976
0383-3.tif,0.3556503239904216,0.5438868780877296,0.3328722732095598,0.37431422895820277,0.3904613227168901
0383-4.tif,0.27721107067737527,0.4301692663534775,0.2740630717483199,0.46778748296116796,0.47877903925368204
0383-6.tif,0.3097070928218987,0.598122189524432,0.2785937177025514,0.42437808936450605,0.3367259736140165
0384-1.tif,0.2791295138888889,0.6081163736344057,0.19666357503019183,0.31939448894835837,0.3488019379207277
0384-2.tif,0.49622593754861233,0.5757627518676234,0.455160466065034,0.21608682718469652,0.3496411967209024
0384-3.tif,0.33361404320987614,0.6232495406525829,0.25712233542405694,0.26717333800119125,0.32531250465698325
0384-4.tif,0.25627272788946054,0.5586115695903571,0.21598411530740003,0.4361683224207575,0.37622006936776803
0384-6.tif,0.3455640589569153,0.5993630972728624,0.26732229598715473,0.32377571792146875,0.33616839125955383
0386-1.tif,0.2870580833333334,0.6048686279338104,0.20514265642929896,0.38591277515259315,0.3599844350384106
0386-2.tif,0.176,0.5159615023272791,0.10188595032131664,0.45527055847190656,0.4263475517873405
0386-3.tif,0.2435,0.5862832356883568,0.1756078487892332,0.36816208908482,0.3638737796063086
0386-4.tif,0.3714916533916274,0.4242476875177403,0.36915036860391276,0.3781440902660841,0.4912058463138768
0386-6.tif,0.283919607204861,0.6066648583325629,0.2010081479427585,0.3188426339536782,0.3330433431103447
0387-1.tif,0.313229508255778,0.6169765476324094,0.27951391385802166,0.42083392063328107,0.34559229233215416
0387-2.tif,0.40768668586420753,0.6132367926314688,0.3662783146656322,0.34152662145770424,0.3171838753197969
0387-3.tif,0.3698467975043227,0.6156521662088509,0.3243328081824478,0.3330596661349706,0.340789718004684
0387-4.tif,0.2585,0.5422269015909256,0.18770477552312753,0.3521664953034274,0.39412183329746914
0387-6.tif,0.484535548982219,0.574425156352392,0.45232477351829187,0.2532550480124723,0.37617208058870866
0388-1.tif,0.176,0.6125798957328317,0.09773320557725933,0.5329480129193557,0.32759601010553463
0388-2.tif,0.26599999999999985,0.573231155008646,0.20334087314613597,0.4191017359469702,0.35396391893490725
0388-3.tif,0.176,0.5850638135636463,0.09829641688638252,0.4380464853390307,0.36106212307587465
0388-4.tif,0.2683792236333885,0.5430111420432848,0.23796388926736756,0.44178265523619664,0.3739971710731137
0388-6.tif,0.2712288580246904,0.6382634226845871,0.1974514764049528,0.3213146914826505,0.2843861450669208
0390-1.tif,0.29454989441175927,0.5778105809685334,0.2633152445538001,0.4306922769705175,0.3654206598772539
0390-2.tif,0.2660015624999997,0.5207012884307054,0.18955003981130314,0.3783960739379207,0.42679181828945606
0390-3.tif,0.176,0.5493079903735244,0.10220030621123721,0.44918982372502864,0.3945639459843631
0390-4.tif,0.299719480349262,0.3974473821008836,0.29809586916889036,0.46030788099785913,0.5180776306633865
0390-6.tif,0.176,0.5895246557533865,0.0887557288708011,0.5337081433030084,0.3502083763809821
0391-1.tif,0.4130755334486733,0.6084766878329958,0.3274055557966263,0.30391020937243163,0.3466763664734411
0391-2.tif,0.3634999999999998,0.5887878818483607,0.29623389802737,0.35980758650823824,0.3463586489919274
0391-3.tif,0.27349999999999997,0.6216767406518793,0.18655174568485444,0.32396837772429327,0.32221999438214094
0391-4.tif,0.3743488969318056,0.5831964482280938,0.34668192653276464,0.3607229237236261,0.3550582857885888
0391-6.tif,0.3276378279320979,0.6026473709363668,0.24662382497011157,0.3542301112978423,0.32884336405508224
0392-1.tif,0.293548302469135,0.6127676846664779,0.20990917572396817,0.3162700031409111,0.3526601523857155
0392-2.tif,0.4259523059744654,0.5543827881949671,0.41112011303842366,0.3327636065278488,0.39022980534398544
0392-3.tif,0.27349999999999974,0.6039411610571129,0.18811903116789264,0.40698552529909965,0.36250866725059916
0392-4.tif,0.4579768856492165,0.49611955179572026,0.46320468695553335,0.33051141605052364,0.42658356540366826
0392-6.tif,0.44179615708446274,0.5912527422998328,0.4216013026696934,0.31141174139296174,0.3515262168976516
0393-1.tif,0.31877753143414084,0.5903048945931814,0.3016043037205515,0.43671455357007954,0.3698751940291473
0393-2.tif,0.30725069444444447,0.5836102231038178,0.24219783411685863,0.3832263664225919,0.3626942607088122
0393-3.tif,0.5184102442004855,0.6106247893344754,0.5063603127313219,0.24677432592762794,0.3551222786257712
0393-4.tif,0.2564199576502795,0.40656972006485453,0.24452545242341472,0.46705102821644934,0.5168423845482087
0393-6.tif,0.40920442439921,0.6045898399940498,0.3773548948674239,0.300380450810241,0.34000128750602954
0394-1.tif,0.44787135531444694,0.5911402926093302,0.4166318312860646,0.2915479096173725,0.36868626681267436
0394-2.tif,0.29610385802469075,0.5838694163867248,0.22421785896908547,0.30507708052346116,0.3441713863783915
0394-3.tif,0.39491879232176164,0.6274938417740124,0.34323196351808904,0.34883997216094137,0.32329863979331325
0394-4.tif,0.176,0.5736663822012995,0.09507981777367656,0.47090924589655586,0.3651986673936627
0394-6.tif,0.4262968854851711,0.5876680678780621,0.39192832587706167,0.30157295470859924,0.3516404729619264
0395-1.tif,0.176,0.6444347592552819,0.08808521714604084,0.40237782507651654,0.2797904553171503
0395-2.tif,0.2659999999999997,0.6114179689103001,0.19078920177625575,0.41020914064662695,0.31428800622103215
0395-3.tif,0.25375540282664766,0.6244790849943407,0.19680636981888353,0.4193007254506677,0.309920304142703
0395-4.tif,0.3193317635861972,0.60303530941011,0.3017140050747659,0.4350016351371698,0.3075106506041001
0395-6.tif,0.3978540396966433,0.5978974623291767,0.3502179109825152,0.3383691570782355,0.33553012024777124
0396-1.tif,0.176,0.6041630854339005,0.09533805918596536,0.4219484410116157,0.3736779485751807
0396-2.tif,0.176,0.6266462504198336,0.10131988846230101,0.41722259580330395,0.3062633679721987
0396-3.tif,0.29103401645024773,0.5778953912494271,0.2571731853435628,0.4296341370715802,0.40387743335335957
0396-4.tif,0.176,0.5173009348411725,0.12336155242195633,0.4407636867851946,0.40407856065290837
0396-6.tif,0.176,0.6141654452564219,0.09046811743340656,0.40490073583665426,0.330709274096404
0398-1.tif,0.176,0.6097174070195538,0.09832798561833939,0.5093774591091776,0.3491035934055116
0398-2.tif,0.176,0.5418547095459676,0.10706807142572025,0.4732344663982612,0.4056423148043289
0398-3.tif,0.24349999999999983,0.6450001930980831,0.16681216242492186,0.4932293195995526,0.2997483213345739
0398-4.tif,0.3184762242928618,0.49571188317458365,0.31946194273281847,0.45569949585734043,0.4292589292569684
0398-6.tif,0.2735173611111108,0.5864837586071849,0.20117181838031062,0.45742177053459865,0.3613443593840094
0399-1.tif,0.176,0.5539687280563831,0.11164783863979658,0.51038202843623,0.3857417005826492
0399-2.tif,0.3958025051809715,0.5888473472324665,0.38054797313851,0.35628647999290286,0.33756849706545977
0399-3.tif,0.2990770964248779,0.5067551372056402,0.2721130353369807,0.4335492990991377,0.44717868441717196
0399-4.tif,0.176,0.431027749132536,0.1427604612913715,0.46768196418803665,0.4786289080612156
0399-6.tif,0.41752100694444444,0.5988352583915845,0.3936939188651941,0.3339823630331788,0.3394288917435627
0400-1.tif,0.30087517217630777,0.6155610451414459,0.2191372662884185,0.29318026808334247,0.36445035659884095
0400-2.tif,0.2860057098765431,0.6256220812303509,0.20690035839550774,0.3092764552539513,0.3091313395579922
0400-3.tif,0.41877021415921034,0.6176836455417672,0.36978318008108424,0.2719602677403754,0.33564349709444263
0400-4.tif,0.32179941666666656,0.5767113737412395,0.24859784557752895,0.37664914102049185,0.36110015810329055
0400-6.tif,0.3179277085256992,0.5902516709635158,0.24090773424250525,0.3581548149451646,0.35234807130402407
0403-1.tif,0.26100663580246886,0.5592107288647747,0.17437178275208476,0.3839096439700573,0.39640995313435345
0403-2.tif,0.36350625000000003,0.6247548087862971,0.2888459660444164,0.23682263739675957,0.29820389641839146
0403-3.tif,0.4399245639731612,0.6195928285543539,0.4111872597920989,0.3087477661709447,0.3149349543334751
0403-4.tif,0.2756544753086415,0.6390537334151271,0.19436117268899253,0.45568828126842936,0.27641229021837915
0403-6.tif,0.3356395061728388,0.60051554052135,0.26211132892191,0.27240829311708814,0.3219621559443427
0405-1.tif,0.28099999999999986,0.643518885370786,0.20000086156240532,0.45133362220907575,0.30844784053810986
0405-2.tif,0.36990505107396804,0.5648903658716214,0.32393715351806557,0.3154324742814843,0.3634544555961456
0405-3.tif,0.43939858790036007,0.5937189118945887,0.4187030941642788,0.3133302251640038,0.372269030141757
0405-4.tif,0.29975624999999995,0.42688580371970936,0.25617741349146844,0.3700621928237303,0.5219953617201172
0405-6.tif,0.445439330849856,0.5950832766150462,0.409363477828255,0.28362686289487127,0.35284488411649206
0408-1.tif,0.30843918365314865,0.5597921639014042,0.28903933531778153,0.43785413575774074,0.3840616081111175
0408-2.tif,0.176,0.5769953144832551,0.10484908184721678,0.5147455333742573,0.34969977647149747
0408-3.tif,0.27349999999999997,0.6121053434258437,0.19774914269394217,0.4713981849227327,0.316214599186555
0408-4.tif,0.31755281413491643,0.45073899485614954,0.32558958798981685,0.4635586769891476,0.4592767626054749
0408-6.tif,0.31047468185988736,0.5952929515733859,0.27878990833752326,0.4234020486198161,0.33921161519433934
0410-1.tif,0.176,0.5901213045098204,0.09210937054953619,0.4763269562168403,0.37370153443604637
0410-2.tif,0.30875432098765354,0.6313266080269883,0.2323552370731936,0.2897616243614387,0.29797009948638636
0410-3.tif,0.41535847316542795,0.6264651022581429,0.36077693417859596,0.26885841526305965,0.3216505867263665
0410-4.tif,0.2587797206851864,0.5862365600155994,0.22047157176925306,0.4373261321252847,0.33694007911978346
0410-6.tif,0.3914948561718454,0.6441663595467999,0.3437571438318312,0.29448851656450065,0.2796193503054886
0411-1.tif,0.176,0.617420207349422,0.08990285406136976,0.5342335676233675,0.3209044658335243
0411-2.tif,0.3803299690962248,0.5651377934134474,0.3549035940943893,0.3612023547248662,0.3723410155001095
0411-3.tif,0.3111265624999997,0.6171325133387633,0.23113956481806167,0.4232664202358349,0.31291467147383967
0411-4.tif,0.28849999999999976,0.5394955391780979,0.22713951480540945,0.4669312042194383,0.3729629601572848
0411-6.tif,0.39195532877998857,0.6000782104842721,0.34916947792700787,0.3027290206659012,0.32752202854427337
0412-1.tif,0.176,0.5935637617088675,0.09417360351327966,0.5207098248911344,0.3547554972226397
0412-2.tif,0.40357604166666644,0.6231930320675672,0.33437326642107573,0.2064605913969858,0.3018406336242511
0412-3.tif,0.4722776678226085,0.6130294785789282,0.4525578720677267,0.2758259232761905,0.32860923796826036
0412-4.tif,0.3710027777777778,0.5142372408128256,0.32196326562788796,0.26306779886387127,0.4016540829258036
0412-6.tif,0.34513234953703614,0.5830919710200585,0.2684423411215599,0.36504854281227966,0.35956395138930564
0413-1.tif,0.37939506261816397,0.6169794702806367,0.32729438042113784,0.3070788875734901,0.3476066880649011
0413-2.tif,0.4371035475425245,0.5687391905688611,0.4088837238112307,0.3060663309666333,0.3768750086100288
0413-3.tif,0.38996398157703543,0.5934726554235489,0.3481456629687838,0.31204136169838587,0.3721755350219137
0413-4.tif,0.2585399691358016,0.5537768118592867,0.18757211824560982,0.3560801763460402,0.3837878826365102
0413-6.tif,0.3555138085399442,0.6211702206748371,0.2771000152291486,0.2419008532710524,0.32039111452163826
0418-1.tif,0.36465354938271566,0.614757662380601,0.2887648106369032,0.3468286952401554,0.3443089363219969
0418-2.tif,0.4897304224991599,0.6198019603769904,0.4766848722345753,0.27591941070395076,0.3084875204149538
0418-3.tif,0.44665639511289246,0.5971079410161213,0.409165080559085,0.26837880813874654,0.35962224801519455
0418-4.tif,0.4684176642754394,0.5705393401588665,0.4403471927205105,0.2602346237919495,0.3647843497628101
0418-6.tif,0.4504585641823679,0.6133165434774175,0.41794875373182233,0.2632069575181595,0.32571100777783024
0425-1.tif,0.26599999999999985,0.6219580798054577,0.18892418268686056,0.3385717678314989,0.3099031434342652
0425-2.tif,0.176,0.5963059148830657,0.10335277828328396,0.42128675431185714,0.3191631042025827
0425-3.tif,0.43252934027777756,0.5834481739649847,0.41388775403236544,0.32514082985652365,0.3593720585410832
0425-4.tif,0.2622515624999997,0.4179853681474705,0.22733628450902035,0.4496718393143831,0.48870744689579526
0425-6.tif,0.46340200638285695,0.5726087222488384,0.42373295861062765,0.26684319769312975,0.36842852917007696
0429-1.tif,0.4262905256456879,0.5727060447648353,0.3872607424177892,0.30406322975928884,0.4237941677772954
0429-2.tif,0.36074747589362016,0.6036453406488801,0.3205318702263846,0.3396121167202706,0.353570879381072
0429-3.tif,0.28924157483930113,0.6439778774046563,0.20489557730429023,0.439105724483828,0.35045333225406966
0429-4.tif,0.4286045479123327,0.5560701727836747,0.41347441119802775,0.3345087892206083,0.4084574515751062
0429-6.tif,0.4815451004404384,0.6226595344267423,0.45090211162696786,0.26350408418483173,0.344044408865504
0430-1.tif,0.27250887563247117,0.6167598400196217,0.22266884949004973,0.4194418723364995,0.31965480702423255
0430-2.tif,0.2509999999999997,0.4722819978062777,0.18628079809046302,0.35840030744951307,0.43761652717180105
0430-3.tif,0.2510158950617281,0.5556693584367965,0.1648286402426731,0.4593995508612892,0.37855841090965103
0430-4.tif,0.176,0.3962675270270191,0.14251556204659138,0.5274797450738393,0.5136291609242017
0430-6.tif,0.43526312600509204,0.5460766746284388,0.4163520257231798,0.3250336635273034,0.3621281752632914
0431-1.tif,0.26483028918391827,0.6170242209905759,0.21783874157289723,0.42643822471899206,0.37461978023676734
0431-2.tif,0.3267335069444442,0.6001088016148906,0.2522161999716389,0.36055427127794165,0.35469507791142946
0431-3.tif,0.27042220942204864,0.4315897343325976,0.2723747563108417,0.4760047108101996,0.472003001481592
0431-4.tif,0.32,0.6208349804500046,0.34034522942121925,0.4756373466237894,0.2990224045471734
0431-6.tif,0.3352248333333331,0.6071242267064568,0.2538553932452024,0.3661627761457107,0.3532113244021939
0432-1.tif,0.33183164142527366,0.6559083059018872,0.27290916260336,0.4023297966372786,0.30311096760408984
0432-2.tif,0.4152968343896505,0.5337375502774055,0.4001560287069277,0.3506530510282354,0.4199970707495171
0432-3.tif,0.35967315256024035,0.6319637665761403,0.3054623317666423,0.3816897476951457,0.318079152811941
0432-4.tif,0.2778150226757366,0.5644244370344367,0.20352793057010604,0.35919924662898967,0.37737391336843756
0432-6.tif,0.3689874877640257,0.6025081554523589,0.31606782498083097,0.32283744207489407,0.3342190474690356
0476-1.tif,0.2710263888888886,0.6271891347790743,0.19044524315343114,0.43083272005034334,0.31643276723024283
0476-2.tif,0.4266569444444443,0.6353735451305281,0.4014332804837169,0.3272486203801958,0.28801020104792185
0476-3.tif,0.37731461795781407,0.6064067774519509,0.3342337716641206,0.3370114423251272,0.34503214481688704
0476-4.tif,0.4156010127930078,0.6059573082872256,0.4022455528844896,0.3491436839261521,0.3106748612430212
0476-6.tif,0.29022689506172755,0.611049330916422,0.20882550738655442,0.420286166549132,0.3253957313321107
0477-1.tif,0.176,0.6225548993127247,0.0905395562353947,0.48994442878318517,0.31288200922562226
0477-2.tif,0.3185,0.5341576538233104,0.24787555621442936,0.3516033117657009,0.4246971093781232
0477-3.tif,0.27349999999999974,0.6162480037981394,0.19444327300600373,0.3319160955840666,0.34728157618892497
0477-4.tif,0.31099999999999983,0.5205681583309385,0.25021643407614264,0.31485256205510137,0.4093295752244055
0477-6.tif,0.40232719591479993,0.6128150531551423,0.3578326896164351,0.3044839257891403,0.326218461513413
0479-1.tif,0.176,0.6454343566199089,0.08714911040567293,0.4047509158659462,0.29954846150964953
0479-2.tif,0.176,0.5889346733328472,0.09087169259393413,0.49439592180730607,0.3449992062276071
0479-3.tif,0.28664318576388875,0.6417328069466074,0.20305275926772853,0.44328369457278316,0.3073750487631353
0479-4.tif,0.2659999999999997,0.5560460456687671,0.19868472231542922,0.41846516230647957,0.37962170340496343
0479-6.tif,0.39544108724096355,0.6111430626660463,0.355279118019807,0.2892259536898473,0.31759223838866246
0481-1.tif,0.27974931520061697,0.6107962691321986,0.19831328114020808,0.30971119993975826,0.34037786205479303
0481-2.tif,0.36056723178473893,0.5875403278910631,0.31064911681135904,0.3245009578284324,0.33963333592371603
0481-3.tif,0.28276946252893403,0.6194659230735112,0.20278203954332732,0.31182810382126797,0.3217431626090137
0481-4.tif,0.2814672499999999,0.5576842880261358,0.21368773478199454,0.37759864468905735,0.3736830035759038
0481-6.tif,0.42244880965003967,0.6028975918341624,0.39448652255096983,0.319886494914083,0.32833341303534114
0482-1.tif,0.31258610555941047,0.6098962265938386,0.2825677073555769,0.4248132601509375,0.3369895162768743
0482-2.tif,0.176,0.6011201604920186,0.10302312121157077,0.5508602713243594,0.31176316713827645
0482-3.tif,0.176,0.6141502320247975,0.09370847048817513,0.4228717804552407,0.33220594203230913
0482-4.tif,0.176,0.49372168648525433,0.12307310818464548,0.5408727676303376,0.43005293894086283
0482-6.tif,0.41305974416212954,0.5951828841005862,0.3829668198804828,0.33070892335536134,0.34720165047684126
0485-1.tif,0.3960690462210211,0.6220684965450275,0.3670877893108856,0.350466987877691,0.3353596637460198
0485-2.tif,0.28954919379310756,0.5595361123794195,0.26229080945627786,0.43693230158976987,0.3861063377577672
0485-3.tif,0.25849999999999984,0.6105261513940701,0.179030624043353,0.42652413777896764,0.3538842952310942
0485-4.tif,0.2934219695651542,0.531872745332448,0.2722741487969105,0.441990522899845,0.41135399009012974
0485-6.tif,0.42675848419194107,0.5952388565578582,0.39536598520299954,0.31318569229778986,0.3546731699530226
0507-1.tif,0.38362752267573674,0.6055542623138759,0.2990420411704504,0.24804216476306537,0.3440689395063153
0507-2.tif,0.34308993055555526,0.5823314296040658,0.27096319762277127,0.2750973104094926,0.34946119298575173
0507-3.tif,0.29877237654320965,0.6321388350019232,0.21474077021270382,0.2913654390251634,0.3080723834561858
0507-4.tif,0.3695288846704694,0.5970274259897832,0.32458213605247854,0.3283053905620645,0.33399346910964667
0507-6.tif,0.4043231374450694,0.6047506806833406,0.363000733589121,0.30639580412858247,0.3262057981134119
0510-1.tif,0.2932759259259249,0.5947886546125669,0.21229216434342696,0.3432712298044796,0.38501327067921626
0510-2.tif,0.29868580246913523,0.5405041333705455,0.22445947294746882,0.32095523561599393,0.41424259558371956
0510-3.tif,0.4147018047546975,0.6356279573330511,0.35892448531950716,0.32160417404908925,0.32856681245820873
0510-4.tif,0.176,0.6079066064266494,0.09961409546147411,0.4169124606447225,0.3236122304209738
0510-6.tif,0.3768930555555555,0.6351823647083683,0.29826332372260805,0.22680070049915443,0.3066074300914951
0519-1.tif,0.4344826750323564,0.6268174608967291,0.40742534509281775,0.318287599758955,0.34189078275998597
0519-2.tif,0.4258875561387097,0.61427960289442,0.4022088465757704,0.3274898195274548,0.327330916501657
0519-3.tif,0.2814393062463947,0.6108664441789357,0.19997928824148523,0.4112825886023088,0.3542322400594255
0519-4.tif,0.28500722445418275,0.5752182526671065,0.2150552549817089,0.407378671240225,0.3705499172725349
0519-6.tif,0.285582384570133,0.6187253647664664,0.19723718977015847,0.42274415807057947,0.3303833865891159
0520-1.tif,0.4550203872193309,0.5649542635692697,0.4174008997139471,0.27171960959433594,0.4072556750904813
0520-2.tif,0.3185015624999999,0.6192535418455908,0.24613443521597972,0.2957126008504699,0.311049840083327
0520-3.tif,0.34837920524691285,0.6318301899896727,0.27230316457123854,0.2517727520154635,0.308974406904229
0520-4.tif,0.4341215864061555,0.5610753976003603,0.4120043454367196,0.2938433981359966,0.369421109005615
0520-6.tif,0.36755715874565953,0.6214870407577904,0.2937450410461869,0.23640279700490666,0.3103416906578682
0522-1.tif,0.39492091430114096,0.6112023377772183,0.3464932161281349,0.30057627965445816,0.3679286051188642
0522-2.tif,0.3025553004535136,0.5960137782847023,0.2192334733078929,0.3535713769930353,0.3529621949432753
0522-3.tif,0.45019509164856336,0.5824252813084604,0.4287122796008181,0.3038187399325862,0.3805432939153693
0522-4.tif,0.4427544183645118,0.5254359190403924,0.4378665410371299,0.3245601467714537,0.4070460850175738
0522-6.tif,0.33295665509259165,0.5796888376108396,0.2541970058622789,0.3492858298999398,0.3740263537429731
0524-1.tif,0.176,0.6333755393952238,0.0877087009939987,0.5440833462026937,0.30251345403236035
0524-2.tif,0.176,0.5754717492128774,0.1030221429729469,0.523393221878428,0.34875445956792794
0524-3.tif,0.176,0.6276438436375077,0.09376853187853217,0.41372057189298206,0.308479771510069
0524-4.tif,0.176,0.5120701747879853,0.11755838298291506,0.436274611514647,0.39500895414074666
0524-6.tif,0.4035956280839419,0.5437300847835576,0.3781885536080153,0.3206623308125406,0.4022923967691166
0525-1.tif,0.4417685011017514,0.5967644735907338,0.41754321370954217,0.3050887621143103,0.3546601923114539
0525-2.tif,0.3297543402777778,0.5662760232853454,0.25588708816197125,0.3865270410210557,0.35663667598281623
0525-3.tif,0.33118935185185105,0.6270162251584241,0.25669778988464864,0.26510097853511766,0.30982215427225757
0525-4.tif,0.28849999999999987,0.4881822373578758,0.23961161434443154,0.4387863748918853,0.4289670622908849
0525-6.tif,0.33954635416666645,0.6057100665021495,0.25571965034289135,0.2706081425080248,0.3270244031766854
0527-1.tif,0.40566729849081745,0.6232539948044854,0.35535549489007195,0.29773263000334915,0.32012397622475847
0527-2.tif,0.3263835069444443,0.6039643943072673,0.2469577657814422,0.3594462045698038,0.3310732093351303
0527-3.tif,0.3663738412693367,0.6174907503660791,0.31973933018067835,0.32248356742025563,0.33258559562812123
0527-4.tif,0.2885348958333332,0.5687899835154127,0.22657521376655382,0.45458714884036583,0.3535274082464821
0527-6.tif,0.47765360815303387,0.610850224749083,0.4432917689007562,0.26340188000950676,0.32331539400045933
0528-1.tif,0.35984184027777766,0.611814592642114,0.28270215702039164,0.32806283257722196,0.35239849831216796
0528-2.tif,0.3260060763888886,0.6163175067750963,0.24807851388184946,0.36534024252376585,0.31407800880895265
0528-3.tif,0.49187654107963963,0.6062642208899461,0.4483377271981317,0.2260125288388332,0.3536587691455747
0528-4.tif,0.40691483626946884,0.45415414844514357,0.38043407640375015,0.36904845055137714,0.47867925678592016
0528-6.tif,0.45318196782810016,0.5935075626630943,0.424846148037076,0.2905466107291039,0.35227367604001375
0530-1.tif,0.36050331726354434,0.6247360279660866,0.2824196641090094,0.24955561150157876,0.4064758897497335
0530-2.tif,0.3663175582990388,0.6358926731409078,0.28092387253092355,0.3537745721285842,0.3469769493378197
0530-3.tif,0.548073268175583,0.5054189636442259,0.3429489082528554,0.33012570413332104,0.46715623823019964
0530-4.tif,0.45925153119154766,0.5804255414512873,0.4321962282455809,0.28598268959819806,0.4177501830005123
0530-6.tif,0.4728391911113821,0.6256975416205379,0.4364356786778113,0.2699740546403461,0.32184294158090204
0534-1.tif,0.27570083971088327,0.6375671768787785,0.19184939529970133,0.4321135666147547,0.30602020617798115
0534-2.tif,0.3829136781603307,0.6149809812842449,0.3340388672535806,0.3178118208607372,0.31965918417665273
0534-3.tif,0.37730612157582044,0.5962036078319926,0.3283308757944089,0.31780440389984616,0.35646500041736584
0534-4.tif,0.40515708195363725,0.6015677937234648,0.38198325419733314,0.342186270332425,0.3347816810834017
0534-6.tif,0.31026278696051396,0.6001835398179461,0.2308863481124489,0.4169992427943442,0.3322037294576424
0535-1.tif,0.4728406767784028,0.6086340064594412,0.4221592949033026,0.24423911705921153,0.3316655296500343
0535-2.tif,0.26606947470588616,0.5751693077900174,0.22718550430755008,0.4336319225878857,0.34594152377896814
0535-3.tif,0.2789050471677976,0.5833721431828963,0.2389725567910282,0.4274999613696446,0.3572882671740382
0535-4.tif,0.176,0.48321127064663383,0.11843841643829954,0.49622175527987744,0.4339801354096319
0535-6.tif,0.176,0.6189434873727416,0.08846737209341488,0.5465990768019409,0.3028551161886338
0538-1.tif,0.32908714814814716,0.6011705569248188,0.2442401041460234,0.27451605931447437,0.3527876859357447
0538-2.tif,0.4304861324620545,0.5958448165937789,0.3904225414298833,0.28905759974465484,0.33781849591580126
0538-3.tif,0.3188091242283951,0.5784575319655259,0.23781801045128367,0.31346313250522345,0.377646897511827
0538-4.tif,0.2585013888888877,0.5800436885911416,0.19295189000051588,0.3535375204156117,0.33594602916475835
0538-6.tif,0.4236471908197781,0.6237891275140806,0.39285110331776385,0.32444542468903786,0.3070209479455795
0539-1.tif,0.27349999999999997,0.6058572888022795,0.1909082591715179,0.34765566469052567,0.34313922523897805
0539-2.tif,0.24349999999999983,0.6039770378033792,0.17085282892221332,0.35873054842173624,0.32237047561737164
0539-3.tif,0.4046753458193757,0.6170299671564835,0.373258145190305,0.34303690612297166,0.324602735836014
0539-4.tif,0.176,0.5527962733752035,0.10237446979862588,0.44245155116242746,0.38324601393901153
0539-6.tif,0.3112963888888887,0.5735206900208396,0.2289805223017497,0.32647243094184575,0.36939696526685317
0540-1.tif,0.176,0.6181404301851645,0.09087837907880783,0.5381593794111877,0.337676083410607
0540-2.tif,0.2417296550781458,0.6058542605662978,0.19142046006966273,0.49125451695303,0.3255515664754481
0540-3.tif,0.176,0.6223515828239905,0.09068711389872874,0.41462557891115137,0.3307795200894614
0540-4.tif,0.2767997816097755,0.5187013308586841,0.2519058583254666,0.4445481218820296,0.4211550556601389
0540-6.tif,0.176,0.5909501714407418,0.09683230301593274,0.4272023703090682,0.35355784012316843
0541-1.tif,0.442563950921253,0.5975343515899078,0.413603033918129,0.3027359063168153,0.36719185844186064
0541-2.tif,0.4478899602438849,0.5360699427236627,0.4194882344585397,0.2864376409596363,0.41681264915546157
0541-3.tif,0.3080434999999998,0.5883833549021995,0.22992466711900988,0.4212037136190739,0.3759843840876981
0541-4.tif,0.3351752777777776,0.532595732465968,0.2819812938322085,0.4210234043877038,0.39728766116133113
0541-6.tif,0.31098381542699655,0.6274314598510742,0.2278843635269797,0.4036449732735975,0.30935126692524095
0547-1.tif,0.37674680848503694,0.6206385403167195,0.3235107249262365,0.32337075299465623,0.3227344964905765
0547-2.tif,0.386506614212312,0.6107229163871633,0.3464327718769751,0.3718558914903414,0.31511829743450065
0547-3.tif,0.3560374888948815,0.5583477627192702,0.32007342816885054,0.35992216196033,0.38173127884117203
0547-4.tif,0.32,0.4388499558657928,0.3294957283652592,0.46415108826406826,0.4625017039745186
0547-6.tif,0.2697527777777778,0.6180830762925429,0.1858094512868767,0.3246290394599773,0.3100795971447028
0548-1.tif,0.5056817638022846,0.611975216881592,0.4779949918387263,0.24564594594671085,0.3880097012556658
0548-2.tif,0.5094927449506033,0.5348358258620237,0.5027374714944445,0.2584448454207701,0.43229286993089533
0548-3.tif,0.48754306686297794,0.6328220576718084,0.43619773078525914,0.21124524098215924,0.3520045605978675
0548-4.tif,0.49127986102986043,0.5343799808966598,0.47375709561996593,0.2470881487795793,0.41590553784017337
0548-6.tif,0.5548123631439053,0.604373221685652,0.5377531711147288,0.21558625538825585,0.35989625396330316
0549-1.tif,0.251,0.6281610698934936,0.16945363830711163,0.4628435758752942,0.30477586598530093
0549-2.tif,0.523313569933011,0.5922438596659775,0.4669943571174081,0.2052882686303921,0.32674913915591625
0549-3.tif,0.443743912262652,0.6037834241499209,0.40136006941257163,0.27945233397560953,0.34141337736570354
0549-4.tif,0.426966639762527,0.6208421379313631,0.4027166377385234,0.3314549175483901,0.30054901608418677
0549-6.tif,0.4007093754367434,0.62847748596717,0.33977142458167836,0.3540932370279783,0.2853566604054603
0550-1.tif,0.176,0.5690260017775838,0.09480415021060254,0.4454664952056452,0.3977576518957925
0550-2.tif,0.25798071915430937,0.6014653523565288,0.21842307370770503,0.43633534471824276,0.3241546996502425
0550-3.tif,0.176,0.6152463402562214,0.09884039848602251,0.41431087416220386,0.32464182280598525
0550-4.tif,0.176,0.393292002751788,0.13078361814759434,0.48321024058669515,0.529072547555213
0550-6.tif,0.2510062499999997,0.6282278778575073,0.17449725511737782,0.33839901278991563,0.2950481751990643
0556-1.tif,0.176,0.5967434290951453,0.08703542831732353,0.4495315524806541,0.3631531635495073
0556-2.tif,0.4235,0.6334667180483011,0.3492958374242673,0.3243340549816323,0.2940937634692231
0556-3.tif,0.33734184027777747,0.619944367395899,0.2599628698229713,0.2549200559694749,0.324776017536741
0556-4.tif,0.3184999999999997,0.5548823511491552,0.24995655557786683,0.3701173662397641,0.37405566568021675
0556-6.tif,0.41112756695950986,0.578534664425884,0.381807320589965,0.3075500009440859,0.36287710841856036
0558-1.tif,0.32599999999999973,0.6048964436322561,0.24338745383091964,0.2904396580515353,0.3283100242189194
0558-2.tif,0.176,0.5847119208956097,0.09706302986080156,0.5358160003437756,0.3398939157686201
0558-3.tif,0.41339679119516703,0.5940551441467083,0.3827857110174315,0.3251255109112716,0.34467309957336817
0558-4.tif,0.3122328777560118,0.5398448206770756,0.3035707370829843,0.4475137992853772,0.38604980613194906
0558-6.tif,0.3700912289768008,0.6310586089405701,0.31767650769665723,0.36322175701829795,0.2841482445602913
0560-1.tif,0.457065124082336,0.6048237758484775,0.426907709973824,0.2962967463248514,0.36420467333105633
0560-2.tif,0.42941504462214247,0.5949264358451212,0.38888984742242755,0.27850147707902445,0.34038073185770934
0560-3.tif,0.32157324406292814,0.6173193603226456,0.23955705357490964,0.3612120250767433,0.34205991666570806
0560-4.tif,0.3192342004856045,0.5514628698193998,0.2412790146495534,0.3139182826748182,0.39527599414777176
0560-6.tif,0.3370623866213143,0.586582463351178,0.24666070511437563,0.33129350150307213,0.36693184098990805
0561-1.tif,0.29761809359996466,0.6128750378108179,0.20948777816653893,0.3082328299670426,0.36936097203721163
0561-2.tif,0.3644236622314057,0.6212693394581355,0.31688831901738834,0.3834585847491138,0.31582927686315204
0561-3.tif,0.3099335315845627,0.6392492041682607,0.2246258963820994,0.28628557579943253,0.3307526553362046
0561-4.tif,0.4304087248111635,0.5478923725708227,0.4069688789075575,0.320806647028624,0.4119059972825624
0561-6.tif,0.45794130057048477,0.6346522231040852,0.42756891895138693,0.29711183699907534,0.309640160033923
0562-1.tif,0.29809059138000454,0.5777976276172299,0.25154973318891877,0.4127796696096556,0.3814719846533581
0562-2.tif,0.2556991144873143,0.6074294876969272,0.2091944838275997,0.42962425786919545,0.3090829364374515
0562-3.tif,0.30349999999999966,0.651409787994839,0.21693121926764952,0.28401930820137705,0.27907871670214646
0562-4.tif,0.25738025360942096,0.5575566194257359,0.21657376282059887,0.4350811747628319,0.3671340465099783
0562-6.tif,0.5175506179470115,0.6085901665545407,0.49605203583090485,0.2344916651039965,0.3222572766080098
0564-1.tif,0.42501736111111116,0.6200198750740709,0.3997984532360732,0.32661703565571865,0.32678457698029095
0564-2.tif,0.3522123215737449,0.6344763234826736,0.3013161020493481,0.38455551031736734,0.2882867531865459
0564-3.tif,0.38244401844868886,0.6162233816819551,0.33799612877977026,0.317948031060212,0.327190984608953
0564-4.tif,0.28868024691357935,0.5568221813973402,0.2137909610705191,0.3634987776861622,0.3847596799729071
0564-6.tif,0.34382705555555526,0.6064056641371414,0.2711555756847007,0.26020735010295754,0.32073137576199084
0565-1.tif,0.176,0.610132089597731,0.09326319885925798,0.4182334697663598,0.34424045958741506
0565-2.tif,0.3335,0.6236482045629373,0.25820833926348663,0.3816376572566127,0.3065563786127241
0565-3.tif,0.26602608024691254,0.6039656352480741,0.18900427009895476,0.4078182592270756,0.3560698763890492
0565-4.tif,0.176,0.6034628775070253,0.09897530933900095,0.5398053788613559,0.33012957061657905
0565-6.tif,0.3256572808159722,0.6271005472113713,0.2515322454669285,0.280042715294304,0.3024122221828137
0566-1.tif,0.2735060185185181,0.6089560394454497,0.18809666480229592,0.4084035616392499,0.34020700732886167
0566-2.tif,0.41690806725880986,0.581965753470884,0.395759279210703,0.34095013533030205,0.350933497775087
0566-3.tif,0.44691390603566483,0.6434977917095949,0.4193655198609164,0.31097433969661165,0.28880087905462876
0566-4.tif,0.357233412267898,0.5507906785121537,0.3248739020092157,0.3554045058656658,0.368395150275581
0566-6.tif,0.4327659983747796,0.6161940032924996,0.4088322661666066,0.32296571235083665,0.31022705542478907
0567-1.tif,0.31821566092817555,0.6225411291685344,0.286626902249522,0.4209385823562662,0.32503473958370366
0567-2.tif,0.511170216008916,0.5949836667558819,0.4897297400128382,0.25152006381113506,0.33520310427995526
0567-3.tif,0.26124709039474436,0.5939568007280005,0.2078349559645301,0.420366442153919,0.3609581371265681
0567-4.tif,0.2815979166358983,0.5667633370707956,0.24877904693195674,0.43407857176445175,0.3677457773835982
0567-6.tif,0.48342040734608155,0.5836189336348838,0.4456956265675397,0.2406454719695617,0.3589759224757942
0568-1.tif,0.3878481772956785,0.5827681918262937,0.34544006319771,0.33019929059057407,0.3797162723246428
0568-2.tif,0.2983159580498854,0.58427606360284,0.22537548198032645,0.33192872240403437,0.3522209614884741
0568-3.tif,0.30933784722222185,0.6139244168034235,0.22768425462302927,0.3953531197296915,0.33972932582748017
0568-4.tif,0.24349999999999972,0.5510365591978701,0.185260319795214,0.4927651407696958,0.3654753822389651
0568-6.tif,0.27852965686274384,0.5788440265340825,0.19115736401203556,0.3802716301385959,0.3679078885163445
0570-1.tif,0.41120354697310296,0.62665038106078,0.3629415466588445,0.282041504649278,0.33707654775975043
0570-2.tif,0.4009999999999997,0.6032598507710093,0.33836193335731624,0.20852172180313489,0.3340943809461493
0570-3.tif,0.31844578096864573,0.618528992131751,0.28862500274859265,0.42293367529610776,0.3485947984703475
0570-4.tif,0.45947175514942057,0.5569819980895447,0.45806658703483444,0.31971904077048185,0.3665806790923587
0570-6.tif,0.39630293209876455,0.6211673465473609,0.32402500418839475,0.3090596828928987,0.3078939217983621
0571-1.tif,0.4359960122445896,0.6267998549644419,0.4118270078788439,0.3175745131186681,0.3159838820826347
0571-2.tif,0.42638582175925827,0.6164698037143722,0.40644156220124616,0.3299870815947059,0.3101422490285235
0571-3.tif,0.3911700640688063,0.6164963521504244,0.3482236884465467,0.3017202826832694,0.33037630778565635
0571-4.tif,0.26305955555555555,0.5574018478075866,0.20231791787487807,0.42144381665437836,0.3684280958398492
0571-6.tif,0.469021602387511,0.6409101130371708,0.4432088951973179,0.2860655283518487,0.28151225746522945
0573-1.tif,0.453755709876543,0.623152757783462,0.3719539324321148,0.307038575416787,0.3119673256664484
0573-2.tif,0.5494750654165815,0.6031210057434342,0.518568109204359,0.1880730544252152,0.32282125467923956
0573-3.tif,0.38326766493055525,0.6218867419490527,0.30614232404948427,0.22921443796636998,0.31265259165419446
0573-4.tif,0.46786441950847,0.5809846509749823,0.43479068657984005,0.30031671544640914,0.3328972536581843
0573-6.tif,0.4398237075617283,0.6025593118977541,0.36048759222800253,0.29682011470519193,0.3222493888953936
0575-1.tif,0.3168309930063995,0.6304080148889528,0.28161449446124387,0.4173804206330032,0.3079568534809207
0575-2.tif,0.419003191124242,0.5516360628436549,0.40121026370510793,0.33024118971284994,0.38748065794126013
0575-3.tif,0.176,0.6107630974339829,0.0871606262018172,0.4562224785079942,0.3310946918625944
0575-4.tif,0.176,0.5772590242806811,0.10902158983946794,0.42638585947690366,0.3432004400625937
0575-6.tif,0.3700069691032036,0.6284079276759418,0.3249556834106015,0.327101398806713,0.29423559336395155
0577-1.tif,0.3028532552083333,0.6327709296498282,0.22582174489718787,0.44695693580736223,0.3041619738147393
0577-2.tif,0.3746570405583547,0.6027379858145917,0.3341602178621007,0.32919735156817254,0.32856429377839885
0577-3.tif,0.4283203129990936,0.638542485777039,0.4079731534396537,0.32637816021140514,0.30343183413054714
0577-4.tif,0.2785487654320983,0.5805481925618751,0.21540219030110594,0.46552029969931474,0.3354246627834122
0577-6.tif,0.4515223006568889,0.5830498767040178,0.42436606496368795,0.29673595696011396,0.36006971739577465
0578-1.tif,0.4054634871441678,0.5886893119591845,0.3283992915292493,0.2260113012095312,0.36667806316810875
0578-2.tif,0.4660727210858062,0.6016839489255282,0.40455648785693504,0.2833792442221244,0.3336039176517951
0578-3.tif,0.4899735338363397,0.5823635386296654,0.4492150751354334,0.23612973262305792,0.37976963198721914
0578-4.tif,0.44658346082899303,0.5923762541280175,0.36266633001422255,0.24460004805520438,0.3444063283594587
0578-6.tif,0.4348585501970389,0.5786016577488153,0.3507894444063725,0.228345156613184,0.3675729834880878
0580-1.tif,0.3932904575708573,0.6291678639902679,0.336078479646179,0.34915529203907464,0.3254696562759507
0580-2.tif,0.45477047680531585,0.5847580417912367,0.42623237062506825,0.2828841303960341,0.35542234357814684
0580-3.tif,0.34569494598765377,0.6292123222475489,0.2656784356950793,0.34843550778810584,0.3208519360907565
0580-4.tif,0.29308705555555437,0.575602353594229,0.23009890923983578,0.41774794809644034,0.3575666837162639
0580-6.tif,0.3148784613715275,0.5964478971859236,0.22881911378889852,0.31093331044840306,0.35090494543339457
0582-1.tif,0.36930094144463954,0.6411832299174438,0.31957482166009943,0.32060458124689895,0.29837218595396203
0582-2.tif,0.395,0.6165138168229796,0.3669051236531362,0.3481709975134822,0.31123670369852324
0582-3.tif,0.44999013829331425,0.6219358279899001,0.4004542410589121,0.2610400524909744,0.3292298206401713
0582-4.tif,0.44387937864004845,0.5697896168765276,0.4383205777919815,0.326748896662168,0.34885917795935867
0582-6.tif,0.4116390391008474,0.5836388478215926,0.3755825052038304,0.31978641384757794,0.3610965706567505
0585-1.tif,0.176,0.6139455371224775,0.08856102160373824,0.4177999853736222,0.3748735196814744
0585-2.tif,0.48212253670321104,0.6090081415589133,0.4422577172110172,0.23176729501475252,0.3332872586654185
0585-3.tif,0.26337762430101147,0.619881803823032,0.21005776964181805,0.41980152453578495,0.35143001562824455
0585-4.tif,0.27835173943633373,0.5597079134535514,0.24634708898605406,0.4363034581914235,0.38723560835416465
0585-6.tif,0.39567910879629536,0.6325004698007706,0.32187343675222374,0.3607671618299084,0.3056002550504313
0592-1.tif,0.3853038036599571,0.5782290208798364,0.35079260139606566,0.3485151471328457,0.3644042887679562
0592-2.tif,0.3727322612448117,0.5836469462141198,0.33130573442408395,0.3311890322061139,0.34064306046625487
0592-3.tif,0.4505473765432095,0.608546941707045,0.4332582471281753,0.31465197760415364,0.31876509606959125
0592-4.tif,0.31903668637259575,0.4640551879394194,0.32724377415344347,0.46304922533746024,0.4312729653194039
0592-6.tif,0.4235257136141198,0.6196498786335173,0.3679019574974199,0.2642505158565455,0.304220724426335
0598-1.tif,0.176,0.6464612945207496,0.09145582742689523,0.5500224429170977,0.30746833396051587
0598-2.tif,0.3166746229951913,0.599436842907272,0.2906499250463581,0.4272537388641727,0.33898333114895285
0598-3.tif,0.3195722430304203,0.6101616678291095,0.2914438031122404,0.4241778230103341,0.34918743905363536
0598-4.tif,0.176,0.4904930045268793,0.1130857513081201,0.46742491951682485,0.4579357753529656
0598-6.tif,0.290432421875,0.6345414472264188,0.21340983631925786,0.31278292470109126,0.2982635313027948
0599-1.tif,0.176,0.5386222222895979,0.10000404019866455,0.43127757023384194,0.40287836852829684
0599-2.tif,0.176,0.4965532671287975,0.09658784494623579,0.522121469492951,0.4233698531605232
0599-3.tif,0.176,0.45421624181444376,0.11689379958346073,0.43348342487203,0.45879491822843715
0599-4.tif,0.2766178851647398,0.4216364149554204,0.2809413576109552,0.4760924901712701,0.4848440398474068
0599-6.tif,0.30350277777777745,0.5296127355491006,0.22843785668226568,0.4033375983451392,0.3988262036506441
0600-1.tif,0.4347680815407053,0.595713615858079,0.407041833786586,0.3014348470248209,0.36802886294257925
0600-2.tif,0.2901573888888889,0.5791040703072625,0.21455206363360418,0.3467153195629654,0.3715566018133198
0600-3.tif,0.34099999999999997,0.6215027685354326,0.266980194870208,0.35085920765378387,0.3288293989255915
0600-4.tif,0.3010921296296288,0.5451583360819112,0.23968924655726742,0.31553980479307714,0.3813611959500635
0600-6.tif,0.43694697395286547,0.6282964487292272,0.4064115839771644,0.3048198621800554,0.3009369337833659
0602-1.tif,0.49595464081032425,0.5773889644974107,0.45531729799757453,0.25189770054253413,0.3900973800626863
0602-2.tif,0.24349999999999972,0.6127030346643955,0.16663850177701414,0.45395052580718204,0.31562831031617944
0602-3.tif,0.28237702113895713,0.5795006610074063,0.23650919930518546,0.4199433795556704,0.3852186300542717
0602-4.tif,0.176,0.5278375737339442,0.11366288984190752,0.43949704037643933,0.3962248062474296
0602-6.tif,0.37010847127369895,0.5914887804784055,0.3448131678586943,0.36233186571956755,0.3512406762092086
0603-1.tif,0.176,0.6117414056578034,0.09083647863350894,0.41149806775804554,0.32733091351412197
0603-2.tif,0.286831131503436,0.5214357436756913,0.2567432396309195,0.434861698322719,0.4292837309147756
0603-3.tif,0.31463399690430716,0.5997061823744636,0.2890895423733791,0.42876201011266474,0.3415909821444608
0603-4.tif,0.2724637506344764,0.42252140829178475,0.2653268903979387,0.4655408067308997,0.48903717528831636
0603-6.tif,0.3098053504218667,0.5934917876760774,0.2783514936843401,0.4239866116284022,0.3428234276407482
0604-1.tif,0.26599999999999985,0.6273713824807414,0.17961172860990282,0.3311266387398142,0.31912470520367847
0604-2.tif,0.26729606481481416,0.5658572047476863,0.19230838040053194,0.4250756880548905,0.3601763372558354
0604-3.tif,0.3259643029709435,0.6111220523245845,0.2841855932522658,0.37668253698107584,0.3315146084677042
0604-4.tif,0.3843211606018225,0.46567536214403854,0.38114808229163133,0.38538398355770187,0.4676520907560424
0604-6.tif,0.3694362114132282,0.6272527326140312,0.31606738263462514,0.3213636108802276,0.30166703090277464
0606-1.tif,0.31274741653551974,0.6078593225840454,0.2776572646045107,0.419184810317618,0.3411036136043383
0606-2.tif,0.176,0.581965577172836,0.0957743706540006,0.4925440727766914,0.3438039262425466
0606-3.tif,0.32,0.6144299991596927,0.2910024954594557,0.4227858035832686,0.32896514311512864
0606-4.tif,0.176,0.5294292882821104,0.11663648173102986,0.44052635101747883,0.38276591776612784
0606-6.tif,0.176,0.5574593108192192,0.08677261985705645,0.4814675083144638,0.3946026090877142
0607-1.tif,0.176,0.594031818968063,0.08755052529742974,0.42619367801631536,0.35230760085446583
0607-2.tif,0.31813852464706416,0.5748783350515284,0.29942099193528005,0.4343059182721576,0.35091933586991203
0607-3.tif,0.4296301407142613,0.6249049385687784,0.40457704707093944,0.3262293693035954,0.3052553222201596
0607-4.tif,0.24349999999999983,0.4787471579809528,0.19450388531224566,0.41125361548484607,0.44173315737954194
0607-6.tif,0.34536830941258667,0.5940227551479003,0.28454453536183355,0.3841484453526,0.34002524098191894
0609-1.tif,0.176,0.6196556644081963,0.09566987957638955,0.5105739476829056,0.32866428766944666
0609-2.tif,0.28889161775122246,0.5858016203153736,0.25548988784262633,0.4303827613647179,0.35189767423123347
0609-3.tif,0.176,0.5971878717835511,0.10563892951475141,0.5142107827030072,0.3464360175389593
0609-4.tif,0.176,0.5210592011377069,0.11359260692302345,0.4771541496088472,0.41315641838802936
0609-6.tif,0.3680008293908842,0.5652666851865837,0.3285836191424765,0.35102833680070383,0.3818693056910935
0612-1.tif,0.176,0.5973238054814873,0.09009692569619962,0.40866110864099714,0.3542913085146412
0612-2.tif,0.25849999999999984,0.5811345678785472,0.18147883960427705,0.37417130034577595,0.3571902857325487
0612-3.tif,0.3189303478996105,0.6472956289304208,0.28618115860061527,0.4190411703551161,0.2832582194669633
0612-4.tif,0.176,0.441072931347163,0.11724384656640816,0.47482002988946925,0.4878867006052551
0612-6.tif,0.3167070930580387,0.611548962151832,0.28701891008046787,0.42297673452259466,0.31441177722574265
0704-1.tif,0.5374999999999999,0.6005904947113259,0.5158809820374056,0.22601018906050993,0.3365719493943774
0704-2.tif,0.3886262722455966,0.5646459978948495,0.3544878767609829,0.3376722760787,0.3699561667276388
0704-3.tif,0.4774999999999998,0.5811293975937588,0.45545798167278595,0.27543268411386174,0.36360272480992306
0704-4.tif,0.4072408506394933,0.39938724307491835,0.41818084306322684,0.37355751676690185,0.5168320603345177
0704-6.tif,0.30806335601173696,0.5893092498619322,0.26714414349713095,0.414440171607489,0.3489166258323303
0705-1.tif,0.176,0.5634365578503866,0.10132712212345693,0.461566001460479,0.42591240837694544
0705-2.tif,0.176,0.513508688322929,0.09661974789765086,0.5036221192706347,0.4112946844207272
0705-3.tif,0.29025150925028687,0.44427691467583036,0.2522835578653771,0.42519273719304496,0.5094148209747932
0705-4.tif,0.176,0.4185675494074097,0.12756515644835584,0.5598802154327825,0.49672604177053126
0705-6.tif,0.176,0.5639549109611202,0.09314784063753227,0.4102685161538757,0.36245121384554435
0706-1.tif,0.3120529742942408,0.6113526257337911,0.27781308187701487,0.4209578986173292,0.3759771089252173
0706-2.tif,0.31594703485447045,0.595785053316324,0.29207641063027073,0.43003904852729985,0.3583859147233469
0706-3.tif,0.301818478496834,0.5832747813000401,0.2672869136081254,0.4247494463743195,0.4104062924395261
0706-4.tif,0.2554531150044336,0.5559684146105874,0.22422424161036317,0.4466141968506126,0.3863966091821693
0706-6.tif,0.176,0.6172056207856618,0.09568830467209824,0.5407269095831498,0.33343894162237625
0707-1.tif,0.2804533958333332,0.5701424519080907,0.18519074267652325,0.356390663663893,0.3864657753975127
0707-2.tif,0.4325794610977945,0.5360045952376135,0.39267885719313966,0.28904577884051164,0.3954950028212954
0707-3.tif,0.42294634682806526,0.5898179344880501,0.37657327664097867,0.30516813885911154,0.3587937167237184
0707-4.tif,0.4161816463367033,0.5291405069504234,0.3955555102571218,0.33796341242339695,0.38680481329612004
0707-6.tif,0.4796943664465105,0.5598768121539283,0.42578386400979096,0.22231013749534853,0.3712738281871277
0709-1.tif,0.31713563828188435,0.6153855510715636,0.28496643813483635,0.42070716918527984,0.3335466659794566
0709-2.tif,0.176,0.5986229084786359,0.10430941104441985,0.5478819876266182,0.32370424950469284
0709-3.tif,0.176,0.6271617454299172,0.09923832924912915,0.4159482254229145,0.31203836603833407
0709-4.tif,0.176,0.48499219864392684,0.11926156877740195,0.5268881684074329,0.44039451622770986
0709-6.tif,0.28379922839506133,0.5955478776153562,0.2034785860698577,0.3317653032690982,0.3477491884809867
0710-1.tif,0.176,0.6072079153030782,0.09031454343151026,0.48605717803840276,0.33816802588226547
0710-2.tif,0.3171434191803074,0.6042788029343014,0.2888971642170676,0.42442129892594277,0.32316966974460626
0710-3.tif,0.517867815986691,0.6509382097625165,0.48865318247991096,0.2497841386412194,0.2753831503862857
0710-4.tif,0.176,0.5868578743158258,0.10526161674617526,0.550587615963269,0.33015765869595953
0710-6.tif,0.2963994020061721,0.6125817411872982,0.2211093185057797,0.4029909831815994,0.31531478607445834
0717-1.tif,0.44253103774898583,0.6189021408400305,0.41008089552415705,0.30742976855241677,0.3409599488077433
0717-2.tif,0.4137685662091112,0.5776490438220078,0.3671726011032026,0.28703488515448405,0.35554376142999716
0717-3.tif,0.3535070894344087,0.6082960814427701,0.29544337139368804,0.32732500459662517,0.35790833290541385
0717-4.tif,0.40194770185347384,0.5624278206879707,0.37037252811550175,0.33314006419962006,0.39235011516514673
0717-6.tif,0.4260277291964486,0.6107787409211758,0.3732383606474133,0.2696936255291829,0.3329418669053206
0718-1.tif,0.176,0.5556249154863384,0.09500123184130702,0.46233238985010094,0.3974654927360597
0718-2.tif,0.176,0.584831939649518,0.10507587313580809,0.5470897013876768,0.33928714035828395
0718-3.tif,0.2810520895499165,0.5871072281055438,0.23867450100647775,0.4241326634279829,0.36541283870117636
0718-4.tif,0.29430022969385095,0.4535785662434036,0.2867810032398346,0.4562267391515432,0.4766774044164763
0718-6.tif,0.3948402626034654,0.6169370746710832,0.36743990072586963,0.34887029230702793,0.3099364415657386
0894-1.tif,0.4225959124634981,0.6037217339294783,0.39304454647037174,0.317599067771473,0.37164196206480565
0894-2.tif,0.40593655859627326,0.5804499937236156,0.36580479123630577,0.3046515627611045,0.3767234638272905
0894-3.tif,0.4349287421596195,0.6033461241747675,0.40596169875393195,0.3088574460791496,0.3769644549322302
0894-4.tif,0.405727919991004,0.5433784293509777,0.38164403292349725,0.3182838285183527,0.40336726631278014
0894-6.tif,0.29723957231040465,0.6293333550979802,0.21771958192447594,0.4305381073031335,0.3140642115401048
0895-1.tif,0.5009000166937063,0.6273219526191401,0.4658566150217672,0.2231377419736186,0.38006440801369623
0895-2.tif,0.5658137692966484,0.5825114140353835,0.5458876384454133,0.20157995731998352,0.3802090739380097
0895-3.tif,0.5595601466642224,0.5966309668188831,0.5288620778005709,0.20361871577478013,0.40724704969154435
0895-4.tif,0.4653085066749473,0.5917058163968048,0.43124323215051397,0.24944912104317682,0.3669648161001891
0895-6.tif,0.39511589506172756,0.6243052556075604,0.32983102104526196,0.34143474643798977,0.3245391188894642
0901-1.tif,0.41333969706909734,0.5914815548781417,0.3816626207775915,0.33333379692526544,0.39587820724956624
0901-2.tif,0.2847562499999997,0.6061997775792216,0.19933167545702524,0.3172223720213665,0.345718902322316
0901-3.tif,0.176,0.5976477543224089,0.09084810474853233,0.4616239098205255,0.38492186557401403
0901-4.tif,0.176,0.6030122960383542,0.09791636959710186,0.42671136902082174,0.3489789717950595
0901-6.tif,0.30276836419753017,0.627002127070084,0.21997041352048252,0.2921355134250215,0.3238146858564718
0907-1.tif,0.176,0.6026088582939023,0.09044979730019508,0.4827754235653688,0.34622428704550984
0907-2.tif,0.176,0.5826920577339584,0.1025184991446953,0.4231322788030534,0.3368741900231958
0907-3.tif,0.26599999999999985,0.5983780945857147,0.18912581582106613,0.3802552871060285,0.34780959643059
0907-4.tif,0.176,0.4797505303728873,0.11758148266040878,0.4387648566740055,0.4361948466947068
0907-6.tif,0.27874714506172776,0.611917716854253,0.20149754136298026,0.3253349179772299,0.317579825987511
0909-1.tif,0.41322258320530203,0.5965943185615512,0.39765210198773066,0.3424792651987993,0.350907024382196
0909-2.tif,0.43751362590400955,0.5834264078933041,0.4218056068279222,0.3174329969870179,0.34206851948768113
0909-3.tif,0.366302818256879,0.6047350863097812,0.3232238672382808,0.3211755581742218,0.35305593331422613
0909-4.tif,0.27355624999999967,0.47554754338974103,0.23005928856528607,0.360122185261222,0.45489936880023357
0909-6.tif,0.3159186440972221,0.6133943185792352,0.24009994710469196,0.3742176036012587,0.32057879915338766
0918-1.tif,0.27272502496545076,0.5887987379917584,0.23621201430851924,0.4340370741530024,0.36543745387682197
0918-2.tif,0.176,0.5969820896879223,0.10467130439755243,0.42019980128095147,0.3350624282515424
0918-3.tif,0.4727359827799432,0.545582192977305,0.46192728885406703,0.2972282692891911,0.40616067067355627
0918-4.tif,0.176,0.40883216368583664,0.12470337366091452,0.561762353988497,0.5134062200602623
0918-6.tif,0.3177501476364567,0.6025217505678866,0.283209342272988,0.4174752641121332,0.33983191151105585
0920-1.tif,0.40169451743882156,0.6159947752277686,0.35267689877126607,0.2972788730274658,0.33328448840354685
0920-2.tif,0.4148594194744906,0.6044157464725732,0.3909681355530009,0.33650078483532314,0.3309771383015224
0920-3.tif,0.4484541129974337,0.5712832188507609,0.41220764009930383,0.2872303579746157,0.39252989171116026
0920-4.tif,0.43277761635329526,0.577894541468295,0.4133296695407046,0.3247591155347627,0.36362211352666257
0920-6.tif,0.30577831632652935,0.5990206886935692,0.22584081970449235,0.3742934930086082,0.3448963868963173
0921-1.tif,0.176,0.5853116295832685,0.09728813830590662,0.494516214155066,0.362569620478488
0921-2.tif,0.176,0.5721578239619213,0.10474277548998837,0.43082474272765386,0.35284094313808806
0921-3.tif,0.43999999999999984,0.6210851985834727,0.4209352091147567,0.31637440315202986,0.3145850214893945
0921-4.tif,0.176,0.5025684437423673,0.11897354736347265,0.546323966392299,0.4144343936338342
0921-6.tif,0.2660520061728389,0.5574311156451887,0.1874744625595963,0.3639826129537764,0.39378728217519826
0922-1.tif,0.3620348557582995,0.6407566575789405,0.3102712752710964,0.3762931486404655,0.2893080230077694
0922-2.tif,0.4171795350241339,0.614030259104646,0.37391271340397636,0.29484930867492426,0.3123740740402599
0922-3.tif,0.3598969121827053,0.5944102067577676,0.31515252695638274,0.33574587240155457,0.3448727034546823
0922-4.tif,0.42576814836630633,0.4724728223456308,0.42801968463385154,0.357327769083638,0.4430457829142304
0922-6.tif,0.3631009629603883,0.6509154128936886,0.308271369791991,0.31748972336784687,0.26840892694578145
0923-1.tif,0.39011502510033313,0.6090392815548327,0.34527561034575943,0.3166754584790731,0.3566118604057444
0923-2.tif,0.4598154415072175,0.5738412606463813,0.43167247173848444,0.283296650205056,0.37374943720823134
0923-3.tif,0.4565800315190266,0.580905450210071,0.4181474316749093,0.26979230763295337,0.3955356645505418
0923-4.tif,0.34384160997732366,0.602250258656098,0.2739190400594043,0.2710178622955577,0.33805426726987137
0923-6.tif,0.424057228164483,0.6355336100379055,0.36678556568378734,0.2578759354828765,0.3021870998687872
0925-1.tif,0.3195164599700271,0.6191574508904647,0.2905129226155605,0.4230077151612223,0.3196230337718043
0925-2.tif,0.40589485612605647,0.5935049963360083,0.3625914250824894,0.3357540645160594,0.33090072990692515
0925-3.tif,0.34516150240025023,0.622180618991514,0.29100480686397073,0.39721001769011427,0.3138361343126732
0925-4.tif,0.3736627513293541,0.5230198147234819,0.3500967734956642,0.3584065464123528,0.3953384203713098
0925-6.tif,0.44850291958554833,0.6054153472372081,0.40928615583972494,0.2564624098716591,0.3232506936534204
0926-1.tif,0.3186081834458969,0.6390250260787941,0.28570943342880656,0.4191730213745915,0.29686121421369277
0926-2.tif,0.25849999999999973,0.5392117692124875,0.20073556733478934,0.36198572621291314,0.38061153353800703
0926-3.tif,0.2609958513840599,0.6166320800222691,0.21521356892255294,0.4285339669856134,0.31833215816088245
0926-4.tif,0.310023051979206,0.47403797577021783,0.30694582059732817,0.4545594086427239,0.44613378594930014
0926-6.tif,0.176,0.58903037709425,0.08694597723683543,0.4753265436609372,0.35058562337371235
0927-1.tif,0.3080292011019278,0.6201170680314532,0.21899468017250318,0.4167535404474634,0.3116430028156575
0927-2.tif,0.3753652777777776,0.5901447328205102,0.296419712766091,0.2552879571685988,0.3405975464733071
0927-3.tif,0.3958845946712016,0.6382127910449359,0.3172448532336364,0.3523711892621115,0.2935341857677294
0927-4.tif,0.35859809027777767,0.5832305135592187,0.285929678618975,0.2483937988939106,0.3381390143385145
0927-6.tif,0.49826865814202326,0.6029065584444854,0.4659358126078728,0.2511818877283615,0.3290489489419183
0928-1.tif,0.31477561353071776,0.5995234087881889,0.2828840523245202,0.42202142884087424,0.35778592139804194
0928-2.tif,0.4311917685246308,0.6216266736430357,0.4099119589831493,0.3227378452012387,0.30973017196701186
0928-3.tif,0.4655417771425368,0.6112339887969458,0.4406524725050982,0.29059589581516126,0.3399717938417264
0928-4.tif,0.39349999999999985,0.5544394653696104,0.3408305207507228,0.2392536182008865,0.37287850719199694
0928-6.tif,0.2935101747847635,0.5828074887216965,0.25289259684144794,0.4209114755815525,0.3662364343075824
0932-1.tif,0.2809999999999997,0.5744473999802925,0.20722679462620472,0.3307212421744075,0.3666622549559107
0932-2.tif,0.3944097974414689,0.5409074763376281,0.363545513367129,0.34167207566443736,0.41292566043574735
0932-3.tif,0.26605625,0.5658546222088151,0.19674945574428343,0.40118177126088767,0.3811650234753423
0932-4.tif,0.25475069444444426,0.47984726303109937,0.2037407779018199,0.447254009285128,0.4427333055832451
0932-6.tif,0.176,0.6097924895272544,0.08928582320399274,0.4089125690865704,0.3209734975325527
0934-1.tif,0.38740562174637255,0.6268682647924451,0.33808963341709,0.3181083937479462,0.322577922548034
0934-2.tif,0.3109999999999997,0.5585829877675422,0.24713656218600882,0.32403639984156785,0.36790830176864386
0934-3.tif,0.449609993687606,0.6161002014081948,0.4272031251464832,0.3066060419352254,0.318458018068839
0934-4.tif,0.29956267413654514,0.534012609072845,0.27690128726134816,0.43756037461450675,0.39221331622891165
0934-6.tif,0.39022205572409757,0.6083529696645074,0.3513681826840367,0.30787278608713636,0.32184684861591284
0935-1.tif,0.45499999999999974,0.624275981139998,0.42901294059151446,0.29243414673305324,0.3299552049038309
0935-2.tif,0.41593656640537735,0.5706372947298152,0.38811561534309713,0.3251066611827232,0.3707230431845342
0935-3.tif,0.3690793224556449,0.6456579047687248,0.3159832688395754,0.3677839199593934,0.30097648750550915
0935-4.tif,0.3182514259193945,0.6034893457119123,0.30152605202498467,0.4366342199943293,0.3216871979705598
0935-6.tif,0.46153933486045895,0.604824780401298,0.42300420331088445,0.2409963736469811,0.33329267042455396
0936-1.tif,0.3102655385698908,0.6074598600016431,0.27590757088344586,0.4211452011742302,0.34844234929449064
0936-2.tif,0.26475181517070523,0.5786729249426311,0.2213051706692034,0.4293415477964259,0.35848568050323665
0936-3.tif,0.25099999999999983,0.6144424696695132,0.16695224555752844,0.4078385728236774,0.33472072621656196
0936-4.tif,0.176,0.544782732809666,0.10679067145327363,0.46271945045348645,0.39416006715928387
0936-6.tif,0.29867098765432,0.5733906880088474,0.22898749847386632,0.3354054038295739,0.3760085793906886
0937-1.tif,0.28849999999999987,0.6425236970199566,0.21276340840003294,0.31115894200348015,0.2865740706254075
0937-2.tif,0.176,0.6079215757473353,0.10019362986800798,0.5222757698617444,0.31606871045230595
0937-3.tif,0.3148585069444444,0.5835534120411232,0.23972672508886594,0.32351444815751873,0.36657199111544986
0937-4.tif,0.176,0.5766659769042365,0.10387337339210481,0.5655634940587838,0.3521302288110425
0937-6.tif,0.3789411127834632,0.617969464558034,0.32537236629786787,0.31602840922101905,0.31352066106308585
0938-1.tif,0.176,0.5905164099008045,0.09157507642775509,0.43958178762701705,0.36888269829778947
0938-2.tif,0.26599999999999985,0.6097159421338019,0.19388663772670786,0.32950757218717974,0.3203236867232596
0938-3.tif,0.3900228901160218,0.5760622409947251,0.3522392243172554,0.32723357806430114,0.38377460776477507
0938-4.tif,0.176,0.5735461015527115,0.10719306914109603,0.5093453391600822,0.35413867402585947
0938-6.tif,0.27110848765432,0.6324399085530534,0.1906512327484801,0.4476498792002665,0.29688858080349056
0939-1.tif,0.315435465252748,0.6074727966902077,0.29191670148147814,0.4305907588408338,0.33372460689466515
0939-2.tif,0.2876707383186353,0.5155237762587884,0.255528883973761,0.43226841587775805,0.43834538971433645
0939-3.tif,0.266,0.5795719682017787,0.20043607623928011,0.3403065092532876,0.37033696308360164
0939-4.tif,0.176,0.4331647244663602,0.13352267270806265,0.4548228554565884,0.4814321497839188
0939-6.tif,0.4030721799381321,0.5767920442124075,0.3745536901139062,0.32731418481178226,0.37764273156750283
0941-1.tif,0.30221275252525154,0.6187042548782247,0.22022044325369128,0.2945806274248904,0.3240147716833122
0941-2.tif,0.3424884330782033,0.6189793457738355,0.29000945391938976,0.3462057899347164,0.3033975350221511
0941-3.tif,0.4725089682921365,0.6264090195977795,0.44778643857596495,0.284879781784217,0.3096072452619701
0941-4.tif,0.4421127523968738,0.5713349268735084,0.43449012220439087,0.3287179997871217,0.3409144115739874
0941-6.tif,0.4806193095250352,0.5971172985596518,0.4436347841012311,0.26462792663330903,0.33943405640408314
0944-1.tif,0.543235768513249,0.5740602229855889,0.48836774301708874,0.2216566450634436,0.3633585579808918
0944-2.tif,0.2935720871913571,0.6115114465028033,0.21155841719300372,0.3018441003612312,0.31138823343629407
0944-3.tif,0.2970281141493054,0.6230841552732006,0.2125250666381136,0.30094599878682987,0.31129975532159404
0944-4.tif,0.427047838732578,0.5626728915090385,0.4066267125008022,0.32484597768538626,0.36603073137260383
0944-6.tif,0.3338717630853994,0.5961797551928203,0.2529817198790102,0.2994909352958059,0.3376942123668328
0945-1.tif,0.4537474230362001,0.6312698292877564,0.40317701324401684,0.2546433099522288,0.2964159291282444
0945-2.tif,0.4749002283160898,0.575516628002771,0.43123790167797893,0.25640700070746264,0.3601840913926697
0945-3.tif,0.5688376469021741,0.6115629087663709,0.5486805931317025,0.20488751697865018,0.322181488313687
0945-4.tif,0.4308244020061725,0.6013658641758151,0.3384879330896325,0.1906028197521122,0.3173971802953051
0945-6.tif,0.40722805555555536,0.6222954872559654,0.3256796313319642,0.20375783089434463,0.3000756401421262
0946-1.tif,0.3935372159723487,0.616123446415463,0.3412472516105458,0.3021123982899462,0.33128646928371525
0946-2.tif,0.36987656249999973,0.5628968759308935,0.30103149771276383,0.266377091434164,0.37795454647504634
0946-3.tif,0.3140107222222222,0.6242428952136357,0.2277449429957308,0.3749037094833875,0.3194569053091275
0946-4.tif,0.40105914617426497,0.5620005045590946,0.37853730746453995,0.3485234358853329,0.377293753691352
0946-6.tif,0.3938972099296172,0.6229811689024084,0.34907110770201133,0.31522128714834474,0.30939617330937647
0948-1.tif,0.2754088541666665,0.6123249795816144,0.20265364297158378,0.4158903806114309,0.3322251249605118
0948-2.tif,0.41147129223072865,0.6140384967192551,0.37297796484927537,0.2958193727770691,0.313493505806735
0948-3.tif,0.4134230622857966,0.5522707440415185,0.3793324021947058,0.30650661859123846,0.3837012872494645
0948-4.tif,0.315613079017931,0.46663525204299544,0.31475736727911524,0.4546211412874363,0.4446806337404222
0948-6.tif,0.4347717479246061,0.6270498276547996,0.40775154570646827,0.3086619323189633,0.29750690774831806
0950-1.tif,0.176,0.6393890083891063,0.09206056869800003,0.4080027018798309,0.2971936281159137
0950-2.tif,0.176,0.5628979744822501,0.10118844061008614,0.4498933030211101,0.3786471510636555
0950-3.tif,0.44713356945143773,0.6207988434600974,0.4215650599320262,0.29579750636219704,0.32465473552886054
0950-4.tif,0.176,0.5610395172062597,0.10679913332459211,0.5072966598619614,0.37001266236516706
0950-6.tif,0.4371678705190944,0.6034849673918109,0.3982515825210585,0.2697887982394358,0.3336835185580681
0952-1.tif,0.42300938131074917,0.6179451859161631,0.368661865704345,0.2751860483071535,0.3849416089395788
0952-2.tif,0.35853289073774575,0.5687703476244466,0.3254984913122215,0.35791324802370783,0.39307670000557254
0952-3.tif,0.2692047052586254,0.5982488479315778,0.22147955336135522,0.4237844962755639,0.4047709841399475
0952-4.tif,0.176,0.556108654413545,0.10918476984729106,0.43083566958837316,0.40299209871385355
0952-6.tif,0.31917630639217687,0.6163593997828396,0.2863413785702408,0.41898999417222255,0.33979100694814796
0953-1.tif,0.316689466831513,0.6275295364164705,0.2839731155171983,0.4200059318805829,0.30644921946829906
0953-2.tif,0.176,0.5951194953284061,0.09758426142395399,0.4983027604790219,0.32994699043131903
0953-3.tif,0.30281311199729366,0.5976825440530456,0.2637155223124867,0.41866405914476296,0.34511961941853636
0953-4.tif,0.30519340574732395,0.5248728923312019,0.28992206321766717,0.44323695853043504,0.3989267004434
0953-6.tif,0.176,0.6002378221739508,0.08890058171175572,0.42164795057905274,0.32720269836896915
0956-1.tif,0.386306502140527,0.6012921381154556,0.34140974219278153,0.32368135128016523,0.3756967716124758
0956-2.tif,0.37435719105678156,0.5959134303838801,0.3270954131837985,0.32229477081870955,0.3547019539327512
0956-3.tif,0.3658438125868546,0.6410297562664622,0.30401405637797096,0.37027689895630417,0.3231900496202669
0956-4.tif,0.45210270093542365,0.6164336133815481,0.42786580231882265,0.3098697719780693,0.3252600918149553
0956-6.tif,0.3374440381462187,0.6025815935580789,0.257668747702309,0.34899906019788934,0.3557360612705737
0957-1.tif,0.27727200520833317,0.5955910024961331,0.20360086097251573,0.4610286004822578,0.3518276143229397
0957-2.tif,0.3716506682657895,0.5999607706830864,0.33431840153659914,0.33800977047739167,0.34216235464354205
0957-3.tif,0.3087190000000001,0.6095859877123012,0.23291773679759548,0.2931406287896666,0.35413959734704836
0957-4.tif,0.41444842396234666,0.5867047620484414,0.39878854721917384,0.3449761975714355,0.3498611890521874
0957-6.tif,0.30265806206597207,0.61192137830897,0.2282120110329367,0.3008610211164098,0.3285878103861548
0960-1.tif,0.2855390555555552,0.5393658745083818,0.21867332581289714,0.32428351878191797,0.3995772419102118
0960-2.tif,0.3112718431122437,0.6041690738046661,0.24008293473555922,0.2932896084797167,0.3266939850128036
0960-3.tif,0.3369442129629625,0.5183932619786668,0.2768957919770964,0.3534980192147252,0.4193141786483065
0960-4.tif,0.41706264736117,0.40032706551160785,0.43632415978635075,0.36223724855485157,0.5188980980693253
0960-6.tif,0.2949796485260761,0.6170255319406104,0.21333762162079503,0.38329471523169634,0.3138091043025443
0962-1.tif,0.270225350474959,0.599220949923311,0.22340434722967745,0.42352658043203006,0.33910064570300025
0962-2.tif,0.3178807545780936,0.5521325723598535,0.30584212947444744,0.4415838962118533,0.3570521078916766
0962-3.tif,0.2959999999999998,0.5927054753742212,0.2143086039794287,0.3885624786852825,0.3387643561625688
0962-4.tif,0.31915306079513867,0.4395181795629439,0.32631742805690267,0.4618573111464513,0.4577145902733217
0962-6.tif,0.2885,0.5311904964988936,0.21704080066954362,0.3342207985236178,0.3879733200590228
0963-1.tif,0.2885,0.6418953160610238,0.2034892331102417,0.4385861595305913,0.2964603415826472
0963-2.tif,0.3527912915535459,0.6007990009213997,0.3011257216390429,0.3838002322945595,0.3174247428495613
0963-3.tif,0.2710020061728393,0.6104616065476663,0.19332622097884353,0.4059436952591102,0.33505562717655774
0963-4.tif,0.314767361111111,0.47072706125030633,0.2672190911991791,0.37953267045906086,0.4512043419590849
0963-6.tif,0.42113590709206966,0.5868725312342428,0.39816754903000695,0.31913677227360543,0.3545416911921855
0964-1.tif,0.176,0.6161362477410111,0.09414111093868889,0.5530160095438631,0.3283274225638794
0964-2.tif,0.31600809909271216,0.5875606196504513,0.2899756374116696,0.4273618141058558,0.341061786485638
0964-3.tif,0.24189697178818678,0.6304231360810408,0.19059612029726425,0.4904380363419359,0.30684263504186343
0964-4.tif,0.2983851719970355,0.46715613056977445,0.28258381501657276,0.4455673045053575,0.46365714657138596
0964-6.tif,0.4462303888888886,0.6318437008801273,0.41338424512430183,0.3024372958420168,0.29333275665117864
0965-1.tif,0.176,0.5972806349233528,0.09169787474529459,0.44386574779872895,0.4486895251387555
0965-2.tif,0.3149168402777778,0.5344569781510898,0.24508561795915,0.3473590564512325,0.46490010865776105
0965-3.tif,0.43235571344252427,0.6305184369193951,0.4043872542013629,0.31741202542984576,0.3871260047925895
0965-4.tif,0.3174061154087674,0.4891823596189936,0.3183546471672012,0.4565412038038022,0.47249675594391427
0965-6.tif,0.26975069444444444,0.5748375607901756,0.19263706925592677,0.3587316595257745,0.41977982913084216
0966-1.tif,0.40525821116771543,0.6389080601929783,0.34794226933037614,0.2782783368964369,0.3037395414722799
0966-2.tif,0.46780271457960626,0.6362516380044647,0.43642711494279995,0.27930328146012906,0.2904505991321891
0966-3.tif,0.4180210419260777,0.6318775527178316,0.354778134100295,0.3198172082990641,0.3078514194350115
0966-4.tif,0.2922585069444441,0.5857326164818147,0.2138328986445304,0.3423846507945498,0.35564227492207096
0966-6.tif,0.37109986805555545,0.5849797440130045,0.30021769342228166,0.3187627151871603,0.3542168260676331
0968-1.tif,0.3490707713396656,0.6079928878457305,0.30223321501990996,0.35110309273441387,0.37215559131562137
0968-2.tif,0.26319764539930557,0.6064052887443978,0.18388759690881362,0.3393721200407274,0.34113372882315074
0968-3.tif,0.4065675684477562,0.5981570230658381,0.37117700196319126,0.3290670815720457,0.38778825655232785
0968-4.tif,0.2760412722908083,0.5734293161878099,0.2041007047360674,0.34544411396932323,0.3746726583041001
0968-6.tif,0.27353797367969773,0.6116624942879573,0.1887352065443058,0.42050373640351824,0.3402594424781806
0972-1.tif,0.3177953507066926,0.6163067840954548,0.28544344086429757,0.420560376639321,0.36565484046921537
0972-2.tif,0.4075441358881593,0.5619015076862535,0.3907429892130273,0.34546392199769743,0.40176373826600625
0972-3.tif,0.26226701388888884,0.6096148766508499,0.17967127004317063,0.34615434042089,0.3857621720877551
0972-4.tif,0.40042082365665077,0.5667872675268397,0.38896250067990107,0.3675462865028491,0.38183799968777493
0972-6.tif,0.45281840825361985,0.6220703887230274,0.43316290814928615,0.30474398648824624,0.33328314708378093
0976-1.tif,0.42950338729353515,0.6326343162451694,0.4045237914389284,0.32386954768767656,0.3321171243816307
0976-2.tif,0.45338554234090145,0.5963302100498609,0.42837601808950077,0.30122319514602086,0.35126573157278795
0976-3.tif,0.37129381912411763,0.6142375474437228,0.3245245639809366,0.3280023493448951,0.3545939117597366
0976-4.tif,0.176,0.5806271117813524,0.10311096336050832,0.4831735024380449,0.3590937968927829
0976-6.tif,0.4038159299243641,0.5947056355021691,0.36407616962681527,0.30821600866970933,0.3527308601271651
0992-1.tif,0.5088998116065275,0.5748645424171934,0.4642963850849251,0.2293021762026742,0.3711766226200238
0992-2.tif,0.32949378706120497,0.4611399017567728,0.31130576577601604,0.3851970710863953,0.4485577616136111
0992-3.tif,0.176,0.49413382097619063,0.1358669067668541,0.5977213494599373,0.4243236195493426
0992-4.tif,0.176,0.49329261154019716,0.14247141779531633,0.46140570534994935,0.4049060859209889
0992-6.tif,0.176,0.5827966916363123,0.10537541912771074,0.49504976039021337,0.34429603173497536
1101-1.tif,0.42596926773488936,0.6100078250409212,0.3995121733881278,0.3270596276459271,0.39685758380912284
1101-2.tif,0.176,0.591251321531291,0.10779983962829043,0.5557024862567671,0.3519971626140559
1101-3.tif,0.4832945734918666,0.6271758502391597,0.428842599646307,0.22976896800960692,0.36362245066438104
1101-4.tif,0.33625246913580165,0.5546587818652504,0.2744357445026418,0.37065290618815344,0.4012372200705767
1101-6.tif,0.3479694444444433,0.6094907754084123,0.27205642513505374,0.3552578476803605,0.3481285448074492
1105-1.tif,0.41540010562567997,0.605361814765049,0.3829420170773421,0.3227173004053371,0.3729434763002796
1105-2.tif,0.4418175739426046,0.5922989253331866,0.41972983227640004,0.29854112658759696,0.3571639058844814
1105-3.tif,0.44215890858190204,0.5876276090696273,0.4019561274196736,0.277740203704097,0.40149222573662985
1105-4.tif,0.176,0.5887223408778737,0.10335282020365186,0.4209409376380892,0.35969125635394283
1105-6.tif,0.43950033651272236,0.6073186678683121,0.39217774070062655,0.26737692769128024,0.3496794514806823
1117-1.tif,0.27565293511275873,0.6023550978275118,0.23358955022370975,0.42682325743446115,0.34968272927172483
1117-2.tif,0.2577659111806328,0.5958177496033551,0.2146087817994236,0.4325087286156202,0.3287596240492799
1117-3.tif,0.25849999999999984,0.6002141350735857,0.18701078406067775,0.42737837123856653,0.3493148417677881
1117-4.tif,0.43999999999999984,0.4846386973551362,0.4379888056760973,0.34743374951028844,0.42840626472720666
1117-6.tif,0.176,0.6142810550770209,0.09390232527211537,0.412381912311612,0.31236449075181594
1120-1.tif,0.31730763852153765,0.6082133502701149,0.28587471391968694,0.4216699807484947,0.3618573613532629
1120-2.tif,0.176,0.5687317961329983,0.10535558994193339,0.5197970499101632,0.37169398120595354
1120-3.tif,0.4033277146959305,0.6022058901797751,0.35855570040935925,0.3121868138521366,0.3759205441349069
1120-4.tif,0.176,0.5806540755044414,0.10383863768437858,0.5205556037530916,0.3610229656148448
1120-6.tif,0.44554713461819784,0.6085209911581507,0.4194965701291634,0.3183022236435433,0.33646867685548715
1121-1.tif,0.32183333333333314,0.6319179708229078,0.2421013735024913,0.2843150816692745,0.31829481514037233
1121-2.tif,0.29381404320987586,0.5764372953921163,0.2156352056693604,0.31907452784023016,0.3621000704941842
1121-3.tif,0.4339770880045463,0.617468441232787,0.411187056192524,0.3171782820532901,0.33545837906847975
1121-4.tif,0.2849168402777775,0.5404545045603978,0.22681760734646828,0.33802854300680113,0.38235740104198096
1121-6.tif,0.46929088690148973,0.5901217956178286,0.4617172452203817,0.3056159481441026,0.3404795664105889
1122-1.tif,0.176,0.5984603308966915,0.0909908995386384,0.4251393218742582,0.35863129055756104
1122-2.tif,0.31239954621356014,0.545218302644994,0.29281190046699296,0.4357827373969496,0.3943335786675373
1122-3.tif,0.176,0.6292582666498104,0.08780335412863549,0.5291387942047062,0.3148390046213434
1122-4.tif,0.3183472206626382,0.48867617018118314,0.31625072982069447,0.45230227724615196,0.42628638799471186
1122-6.tif,0.266,0.5877837614227046,0.1974570535807906,0.34054975880818994,0.3365196902626609
1124-1.tif,0.31633092458971546,0.6222230632024198,0.27824139804739395,0.4143720003569084,0.31688688671962434
1124-2.tif,0.3222543402777775,0.5916367847333655,0.25766804105505825,0.40449139429466485,0.32971143640672856
1124-3.tif,0.29996267361111095,0.5956776337028693,0.22786587655122578,0.3143088692640664,0.34085526223584245
1124-4.tif,0.176,0.3732668404946567,0.13221614582824298,0.5017834217082102,0.5507670681390602
1124-6.tif,0.35609066666666656,0.591732328436315,0.2860518930249057,0.24541480211674013,0.33585043616585497
1130-1.tif,0.2735862847222222,0.6112512644167102,0.19001457903464536,0.4101925290245746,0.3384383434094816
1130-2.tif,0.3418180555555547,0.5930948995280458,0.2716968334928506,0.33329633679510556,0.34466779292726557
1130-3.tif,0.44768913272711824,0.5852869135362995,0.4160722867174598,0.2867450064396707,0.3776746595354242
1130-4.tif,0.176,0.5797795145042116,0.09431001300747563,0.5108974550907528,0.35160198623550515
1130-6.tif,0.4535411856321718,0.6201612221660294,0.409377126198072,0.2587703440258851,0.3106878656045283
1133-1.tif,0.40674202243082186,0.6227822149373383,0.3605048355517507,0.29958758248339673,0.3440421061081358
1133-2.tif,0.39313533279372886,0.5165746877802045,0.3695088432721972,0.3299395090346763,0.41252077527547926
1133-3.tif,0.3299161024305555,0.5897084099306578,0.2437703704701375,0.3293457428463467,0.37968908170803833
1133-4.tif,0.2659999999999997,0.5827852417464396,0.19406896942455715,0.42454609549365585,0.3522308020704674
1133-6.tif,0.3092365885416663,0.6053836477451503,0.22836402438944692,0.30312870464875297,0.3377534746575112
1139-1.tif,0.3709999999999999,0.6282783289886482,0.29439257840996913,0.362504288496418,0.3330126155952483
1139-2.tif,0.3707712085031162,0.629823494606141,0.32132124728924333,0.3254439358038554,0.3002635164557132
1139-3.tif,0.49602842564153704,0.6100504405006746,0.4549672712657903,0.23594550890179966,0.34698950885108176
1139-4.tif,0.4331986568542074,0.580052646768013,0.39780569119408904,0.29105576107313674,0.3560776448798067
1139-6.tif,0.30351712962962873,0.606568378090081,0.22083757452528385,0.38750191689057806,0.3358470827935947
